sequence	batch	scene	relative_path	verb_key	binyan	tense	row	pronoun	text
1	1	1	conjugations/katav/past-01.mp3	katav	Paal	past	1	אני	כָּתַבְתִּי
2	1	2	conjugations/katav/past-02.mp3	katav	Paal	past	2	אתה	כָּתַבְתָּ
3	1	3	conjugations/katav/past-03.mp3	katav	Paal	past	3	את	כָּתַבְתְּ
4	1	4	conjugations/katav/past-04.mp3	katav	Paal	past	4	הוא	כָּתַב
5	1	5	conjugations/katav/past-05.mp3	katav	Paal	past	5	היא	כָּתְבָה
6	1	6	conjugations/katav/past-06.mp3	katav	Paal	past	6	אנחנו	כָּתַבְנוּ
7	1	7	conjugations/katav/past-07.mp3	katav	Paal	past	7	אתם	כְּתַבְתֶּם
8	1	8	conjugations/katav/past-08.mp3	katav	Paal	past	8	אתן	כְּתַבְתֶּן
9	1	9	conjugations/katav/past-09.mp3	katav	Paal	past	9	הם	כָּתְבוּ
10	1	10	conjugations/katav/past-10.mp3	katav	Paal	past	10	הן	כָּתְבוּ
11	1	11	conjugations/katav/present-01.mp3	katav	Paal	present	1	אני	כּוֹתֵב
12	1	12	conjugations/katav/present-02.mp3	katav	Paal	present	2	אני	כּוֹתֶבֶת
13	1	13	conjugations/katav/present-03.mp3	katav	Paal	present	3	אתה	כּוֹתֵב
14	1	14	conjugations/katav/present-04.mp3	katav	Paal	present	4	את	כּוֹתֶבֶת
15	1	15	conjugations/katav/present-05.mp3	katav	Paal	present	5	הוא	כּוֹתֵב
16	1	16	conjugations/katav/present-06.mp3	katav	Paal	present	6	היא	כּוֹתֶבֶת
17	1	17	conjugations/katav/present-07.mp3	katav	Paal	present	7	אנחנו	כּוֹתְבִים
18	1	18	conjugations/katav/present-08.mp3	katav	Paal	present	8	אנחנו	כּוֹתְבוֹת
19	1	19	conjugations/katav/present-09.mp3	katav	Paal	present	9	אתם	כּוֹתְבִים
20	1	20	conjugations/katav/present-10.mp3	katav	Paal	present	10	אתן	כּוֹתְבוֹת
21	1	21	conjugations/katav/present-11.mp3	katav	Paal	present	11	הם	כּוֹתְבִים
22	1	22	conjugations/katav/present-12.mp3	katav	Paal	present	12	הן	כּוֹתְבוֹת
23	1	23	conjugations/katav/future-01.mp3	katav	Paal	future	1	אני	אֶכְתּוֹב
24	1	24	conjugations/katav/future-02.mp3	katav	Paal	future	2	אתה	תִּכְתּוֹב
25	1	25	conjugations/katav/future-03.mp3	katav	Paal	future	3	את	תִּכְתְּבִי
26	1	26	conjugations/katav/future-04.mp3	katav	Paal	future	4	הוא	יִכְתּוֹב
27	1	27	conjugations/katav/future-05.mp3	katav	Paal	future	5	היא	תִּכְתּוֹב
28	1	28	conjugations/katav/future-06.mp3	katav	Paal	future	6	אנחנו	נִכְתּוֹב
29	1	29	conjugations/katav/future-07.mp3	katav	Paal	future	7	אתם	תִּכְתְּבוּ
30	1	30	conjugations/katav/future-08.mp3	katav	Paal	future	8	אתן	תִּכְתְּבוּ
31	1	31	conjugations/katav/future-09.mp3	katav	Paal	future	9	הם	יִכְתְּבוּ
32	1	32	conjugations/katav/future-10.mp3	katav	Paal	future	10	הן	יִכְתְּבוּ
33	1	33	conjugations/katav/imperative-01.mp3	katav	Paal	imperative	1	אתה	כְּתוֹב
34	1	34	conjugations/katav/imperative-02.mp3	katav	Paal	imperative	2	את	כִּתְבִי
35	1	35	conjugations/katav/imperative-03.mp3	katav	Paal	imperative	3	אתם	כִּתְבוּ
36	1	36	conjugations/katav/imperative-04.mp3	katav	Paal	imperative	4	אתן	כְּתֹבְנָה
37	1	37	conjugations/katav/infinitive-01.mp3	katav	Paal	infinitive	1		לִכְתּוֹב
38	1	38	conjugations/lamad/past-01.mp3	lamad	Paal	past	1	אני	לָמַדְתִּי
39	1	39	conjugations/lamad/past-02.mp3	lamad	Paal	past	2	אתה	לָמַדְתָּ
40	1	40	conjugations/lamad/past-03.mp3	lamad	Paal	past	3	את	לָמַדְתְּ
41	1	41	conjugations/lamad/past-04.mp3	lamad	Paal	past	4	הוא	לָמַד
42	1	42	conjugations/lamad/past-05.mp3	lamad	Paal	past	5	היא	לָמְדָה
43	1	43	conjugations/lamad/past-06.mp3	lamad	Paal	past	6	אנחנו	לָמַדְנוּ
44	1	44	conjugations/lamad/past-07.mp3	lamad	Paal	past	7	אתם	לְמַדְתֶּם
45	1	45	conjugations/lamad/past-08.mp3	lamad	Paal	past	8	אתן	לְמַדְתֶּן
46	1	46	conjugations/lamad/past-09.mp3	lamad	Paal	past	9	הם	לָמְדוּ
47	1	47	conjugations/lamad/past-10.mp3	lamad	Paal	past	10	הן	לָמְדוּ
48	1	48	conjugations/lamad/present-01.mp3	lamad	Paal	present	1	אני	לוֹמֵד
49	1	49	conjugations/lamad/present-02.mp3	lamad	Paal	present	2	אני	לוֹמֶדֶת
50	1	50	conjugations/lamad/present-03.mp3	lamad	Paal	present	3	אתה	לוֹמֵד
51	1	51	conjugations/lamad/present-04.mp3	lamad	Paal	present	4	את	לוֹמֶדֶת
52	1	52	conjugations/lamad/present-05.mp3	lamad	Paal	present	5	הוא	לוֹמֵד
53	1	53	conjugations/lamad/present-06.mp3	lamad	Paal	present	6	היא	לוֹמֶדֶת
54	1	54	conjugations/lamad/present-07.mp3	lamad	Paal	present	7	אנחנו	לוֹמְדִים
55	1	55	conjugations/lamad/present-08.mp3	lamad	Paal	present	8	אנחנו	לוֹמְדוֹת
56	1	56	conjugations/lamad/present-09.mp3	lamad	Paal	present	9	אתם	לוֹמְדִים
57	1	57	conjugations/lamad/present-10.mp3	lamad	Paal	present	10	אתן	לוֹמְדוֹת
58	1	58	conjugations/lamad/present-11.mp3	lamad	Paal	present	11	הם	לוֹמְדִים
59	1	59	conjugations/lamad/present-12.mp3	lamad	Paal	present	12	הן	לוֹמְדוֹת
60	1	60	conjugations/lamad/future-01.mp3	lamad	Paal	future	1	אני	אֶלְמַד
61	1	61	conjugations/lamad/future-02.mp3	lamad	Paal	future	2	אתה	תִּלְמַד
62	1	62	conjugations/lamad/future-03.mp3	lamad	Paal	future	3	את	תִּלְמְדִי
63	1	63	conjugations/lamad/future-04.mp3	lamad	Paal	future	4	הוא	יִלְמַד
64	1	64	conjugations/lamad/future-05.mp3	lamad	Paal	future	5	היא	תִּלְמַד
65	1	65	conjugations/lamad/future-06.mp3	lamad	Paal	future	6	אנחנו	נִלְמַד
66	1	66	conjugations/lamad/future-07.mp3	lamad	Paal	future	7	אתם	תִּלְמְדוּ
67	1	67	conjugations/lamad/future-08.mp3	lamad	Paal	future	8	אתן	תִּלְמְדוּ
68	1	68	conjugations/lamad/future-09.mp3	lamad	Paal	future	9	הם	יִלְמְדוּ
69	1	69	conjugations/lamad/future-10.mp3	lamad	Paal	future	10	הן	יִלְמְדוּ
70	1	70	conjugations/lamad/imperative-01.mp3	lamad	Paal	imperative	1	אתה	לְמַד
71	1	71	conjugations/lamad/imperative-02.mp3	lamad	Paal	imperative	2	את	לִמְדִי
72	1	72	conjugations/lamad/imperative-03.mp3	lamad	Paal	imperative	3	אתם	לִמְדוּ
73	1	73	conjugations/lamad/imperative-04.mp3	lamad	Paal	imperative	4	אתן	לִמְדוּ
74	1	74	conjugations/lamad/infinitive-01.mp3	lamad	Paal	infinitive	1		לִלְמוֹד
75	1	75	conjugations/kara/past-01.mp3	kara	Paal	past	1	אני	קָרָאתִּי
76	1	76	conjugations/kara/past-02.mp3	kara	Paal	past	2	אתה	קָרָאתָּ
77	1	77	conjugations/kara/past-03.mp3	kara	Paal	past	3	את	קָרָאת
78	1	78	conjugations/kara/past-04.mp3	kara	Paal	past	4	הוא	קָרָא
79	1	79	conjugations/kara/past-05.mp3	kara	Paal	past	5	היא	קָרְאָה
80	1	80	conjugations/kara/past-06.mp3	kara	Paal	past	6	אנחנו	קָרָאנוּ
81	1	81	conjugations/kara/past-07.mp3	kara	Paal	past	7	אתם	קְרָאתֶם
82	1	82	conjugations/kara/past-08.mp3	kara	Paal	past	8	אתן	קְרָאתֶן
83	1	83	conjugations/kara/past-09.mp3	kara	Paal	past	9	הם	קָרְאוּ
84	1	84	conjugations/kara/past-10.mp3	kara	Paal	past	10	הן	קָרְאוּ
85	1	85	conjugations/kara/present-01.mp3	kara	Paal	present	1	אני	קוֹרֵא
86	1	86	conjugations/kara/present-02.mp3	kara	Paal	present	2	אני	קוֹרֵאת
87	1	87	conjugations/kara/present-03.mp3	kara	Paal	present	3	אתה	קוֹרֵא
88	1	88	conjugations/kara/present-04.mp3	kara	Paal	present	4	את	קוֹרֵאת
89	1	89	conjugations/kara/present-05.mp3	kara	Paal	present	5	הוא	קוֹרֵא
90	1	90	conjugations/kara/present-06.mp3	kara	Paal	present	6	היא	קוֹרֵאת
91	1	91	conjugations/kara/present-07.mp3	kara	Paal	present	7	אנחנו	קוֹרְאִים
92	1	92	conjugations/kara/present-08.mp3	kara	Paal	present	8	אנחנו	קוֹרְאוֹת
93	1	93	conjugations/kara/present-09.mp3	kara	Paal	present	9	אתם	קוֹרְאִים
94	1	94	conjugations/kara/present-10.mp3	kara	Paal	present	10	אתן	קוֹרְאוֹת
95	1	95	conjugations/kara/present-11.mp3	kara	Paal	present	11	הם	קוֹרְאִים
96	1	96	conjugations/kara/present-12.mp3	kara	Paal	present	12	הן	קוֹרְאוֹת
97	1	97	conjugations/kara/future-01.mp3	kara	Paal	future	1	אני	אֶקְרָא
98	1	98	conjugations/kara/future-02.mp3	kara	Paal	future	2	אתה	תִּקְרָא
99	1	99	conjugations/kara/future-03.mp3	kara	Paal	future	3	את	תִּקְרְאִי
100	1	100	conjugations/kara/future-04.mp3	kara	Paal	future	4	הוא	יִקְרָא
101	1	101	conjugations/kara/future-05.mp3	kara	Paal	future	5	היא	תִּקְרָא
102	1	102	conjugations/kara/future-06.mp3	kara	Paal	future	6	אנחנו	נִקְרָא
103	1	103	conjugations/kara/future-07.mp3	kara	Paal	future	7	אתם	תִּקְרְאוּ
104	1	104	conjugations/kara/future-08.mp3	kara	Paal	future	8	אתן	תִּקְרְאוּ
105	1	105	conjugations/kara/future-09.mp3	kara	Paal	future	9	הם	יִקְרְאוּ
106	1	106	conjugations/kara/future-10.mp3	kara	Paal	future	10	הן	יִקְרְאוּ
107	1	107	conjugations/kara/imperative-01.mp3	kara	Paal	imperative	1	אתה	קְרָא
108	1	108	conjugations/kara/imperative-02.mp3	kara	Paal	imperative	2	את	קִרְאִי
109	1	109	conjugations/kara/imperative-03.mp3	kara	Paal	imperative	3	אתם	קִרְאוּ
110	1	110	conjugations/kara/imperative-04.mp3	kara	Paal	imperative	4	אתן	קְרֶאנָה
111	1	111	conjugations/kara/infinitive-01.mp3	kara	Paal	infinitive	1		לִקְרֹא
112	1	112	conjugations/shir/past-01.mp3	shir	Paal	past	1	אני	שַׁרְתִּי
113	1	113	conjugations/shir/past-02.mp3	shir	Paal	past	2	אתה	שַׁרְתָּ
114	1	114	conjugations/shir/past-03.mp3	shir	Paal	past	3	את	שַׁרְתְּ
115	1	115	conjugations/shir/past-04.mp3	shir	Paal	past	4	הוא	שָׁר
116	1	116	conjugations/shir/past-05.mp3	shir	Paal	past	5	היא	שָׁרָה
117	1	117	conjugations/shir/past-06.mp3	shir	Paal	past	6	אנחנו	שַׁרְנוּ
118	1	118	conjugations/shir/past-07.mp3	shir	Paal	past	7	אתם	שַׁרְתֶּם
119	1	119	conjugations/shir/past-08.mp3	shir	Paal	past	8	אתן	שַׁרְתֶּן
120	1	120	conjugations/shir/past-09.mp3	shir	Paal	past	9	הם	שָׁרוּ
121	1	121	conjugations/shir/past-10.mp3	shir	Paal	past	10	הן	שָׁרוּ
122	1	122	conjugations/shir/present-01.mp3	shir	Paal	present	1	אני	שָׁר
123	1	123	conjugations/shir/present-02.mp3	shir	Paal	present	2	אני	שָׁרָה
124	1	124	conjugations/shir/present-03.mp3	shir	Paal	present	3	אתה	שָׁר
125	1	125	conjugations/shir/present-04.mp3	shir	Paal	present	4	את	שָׁרָה
126	1	126	conjugations/shir/present-05.mp3	shir	Paal	present	5	הוא	שָׁר
127	1	127	conjugations/shir/present-06.mp3	shir	Paal	present	6	היא	שָׁרָה
128	1	128	conjugations/shir/present-07.mp3	shir	Paal	present	7	אנחנו	שָׁרִים
129	1	129	conjugations/shir/present-08.mp3	shir	Paal	present	8	אנחנו	שָׁרוֹת
130	1	130	conjugations/shir/present-09.mp3	shir	Paal	present	9	אתם	שָׁרִים
131	1	131	conjugations/shir/present-10.mp3	shir	Paal	present	10	אתן	שָׁרוֹת
132	1	132	conjugations/shir/present-11.mp3	shir	Paal	present	11	הם	שָׁרִים
133	1	133	conjugations/shir/present-12.mp3	shir	Paal	present	12	הן	שָׁרוֹת
134	1	134	conjugations/shir/future-01.mp3	shir	Paal	future	1	אני	אָשִׁיר
135	1	135	conjugations/shir/future-02.mp3	shir	Paal	future	2	אתה	תָּשִׁיר
136	1	136	conjugations/shir/future-03.mp3	shir	Paal	future	3	את	תָּשִׁירִי
137	1	137	conjugations/shir/future-04.mp3	shir	Paal	future	4	הוא	יָשִׁיר
138	1	138	conjugations/shir/future-05.mp3	shir	Paal	future	5	היא	תָּשִׁיר
139	1	139	conjugations/shir/future-06.mp3	shir	Paal	future	6	אנחנו	נָשִׁיר
140	1	140	conjugations/shir/future-07.mp3	shir	Paal	future	7	אתם	תָּשִׁירוּ
141	1	141	conjugations/shir/future-08.mp3	shir	Paal	future	8	אתן	תָּשִׁירוּ
142	1	142	conjugations/shir/future-09.mp3	shir	Paal	future	9	הם	יָשִׁירוּ
143	1	143	conjugations/shir/future-10.mp3	shir	Paal	future	10	הן	יָשִׁירוּ
144	1	144	conjugations/shir/imperative-01.mp3	shir	Paal	imperative	1	אתה	שַׁיר
145	1	145	conjugations/shir/imperative-02.mp3	shir	Paal	imperative	2	את	שִׁירִי
146	1	146	conjugations/shir/imperative-03.mp3	shir	Paal	imperative	3	אתם	שִׁירוּ
147	1	147	conjugations/shir/imperative-04.mp3	shir	Paal	imperative	4	אתן	שַׁרְנָה
148	1	148	conjugations/shir/infinitive-01.mp3	shir	Paal	infinitive	1		לָשִׁיר
149	1	149	conjugations/shamar/past-01.mp3	shamar	Paal	past	1	אני	שָׁמַרְתִּי
150	1	150	conjugations/shamar/past-02.mp3	shamar	Paal	past	2	אתה	שָׁמַרְתָּ
151	1	151	conjugations/shamar/past-03.mp3	shamar	Paal	past	3	את	שָׁמַרְתְּ
152	1	152	conjugations/shamar/past-04.mp3	shamar	Paal	past	4	הוא	שָׁמַר
153	1	153	conjugations/shamar/past-05.mp3	shamar	Paal	past	5	היא	שָׁמְרָה
154	1	154	conjugations/shamar/past-06.mp3	shamar	Paal	past	6	אנחנו	שָׁמַרְנוּ
155	1	155	conjugations/shamar/past-07.mp3	shamar	Paal	past	7	אתם	שְׁמַרְתֶּם
156	1	156	conjugations/shamar/past-08.mp3	shamar	Paal	past	8	אתן	שְׁמַרְתֶּן
157	1	157	conjugations/shamar/past-09.mp3	shamar	Paal	past	9	הם	שָׁמְרוּ
158	1	158	conjugations/shamar/past-10.mp3	shamar	Paal	past	10	הן	שָׁמְרוּ
159	1	159	conjugations/shamar/present-01.mp3	shamar	Paal	present	1	אני	שׁוֹמֵר
160	1	160	conjugations/shamar/present-02.mp3	shamar	Paal	present	2	אני	שׁוֹמֶרֶת
161	1	161	conjugations/shamar/present-03.mp3	shamar	Paal	present	3	אתה	שׁוֹמֵר
162	1	162	conjugations/shamar/present-04.mp3	shamar	Paal	present	4	את	שׁוֹמֶרֶת
163	1	163	conjugations/shamar/present-05.mp3	shamar	Paal	present	5	הוא	שׁוֹמֵר
164	1	164	conjugations/shamar/present-06.mp3	shamar	Paal	present	6	היא	שׁוֹמֶרֶת
165	1	165	conjugations/shamar/present-07.mp3	shamar	Paal	present	7	אנחנו	שׁוֹמְרִים
166	1	166	conjugations/shamar/present-08.mp3	shamar	Paal	present	8	אנחנו	שׁוֹמְרוֹת
167	1	167	conjugations/shamar/present-09.mp3	shamar	Paal	present	9	אתם	שׁוֹמְרִים
168	1	168	conjugations/shamar/present-10.mp3	shamar	Paal	present	10	אתן	שׁוֹמְרוֹת
169	1	169	conjugations/shamar/present-11.mp3	shamar	Paal	present	11	הם	שׁוֹמְרִים
170	1	170	conjugations/shamar/present-12.mp3	shamar	Paal	present	12	הן	שׁוֹמְרוֹת
171	1	171	conjugations/shamar/future-01.mp3	shamar	Paal	future	1	אני	אֶשְׁמוֹר
172	1	172	conjugations/shamar/future-02.mp3	shamar	Paal	future	2	אתה	תִּשְׁמוֹר
173	1	173	conjugations/shamar/future-03.mp3	shamar	Paal	future	3	את	תִּשְׁמְרִי
174	1	174	conjugations/shamar/future-04.mp3	shamar	Paal	future	4	הוא	יִשְׁמוֹר
175	1	175	conjugations/shamar/future-05.mp3	shamar	Paal	future	5	היא	תִּשְׁמוֹר
176	1	176	conjugations/shamar/future-06.mp3	shamar	Paal	future	6	אנחנו	נִשְׁמוֹר
177	1	177	conjugations/shamar/future-07.mp3	shamar	Paal	future	7	אתם	תִּשְׁמְרוּ
178	1	178	conjugations/shamar/future-08.mp3	shamar	Paal	future	8	אתן	תִּשְׁמֹרְנָה
179	1	179	conjugations/shamar/future-09.mp3	shamar	Paal	future	9	הם	יִשְׁמְרוּ
180	1	180	conjugations/shamar/future-10.mp3	shamar	Paal	future	10	הן	תִּשְׁמֹרְנָה
181	1	181	conjugations/shamar/imperative-01.mp3	shamar	Paal	imperative	1	אתה	שְׁמוֹר
182	1	182	conjugations/shamar/imperative-02.mp3	shamar	Paal	imperative	2	את	שִׁמְרִי
183	1	183	conjugations/shamar/imperative-03.mp3	shamar	Paal	imperative	3	אתם	שִׁמְרוּ
184	1	184	conjugations/shamar/imperative-04.mp3	shamar	Paal	imperative	4	אתן	שְׁמֹרְנָה
185	1	185	conjugations/shamar/infinitive-01.mp3	shamar	Paal	infinitive	1		לִשְׁמוֹר
186	1	186	conjugations/ratz/past-01.mp3	ratz	Paal	past	1	אני	רַצְתִּי
187	1	187	conjugations/ratz/past-02.mp3	ratz	Paal	past	2	אתה	רַצְתָּ
188	1	188	conjugations/ratz/past-03.mp3	ratz	Paal	past	3	את	רַצְתְּ
189	1	189	conjugations/ratz/past-04.mp3	ratz	Paal	past	4	הוא	רָץ
190	1	190	conjugations/ratz/past-05.mp3	ratz	Paal	past	5	היא	רָצָה
191	1	191	conjugations/ratz/past-06.mp3	ratz	Paal	past	6	אנחנו	רַצְנוּ
192	1	192	conjugations/ratz/past-07.mp3	ratz	Paal	past	7	אתם	רַצְתֶּם
193	1	193	conjugations/ratz/past-08.mp3	ratz	Paal	past	8	אתן	רַצְתֶּן
194	1	194	conjugations/ratz/past-09.mp3	ratz	Paal	past	9	הם	רָצוּ
195	1	195	conjugations/ratz/past-10.mp3	ratz	Paal	past	10	הן	רָצוּ
196	1	196	conjugations/ratz/present-01.mp3	ratz	Paal	present	1	אני	רָץ
197	1	197	conjugations/ratz/present-02.mp3	ratz	Paal	present	2	אני	רָצָה
198	1	198	conjugations/ratz/present-03.mp3	ratz	Paal	present	3	אתה	רָץ
199	1	199	conjugations/ratz/present-04.mp3	ratz	Paal	present	4	את	רָצָה
200	1	200	conjugations/ratz/present-05.mp3	ratz	Paal	present	5	הוא	רָץ
201	1	201	conjugations/ratz/present-06.mp3	ratz	Paal	present	6	היא	רָצָה
202	1	202	conjugations/ratz/present-07.mp3	ratz	Paal	present	7	אנחנו	רָצִים
203	1	203	conjugations/ratz/present-08.mp3	ratz	Paal	present	8	אנחנו	רָצוֹת
204	1	204	conjugations/ratz/present-09.mp3	ratz	Paal	present	9	אתם	רָצִים
205	1	205	conjugations/ratz/present-10.mp3	ratz	Paal	present	10	אתן	רָצוֹת
206	1	206	conjugations/ratz/present-11.mp3	ratz	Paal	present	11	הם	רָצִים
207	1	207	conjugations/ratz/present-12.mp3	ratz	Paal	present	12	הן	רָצוֹת
208	1	208	conjugations/ratz/future-01.mp3	ratz	Paal	future	1	אני	אָרוּץ
209	1	209	conjugations/ratz/future-02.mp3	ratz	Paal	future	2	אתה	תָּרוּץ
210	1	210	conjugations/ratz/future-03.mp3	ratz	Paal	future	3	את	תָּרוּצִי
211	1	211	conjugations/ratz/future-04.mp3	ratz	Paal	future	4	הוא	יָרוּץ
212	1	212	conjugations/ratz/future-05.mp3	ratz	Paal	future	5	היא	תָּרוּץ
213	1	213	conjugations/ratz/future-06.mp3	ratz	Paal	future	6	אנחנו	נָרוּץ
214	1	214	conjugations/ratz/future-07.mp3	ratz	Paal	future	7	אתם	תָּרוּצוּ
215	1	215	conjugations/ratz/future-08.mp3	ratz	Paal	future	8	אתן	תָּרוּצוּ
216	1	216	conjugations/ratz/future-09.mp3	ratz	Paal	future	9	הם	יָרוּצוּ
217	1	217	conjugations/ratz/future-10.mp3	ratz	Paal	future	10	הן	יָרוּצוּ
218	1	218	conjugations/ratz/imperative-01.mp3	ratz	Paal	imperative	1	אתה	רוּץ
219	1	219	conjugations/ratz/imperative-02.mp3	ratz	Paal	imperative	2	את	רוּצִי
220	1	220	conjugations/ratz/imperative-03.mp3	ratz	Paal	imperative	3	אתם	רוּצוּ
221	1	221	conjugations/ratz/imperative-04.mp3	ratz	Paal	imperative	4	אתן	רוּצוּ
222	1	222	conjugations/ratz/infinitive-01.mp3	ratz	Paal	infinitive	1		לָרוּץ
223	1	223	conjugations/avad/past-01.mp3	avad	Paal	past	1	אני	עָבַדְתִּי
224	1	224	conjugations/avad/past-02.mp3	avad	Paal	past	2	אתה	עָבַדְתָּ
225	1	225	conjugations/avad/past-03.mp3	avad	Paal	past	3	את	עָבַדְתְּ
226	1	226	conjugations/avad/past-04.mp3	avad	Paal	past	4	הוא	עָבַד
227	1	227	conjugations/avad/past-05.mp3	avad	Paal	past	5	היא	עָבְדָה
228	1	228	conjugations/avad/past-06.mp3	avad	Paal	past	6	אנחנו	עָבַדְנוּ
229	1	229	conjugations/avad/past-07.mp3	avad	Paal	past	7	אתם	עֲבַדְתֶּם
230	1	230	conjugations/avad/past-08.mp3	avad	Paal	past	8	אתן	עֲבַדְתֶּן
231	1	231	conjugations/avad/past-09.mp3	avad	Paal	past	9	הם	עָבְדוּ
232	1	232	conjugations/avad/past-10.mp3	avad	Paal	past	10	הן	עָבְדוּ
233	1	233	conjugations/avad/present-01.mp3	avad	Paal	present	1	אני	עוֹבֵד
234	1	234	conjugations/avad/present-02.mp3	avad	Paal	present	2	אני	עוֹבֶדֶת
235	1	235	conjugations/avad/present-03.mp3	avad	Paal	present	3	אתה	עוֹבֵד
236	1	236	conjugations/avad/present-04.mp3	avad	Paal	present	4	את	עוֹבֶדֶת
237	1	237	conjugations/avad/present-05.mp3	avad	Paal	present	5	הוא	עוֹבֵד
238	1	238	conjugations/avad/present-06.mp3	avad	Paal	present	6	היא	עוֹבֶדֶת
239	1	239	conjugations/avad/present-07.mp3	avad	Paal	present	7	אנחנו	עוֹבְדִים
240	1	240	conjugations/avad/present-08.mp3	avad	Paal	present	8	אנחנו	עוֹבְדוֹת
241	1	241	conjugations/avad/present-09.mp3	avad	Paal	present	9	אתם	עוֹבְדִים
242	1	242	conjugations/avad/present-10.mp3	avad	Paal	present	10	אתן	עוֹבְדוֹת
243	1	243	conjugations/avad/present-11.mp3	avad	Paal	present	11	הם	עוֹבְדִים
244	1	244	conjugations/avad/present-12.mp3	avad	Paal	present	12	הן	עוֹבְדוֹת
245	1	245	conjugations/avad/future-01.mp3	avad	Paal	future	1	אני	אֶעֱבֹד
246	1	246	conjugations/avad/future-02.mp3	avad	Paal	future	2	אתה	תַּעֲבֹד
247	1	247	conjugations/avad/future-03.mp3	avad	Paal	future	3	את	תַּעַבְדִי
248	1	248	conjugations/avad/future-04.mp3	avad	Paal	future	4	הוא	יַעֲבֹד
249	1	249	conjugations/avad/future-05.mp3	avad	Paal	future	5	היא	תַּעֲבֹד
250	1	250	conjugations/avad/future-06.mp3	avad	Paal	future	6	אנחנו	נַעֲבֹד
251	1	251	conjugations/avad/future-07.mp3	avad	Paal	future	7	אתם	תַּעַבְדוּ
252	1	252	conjugations/avad/future-08.mp3	avad	Paal	future	8	אתן	תַּעַבְדוּ
253	1	253	conjugations/avad/future-09.mp3	avad	Paal	future	9	הם	יַעַבְדוּ
254	1	254	conjugations/avad/future-10.mp3	avad	Paal	future	10	הן	יַעַבְדוּ
255	1	255	conjugations/avad/imperative-01.mp3	avad	Paal	imperative	1	אתה	עֲבֹד
256	1	256	conjugations/avad/imperative-02.mp3	avad	Paal	imperative	2	את	עַבְדִי
257	1	257	conjugations/avad/imperative-03.mp3	avad	Paal	imperative	3	אתם	עַבְדוּ
258	1	258	conjugations/avad/imperative-04.mp3	avad	Paal	imperative	4	אתן	עֲבֹדְנָה
259	1	259	conjugations/avad/infinitive-01.mp3	avad	Paal	infinitive	1		לַעֲבֹד
260	1	260	conjugations/sichek/past-01.mp3	sichek	Piel	past	1	אני	שִׂחַקְתִּי
261	1	261	conjugations/sichek/past-02.mp3	sichek	Piel	past	2	אתה	שִׂחַקְתָּ
262	1	262	conjugations/sichek/past-03.mp3	sichek	Piel	past	3	את	שִׂחַקְתְּ
263	1	263	conjugations/sichek/past-04.mp3	sichek	Piel	past	4	הוא	שִׂחֵק
264	1	264	conjugations/sichek/past-05.mp3	sichek	Piel	past	5	היא	שִׂחֲקָה
265	1	265	conjugations/sichek/past-06.mp3	sichek	Piel	past	6	אנחנו	שִׂחַקְנוּ
266	1	266	conjugations/sichek/past-07.mp3	sichek	Piel	past	7	אתם	שִׂחַקְתֶּם
267	1	267	conjugations/sichek/past-08.mp3	sichek	Piel	past	8	אתן	שִׂחַקְתֶּן
268	1	268	conjugations/sichek/past-09.mp3	sichek	Piel	past	9	הם	שִׂחֲקוּ
269	1	269	conjugations/sichek/past-10.mp3	sichek	Piel	past	10	הן	שִׂחֲקוּ
270	1	270	conjugations/sichek/present-01.mp3	sichek	Piel	present	1	אני	מְשַׂחֵק
271	1	271	conjugations/sichek/present-02.mp3	sichek	Piel	present	2	אני	מְשַׂחֶקֶת
272	1	272	conjugations/sichek/present-03.mp3	sichek	Piel	present	3	אתה	מְשַׂחֵק
273	1	273	conjugations/sichek/present-04.mp3	sichek	Piel	present	4	את	מְשַׂחֶקֶת
274	1	274	conjugations/sichek/present-05.mp3	sichek	Piel	present	5	הוא	מְשַׂחֵק
275	1	275	conjugations/sichek/present-06.mp3	sichek	Piel	present	6	היא	מְשַׂחֶקֶת
276	1	276	conjugations/sichek/present-07.mp3	sichek	Piel	present	7	אנחנו	מְשַׂחֲקִים
277	1	277	conjugations/sichek/present-08.mp3	sichek	Piel	present	8	אנחנו	מְשַׂחֲקוֹת
278	1	278	conjugations/sichek/present-09.mp3	sichek	Piel	present	9	אתם	מְשַׂחֲקִים
279	1	279	conjugations/sichek/present-10.mp3	sichek	Piel	present	10	אתן	מְשַׂחֲקוֹת
280	1	280	conjugations/sichek/present-11.mp3	sichek	Piel	present	11	הם	מְשַׂחֲקִים
281	1	281	conjugations/sichek/present-12.mp3	sichek	Piel	present	12	הן	מְשַׂחֲקוֹת
282	1	282	conjugations/sichek/future-01.mp3	sichek	Piel	future	1	אני	אֲשַׂחֵק
283	1	283	conjugations/sichek/future-02.mp3	sichek	Piel	future	2	אתה	תְּשַׂחֵק
284	1	284	conjugations/sichek/future-03.mp3	sichek	Piel	future	3	את	תְּשַׂחֲקִי
285	1	285	conjugations/sichek/future-04.mp3	sichek	Piel	future	4	הוא	יְשַׂחֵק
286	1	286	conjugations/sichek/future-05.mp3	sichek	Piel	future	5	היא	תְּשַׂחֵק
287	1	287	conjugations/sichek/future-06.mp3	sichek	Piel	future	6	אנחנו	נְשַׂחֵק
288	1	288	conjugations/sichek/future-07.mp3	sichek	Piel	future	7	אתם	תְּשַׂחֲקוּ
289	1	289	conjugations/sichek/future-08.mp3	sichek	Piel	future	8	אתן	תְּשַׂחֲקוּ
290	1	290	conjugations/sichek/future-09.mp3	sichek	Piel	future	9	הם	יְשַׂחֲקוּ
291	1	291	conjugations/sichek/future-10.mp3	sichek	Piel	future	10	הן	יְשַׂחֲקוּ
292	1	292	conjugations/sichek/imperative-01.mp3	sichek	Piel	imperative	1	אתה	שַׂחֵק
293	1	293	conjugations/sichek/imperative-02.mp3	sichek	Piel	imperative	2	את	שַׂחֲקִי
294	1	294	conjugations/sichek/imperative-03.mp3	sichek	Piel	imperative	3	אתם	שַׂחֲקוּ
295	1	295	conjugations/sichek/imperative-04.mp3	sichek	Piel	imperative	4	אתן	שַׂחֵּקְנָה
296	1	296	conjugations/sichek/infinitive-01.mp3	sichek	Piel	infinitive	1		לְשַׂחֵק
297	1	297	conjugations/tzachak/past-01.mp3	tzachak	Paal	past	1	אני	צָחַקְתִּי
298	1	298	conjugations/tzachak/past-02.mp3	tzachak	Paal	past	2	אתה	צָחַקְתָּ
299	1	299	conjugations/tzachak/past-03.mp3	tzachak	Paal	past	3	את	צָחַקְתְּ
300	1	300	conjugations/tzachak/past-04.mp3	tzachak	Paal	past	4	הוא	צָחַק
301	1	301	conjugations/tzachak/past-05.mp3	tzachak	Paal	past	5	היא	צָחֲקָה
302	1	302	conjugations/tzachak/past-06.mp3	tzachak	Paal	past	6	אנחנו	צָחַקְנוּ
303	1	303	conjugations/tzachak/past-07.mp3	tzachak	Paal	past	7	אתם	צְחַקְתֶּם
304	1	304	conjugations/tzachak/past-08.mp3	tzachak	Paal	past	8	אתן	צְחַקְתֶּן
305	1	305	conjugations/tzachak/past-09.mp3	tzachak	Paal	past	9	הם	צָחֲקוּ
306	1	306	conjugations/tzachak/past-10.mp3	tzachak	Paal	past	10	הן	צָחֲקוּ
307	1	307	conjugations/tzachak/present-01.mp3	tzachak	Paal	present	1	אני	צוֹחֵק
308	1	308	conjugations/tzachak/present-02.mp3	tzachak	Paal	present	2	אני	צוֹחֶקֶת
309	1	309	conjugations/tzachak/present-03.mp3	tzachak	Paal	present	3	אתה	צוֹחֵק
310	1	310	conjugations/tzachak/present-04.mp3	tzachak	Paal	present	4	את	צוֹחֶקֶת
311	1	311	conjugations/tzachak/present-05.mp3	tzachak	Paal	present	5	הוא	צוֹחֵק
312	1	312	conjugations/tzachak/present-06.mp3	tzachak	Paal	present	6	היא	צוֹחֶקֶת
313	1	313	conjugations/tzachak/present-07.mp3	tzachak	Paal	present	7	אנחנו	צוֹחֲקִים
314	1	314	conjugations/tzachak/present-08.mp3	tzachak	Paal	present	8	אנחנו	צוֹחֲקוֹת
315	1	315	conjugations/tzachak/present-09.mp3	tzachak	Paal	present	9	אתם	צוֹחֲקִים
316	1	316	conjugations/tzachak/present-10.mp3	tzachak	Paal	present	10	אתן	צוֹחֲקוֹת
317	1	317	conjugations/tzachak/present-11.mp3	tzachak	Paal	present	11	הם	צוֹחֲקִים
318	1	318	conjugations/tzachak/present-12.mp3	tzachak	Paal	present	12	הן	צוֹחֲקוֹת
319	1	319	conjugations/tzachak/future-01.mp3	tzachak	Paal	future	1	אני	אֶצְחַק
320	1	320	conjugations/tzachak/future-02.mp3	tzachak	Paal	future	2	אתה	תִּצְחַק
321	1	321	conjugations/tzachak/future-03.mp3	tzachak	Paal	future	3	את	תִּצְחֲקִי
322	1	322	conjugations/tzachak/future-04.mp3	tzachak	Paal	future	4	הוא	יִצְחַק
323	1	323	conjugations/tzachak/future-05.mp3	tzachak	Paal	future	5	היא	תִּצְחַק
324	1	324	conjugations/tzachak/future-06.mp3	tzachak	Paal	future	6	אנחנו	נִצְחַק
325	1	325	conjugations/tzachak/future-07.mp3	tzachak	Paal	future	7	אתם	תִּצְחֲקוּ
326	1	326	conjugations/tzachak/future-08.mp3	tzachak	Paal	future	8	אתן	תִּצְחֲקוּ
327	1	327	conjugations/tzachak/future-09.mp3	tzachak	Paal	future	9	הם	יִצְחֲקוּ
328	1	328	conjugations/tzachak/future-10.mp3	tzachak	Paal	future	10	הן	יִצְחֲקוּ
329	1	329	conjugations/tzachak/imperative-01.mp3	tzachak	Paal	imperative	1	אתה	צְחַק
330	1	330	conjugations/tzachak/imperative-02.mp3	tzachak	Paal	imperative	2	את	צִחֲקִי
331	1	331	conjugations/tzachak/imperative-03.mp3	tzachak	Paal	imperative	3	אתם	צִחֲקוּ
332	1	332	conjugations/tzachak/imperative-04.mp3	tzachak	Paal	imperative	4	אתן	צְחַקְנָה
333	1	333	conjugations/tzachak/infinitive-01.mp3	tzachak	Paal	infinitive	1		לִצְחֹק
334	1	334	conjugations/shata/past-01.mp3	shata	Paal	past	1	אני	שָׁתִיתִי
335	1	335	conjugations/shata/past-02.mp3	shata	Paal	past	2	אתה	שָׁתִיתָ
336	1	336	conjugations/shata/past-03.mp3	shata	Paal	past	3	את	שָׁתִיתְ
337	1	337	conjugations/shata/past-04.mp3	shata	Paal	past	4	הוא	שָׁתָה
338	1	338	conjugations/shata/past-05.mp3	shata	Paal	past	5	היא	שָׁתְתָה
339	1	339	conjugations/shata/past-06.mp3	shata	Paal	past	6	אנחנו	שָׁתִינוּ
340	1	340	conjugations/shata/past-07.mp3	shata	Paal	past	7	אתם	שְׁתִיתֶם
341	1	341	conjugations/shata/past-08.mp3	shata	Paal	past	8	אתן	שְׁתִיתֶן
342	1	342	conjugations/shata/past-09.mp3	shata	Paal	past	9	הם	שָׁתוּ
343	1	343	conjugations/shata/past-10.mp3	shata	Paal	past	10	הן	שָׁתוּ
344	1	344	conjugations/shata/present-01.mp3	shata	Paal	present	1	אני	שׁוֹתֶה
345	1	345	conjugations/shata/present-02.mp3	shata	Paal	present	2	אני	שׁוֹתָה
346	1	346	conjugations/shata/present-03.mp3	shata	Paal	present	3	אתה	שׁוֹתֶה
347	1	347	conjugations/shata/present-04.mp3	shata	Paal	present	4	את	שׁוֹתָה
348	1	348	conjugations/shata/present-05.mp3	shata	Paal	present	5	הוא	שׁוֹתֶה
349	1	349	conjugations/shata/present-06.mp3	shata	Paal	present	6	היא	שׁוֹתָה
350	1	350	conjugations/shata/present-07.mp3	shata	Paal	present	7	אנחנו	שׁוֹתִים
351	1	351	conjugations/shata/present-08.mp3	shata	Paal	present	8	אנחנו	שׁוֹתוֹת
352	1	352	conjugations/shata/present-09.mp3	shata	Paal	present	9	אתם	שׁוֹתִים
353	1	353	conjugations/shata/present-10.mp3	shata	Paal	present	10	אתן	שׁוֹתוֹת
354	1	354	conjugations/shata/present-11.mp3	shata	Paal	present	11	הם	שׁוֹתִים
355	1	355	conjugations/shata/present-12.mp3	shata	Paal	present	12	הן	שׁוֹתוֹת
356	1	356	conjugations/shata/future-01.mp3	shata	Paal	future	1	אני	אֶשְׁתֶּה
357	1	357	conjugations/shata/future-02.mp3	shata	Paal	future	2	אתה	תִּשְׁתֶּה
358	1	358	conjugations/shata/future-03.mp3	shata	Paal	future	3	את	תִּשְׁתִּי
359	1	359	conjugations/shata/future-04.mp3	shata	Paal	future	4	הוא	יִשְׁתֶּה
360	1	360	conjugations/shata/future-05.mp3	shata	Paal	future	5	היא	תִּשְׁתֶּה
361	1	361	conjugations/shata/future-06.mp3	shata	Paal	future	6	אנחנו	נִשְׁתֶּה
362	1	362	conjugations/shata/future-07.mp3	shata	Paal	future	7	אתם	תִּשְׁתּוּ
363	1	363	conjugations/shata/future-08.mp3	shata	Paal	future	8	אתן	תִּשְׁתּוּ
364	1	364	conjugations/shata/future-09.mp3	shata	Paal	future	9	הם	יִשְׁתּוּ
365	1	365	conjugations/shata/future-10.mp3	shata	Paal	future	10	הן	יִשְׁתּוּ
366	1	366	conjugations/shata/imperative-01.mp3	shata	Paal	imperative	1	אתה	שְׁתֵה
367	1	367	conjugations/shata/imperative-02.mp3	shata	Paal	imperative	2	את	שְׁתִי
368	1	368	conjugations/shata/imperative-03.mp3	shata	Paal	imperative	3	אתם	שְׁתּוּ
369	1	369	conjugations/shata/imperative-04.mp3	shata	Paal	imperative	4	אתן	שְׁתּוּ
370	1	370	conjugations/shata/infinitive-01.mp3	shata	Paal	infinitive	1		לִשְׁתּוֹת
371	1	371	conjugations/ra-ah/past-01.mp3	ra'ah	Paal	past	1	אני	רָאִיתִי
372	1	372	conjugations/ra-ah/past-02.mp3	ra'ah	Paal	past	2	אתה	רָאִיתָ
373	1	373	conjugations/ra-ah/past-03.mp3	ra'ah	Paal	past	3	את	רָאִית
374	1	374	conjugations/ra-ah/past-04.mp3	ra'ah	Paal	past	4	הוא	רָאָה
375	1	375	conjugations/ra-ah/past-05.mp3	ra'ah	Paal	past	5	היא	רָאֲתָה
376	1	376	conjugations/ra-ah/past-06.mp3	ra'ah	Paal	past	6	אנחנו	רָאִינוּ
377	1	377	conjugations/ra-ah/past-07.mp3	ra'ah	Paal	past	7	אתם	רְאִיתֶם
378	1	378	conjugations/ra-ah/past-08.mp3	ra'ah	Paal	past	8	אתן	רְאִיתֶן
379	1	379	conjugations/ra-ah/past-09.mp3	ra'ah	Paal	past	9	הם	רָאוּ
380	1	380	conjugations/ra-ah/past-10.mp3	ra'ah	Paal	past	10	הן	רָאוּ
381	1	381	conjugations/ra-ah/present-01.mp3	ra'ah	Paal	present	1	אני	רוֹאֶה
382	1	382	conjugations/ra-ah/present-02.mp3	ra'ah	Paal	present	2	אני	רוֹאָה
383	1	383	conjugations/ra-ah/present-03.mp3	ra'ah	Paal	present	3	אתה	רוֹאֶה
384	1	384	conjugations/ra-ah/present-04.mp3	ra'ah	Paal	present	4	את	רוֹאָה
385	1	385	conjugations/ra-ah/present-05.mp3	ra'ah	Paal	present	5	הוא	רוֹאֶה
386	1	386	conjugations/ra-ah/present-06.mp3	ra'ah	Paal	present	6	היא	רוֹאָה
387	1	387	conjugations/ra-ah/present-07.mp3	ra'ah	Paal	present	7	אנחנו	רוֹאִים
388	1	388	conjugations/ra-ah/present-08.mp3	ra'ah	Paal	present	8	אנחנו	רוֹאוֹת
389	1	389	conjugations/ra-ah/present-09.mp3	ra'ah	Paal	present	9	אתם	רוֹאִים
390	1	390	conjugations/ra-ah/present-10.mp3	ra'ah	Paal	present	10	אתן	רוֹאוֹת
391	1	391	conjugations/ra-ah/present-11.mp3	ra'ah	Paal	present	11	הם	רוֹאִים
392	1	392	conjugations/ra-ah/present-12.mp3	ra'ah	Paal	present	12	הן	רוֹאוֹת
393	1	393	conjugations/ra-ah/future-01.mp3	ra'ah	Paal	future	1	אני	אֶרְאֶה
394	1	394	conjugations/ra-ah/future-02.mp3	ra'ah	Paal	future	2	אתה	תִּרְאֶה
395	1	395	conjugations/ra-ah/future-03.mp3	ra'ah	Paal	future	3	את	תִּרְאִי
396	1	396	conjugations/ra-ah/future-04.mp3	ra'ah	Paal	future	4	הוא	יִרְאֶה
397	1	397	conjugations/ra-ah/future-05.mp3	ra'ah	Paal	future	5	היא	תִּרְאֶה
398	1	398	conjugations/ra-ah/future-06.mp3	ra'ah	Paal	future	6	אנחנו	נִרְאֶה
399	1	399	conjugations/ra-ah/future-07.mp3	ra'ah	Paal	future	7	אתם	תִּרְאוּ
400	1	400	conjugations/ra-ah/future-08.mp3	ra'ah	Paal	future	8	אתן	תִּרְאוּ
401	1	401	conjugations/ra-ah/future-09.mp3	ra'ah	Paal	future	9	הם	יִרְאוּ
402	1	402	conjugations/ra-ah/future-10.mp3	ra'ah	Paal	future	10	הן	יִרְאוּ
403	1	403	conjugations/ra-ah/imperative-01.mp3	ra'ah	Paal	imperative	1	אתה	רְאֵה
404	1	404	conjugations/ra-ah/imperative-02.mp3	ra'ah	Paal	imperative	2	את	רְאִי
405	1	405	conjugations/ra-ah/imperative-03.mp3	ra'ah	Paal	imperative	3	אתם	רְאוּ
406	1	406	conjugations/ra-ah/imperative-04.mp3	ra'ah	Paal	imperative	4	אתן	רְאֶינָה
407	1	407	conjugations/ra-ah/infinitive-01.mp3	ra'ah	Paal	infinitive	1		לִרְאוֹת
408	1	408	conjugations/paal/past-01.mp3	paal	Paal	past	1	אני	פָּעַלְתִּי
409	1	409	conjugations/paal/past-02.mp3	paal	Paal	past	2	אתה	פָּעַלְתָּ
410	1	410	conjugations/paal/past-03.mp3	paal	Paal	past	3	את	פָּעַלְתְּ
411	1	411	conjugations/paal/past-04.mp3	paal	Paal	past	4	הוא	פָּעַל
412	1	412	conjugations/paal/past-05.mp3	paal	Paal	past	5	היא	פָּעֲלָה
413	1	413	conjugations/paal/past-06.mp3	paal	Paal	past	6	אנחנו	פָּעַלְנוּ
414	1	414	conjugations/paal/past-07.mp3	paal	Paal	past	7	אתם	פְּעַלְתֶּם
415	1	415	conjugations/paal/past-08.mp3	paal	Paal	past	8	אתן	פְּעַלְתֶּן
416	1	416	conjugations/paal/past-09.mp3	paal	Paal	past	9	הם	פָּעֲלוּ
417	1	417	conjugations/paal/past-10.mp3	paal	Paal	past	10	הן	פָּעֲלוּ
418	1	418	conjugations/paal/present-01.mp3	paal	Paal	present	1	אני	פּוֹעֵל
419	1	419	conjugations/paal/present-02.mp3	paal	Paal	present	2	אני	פּוֹעֶלֶת
420	1	420	conjugations/paal/present-03.mp3	paal	Paal	present	3	אתה	פּוֹעֵל
421	1	421	conjugations/paal/present-04.mp3	paal	Paal	present	4	את	פּוֹעֶלֶת
422	1	422	conjugations/paal/present-05.mp3	paal	Paal	present	5	הוא	פּוֹעֵל
423	1	423	conjugations/paal/present-06.mp3	paal	Paal	present	6	היא	פּוֹעֶלֶת
424	1	424	conjugations/paal/present-07.mp3	paal	Paal	present	7	אנחנו	פּוֹעֲלִים
425	1	425	conjugations/paal/present-08.mp3	paal	Paal	present	8	אנחנו	פּוֹעֲלוֹת
426	1	426	conjugations/paal/present-09.mp3	paal	Paal	present	9	אתם	פּוֹעֲלִים
427	1	427	conjugations/paal/present-10.mp3	paal	Paal	present	10	אתן	פּוֹעֲלוֹת
428	1	428	conjugations/paal/present-11.mp3	paal	Paal	present	11	הם	פּוֹעֲלִים
429	1	429	conjugations/paal/present-12.mp3	paal	Paal	present	12	הן	פּוֹעֲלוֹת
430	1	430	conjugations/paal/future-01.mp3	paal	Paal	future	1	אני	אֶפְעַל
431	1	431	conjugations/paal/future-02.mp3	paal	Paal	future	2	אתה	תִּפְעַל
432	1	432	conjugations/paal/future-03.mp3	paal	Paal	future	3	את	תִּפְעֲלִי
433	1	433	conjugations/paal/future-04.mp3	paal	Paal	future	4	הוא	יִפְעַל
434	1	434	conjugations/paal/future-05.mp3	paal	Paal	future	5	היא	תִּפְעַל
435	1	435	conjugations/paal/future-06.mp3	paal	Paal	future	6	אנחנו	נִפְעַל
436	1	436	conjugations/paal/future-07.mp3	paal	Paal	future	7	אתם	תִּפְעֲלוּ
437	1	437	conjugations/paal/future-08.mp3	paal	Paal	future	8	אתן	תִּפְעֲלוּ
438	1	438	conjugations/paal/future-09.mp3	paal	Paal	future	9	הם	יִפְעֲלוּ
439	1	439	conjugations/paal/future-10.mp3	paal	Paal	future	10	הן	יִפְעֲלוּ
440	1	440	conjugations/paal/imperative-01.mp3	paal	Paal	imperative	1	אתה	פְּעַל
441	1	441	conjugations/paal/imperative-02.mp3	paal	Paal	imperative	2	את	פַּעֲלִי
442	1	442	conjugations/paal/imperative-03.mp3	paal	Paal	imperative	3	אתם	פַּעֲלוּ
443	1	443	conjugations/paal/imperative-04.mp3	paal	Paal	imperative	4	אתן	פְּעֵלְנָה
444	1	444	conjugations/paal/infinitive-01.mp3	paal	Paal	infinitive	1		לִפְעוֹל
445	1	445	conjugations/achal/past-01.mp3	achal	Paal	past	1	אני	אָכַלְתִּי
446	1	446	conjugations/achal/past-02.mp3	achal	Paal	past	2	אתה	אָכַלְתָּ
447	1	447	conjugations/achal/past-03.mp3	achal	Paal	past	3	את	אָכַלְתְּ
448	1	448	conjugations/achal/past-04.mp3	achal	Paal	past	4	הוא	אָכַל
449	1	449	conjugations/achal/past-05.mp3	achal	Paal	past	5	היא	אָכְלָה
450	1	450	conjugations/achal/past-06.mp3	achal	Paal	past	6	אנחנו	אָכַלְנוּ
451	2	1	conjugations/achal/past-07.mp3	achal	Paal	past	7	אתם	אֲכַלְתֶּם
452	2	2	conjugations/achal/past-08.mp3	achal	Paal	past	8	אתן	אֲכַלְתֶּן
453	2	3	conjugations/achal/past-09.mp3	achal	Paal	past	9	הם	אָכְלוּ
454	2	4	conjugations/achal/past-10.mp3	achal	Paal	past	10	הן	אָכְלוּ
455	2	5	conjugations/achal/present-01.mp3	achal	Paal	present	1	אני	אוֹכֵל
456	2	6	conjugations/achal/present-02.mp3	achal	Paal	present	2	אני	אוֹכֶלֶת
457	2	7	conjugations/achal/present-03.mp3	achal	Paal	present	3	אתה	אוֹכֵל
458	2	8	conjugations/achal/present-04.mp3	achal	Paal	present	4	את	אוֹכֶלֶת
459	2	9	conjugations/achal/present-05.mp3	achal	Paal	present	5	הוא	אוֹכֵל
460	2	10	conjugations/achal/present-06.mp3	achal	Paal	present	6	היא	אוֹכֶלֶת
461	2	11	conjugations/achal/present-07.mp3	achal	Paal	present	7	אנחנו	אוֹכְלִים
462	2	12	conjugations/achal/present-08.mp3	achal	Paal	present	8	אנחנו	אוֹכְלוֹת
463	2	13	conjugations/achal/present-09.mp3	achal	Paal	present	9	אתם	אוֹכְלִים
464	2	14	conjugations/achal/present-10.mp3	achal	Paal	present	10	אתן	אוֹכְלוֹת
465	2	15	conjugations/achal/present-11.mp3	achal	Paal	present	11	הם	אוֹכְלִים
466	2	16	conjugations/achal/present-12.mp3	achal	Paal	present	12	הן	אוֹכְלוֹת
467	2	17	conjugations/achal/future-01.mp3	achal	Paal	future	1	אני	אֹכַל
468	2	18	conjugations/achal/future-02.mp3	achal	Paal	future	2	אתה	תֹּאכַל
469	2	19	conjugations/achal/future-03.mp3	achal	Paal	future	3	את	תֹּאכְלִי
470	2	20	conjugations/achal/future-04.mp3	achal	Paal	future	4	הוא	יֹאכַל
471	2	21	conjugations/achal/future-05.mp3	achal	Paal	future	5	היא	תֹּאכַל
472	2	22	conjugations/achal/future-06.mp3	achal	Paal	future	6	אנחנו	נֹאכַל
473	2	23	conjugations/achal/future-07.mp3	achal	Paal	future	7	אתם	תֹּאכְלוּ
474	2	24	conjugations/achal/future-08.mp3	achal	Paal	future	8	אתן	תֹּאכְלוּ
475	2	25	conjugations/achal/future-09.mp3	achal	Paal	future	9	הם	יֹאכְלוּ
476	2	26	conjugations/achal/future-10.mp3	achal	Paal	future	10	הן	יֹאכְלוּ
477	2	27	conjugations/achal/imperative-01.mp3	achal	Paal	imperative	1	אתה	אֱכֹל
478	2	28	conjugations/achal/imperative-02.mp3	achal	Paal	imperative	2	את	אִכְלִי
479	2	29	conjugations/achal/imperative-03.mp3	achal	Paal	imperative	3	אתם	אִכְלוּ
480	2	30	conjugations/achal/imperative-04.mp3	achal	Paal	imperative	4	אתן	אֱכֹלְנָה
481	2	31	conjugations/achal/infinitive-01.mp3	achal	Paal	infinitive	1		לֶאֱכֹל
482	2	32	conjugations/halach/past-01.mp3	halach	Paal	past	1	אני	הָלַכְתִּי
483	2	33	conjugations/halach/past-02.mp3	halach	Paal	past	2	אתה	הָלַכְתָּ
484	2	34	conjugations/halach/past-03.mp3	halach	Paal	past	3	את	הָלַכְתְּ
485	2	35	conjugations/halach/past-04.mp3	halach	Paal	past	4	הוא	הָלַךְ
486	2	36	conjugations/halach/past-05.mp3	halach	Paal	past	5	היא	הָלְכָה
487	2	37	conjugations/halach/past-06.mp3	halach	Paal	past	6	אנחנו	הָלַכְנוּ
488	2	38	conjugations/halach/past-07.mp3	halach	Paal	past	7	אתם	הֲלַכְתֶּם
489	2	39	conjugations/halach/past-08.mp3	halach	Paal	past	8	אתן	הֲלַכְתֶּן
490	2	40	conjugations/halach/past-09.mp3	halach	Paal	past	9	הם	הָלְכוּ
491	2	41	conjugations/halach/past-10.mp3	halach	Paal	past	10	הן	הָלְכוּ
492	2	42	conjugations/halach/present-01.mp3	halach	Paal	present	1	אני	הוֹלֵךְ
493	2	43	conjugations/halach/present-02.mp3	halach	Paal	present	2	אני	הוֹלֶכֶת
494	2	44	conjugations/halach/present-03.mp3	halach	Paal	present	3	אתה	הוֹלֵךְ
495	2	45	conjugations/halach/present-04.mp3	halach	Paal	present	4	את	הוֹלֶכֶת
496	2	46	conjugations/halach/present-05.mp3	halach	Paal	present	5	הוא	הוֹלֵךְ
497	2	47	conjugations/halach/present-06.mp3	halach	Paal	present	6	היא	הוֹלֶכֶת
498	2	48	conjugations/halach/present-07.mp3	halach	Paal	present	7	אנחנו	הוֹלְכִים
499	2	49	conjugations/halach/present-08.mp3	halach	Paal	present	8	אנחנו	הוֹלְכוֹת
500	2	50	conjugations/halach/present-09.mp3	halach	Paal	present	9	אתם	הוֹלְכִים
501	2	51	conjugations/halach/present-10.mp3	halach	Paal	present	10	אתן	הוֹלְכוֹת
502	2	52	conjugations/halach/present-11.mp3	halach	Paal	present	11	הם	הוֹלְכִים
503	2	53	conjugations/halach/present-12.mp3	halach	Paal	present	12	הן	הוֹלְכוֹת
504	2	54	conjugations/halach/future-01.mp3	halach	Paal	future	1	אני	אֵלֵךְ
505	2	55	conjugations/halach/future-02.mp3	halach	Paal	future	2	אתה	תֵּלֵךְ
506	2	56	conjugations/halach/future-03.mp3	halach	Paal	future	3	את	תֵּלְכִי
507	2	57	conjugations/halach/future-04.mp3	halach	Paal	future	4	הוא	יֵלֵךְ
508	2	58	conjugations/halach/future-05.mp3	halach	Paal	future	5	היא	תֵּלֵךְ
509	2	59	conjugations/halach/future-06.mp3	halach	Paal	future	6	אנחנו	נֵלֵךְ
510	2	60	conjugations/halach/future-07.mp3	halach	Paal	future	7	אתם	תֵּלְכוּ
511	2	61	conjugations/halach/future-08.mp3	halach	Paal	future	8	אתן	תֵּלְכוּ
512	2	62	conjugations/halach/future-09.mp3	halach	Paal	future	9	הם	יֵלְכוּ
513	2	63	conjugations/halach/future-10.mp3	halach	Paal	future	10	הן	יֵלְכוּ
514	2	64	conjugations/halach/imperative-01.mp3	halach	Paal	imperative	1	אתה	לֵךְ
515	2	65	conjugations/halach/imperative-02.mp3	halach	Paal	imperative	2	את	לְכִי
516	2	66	conjugations/halach/imperative-03.mp3	halach	Paal	imperative	3	אתם	לְכוּ
517	2	67	conjugations/halach/imperative-04.mp3	halach	Paal	imperative	4	אתן	לֵכְנָה
518	2	68	conjugations/halach/infinitive-01.mp3	halach	Paal	infinitive	1		לָלֶכֶת
519	2	69	conjugations/yada/past-01.mp3	yada	Paal	past	1	אני	יָדַעְתִּי
520	2	70	conjugations/yada/past-02.mp3	yada	Paal	past	2	אתה	יָדַעְתָּ
521	2	71	conjugations/yada/past-03.mp3	yada	Paal	past	3	את	יָדַעְתְּ
522	2	72	conjugations/yada/past-04.mp3	yada	Paal	past	4	הוא	יָדַע
523	2	73	conjugations/yada/past-05.mp3	yada	Paal	past	5	היא	יָדְעָה
524	2	74	conjugations/yada/past-06.mp3	yada	Paal	past	6	אנחנו	יָדַעְנוּ
525	2	75	conjugations/yada/past-07.mp3	yada	Paal	past	7	אתם	יְדַעְתֶּם
526	2	76	conjugations/yada/past-08.mp3	yada	Paal	past	8	אתן	יְדַעְתֶּן
527	2	77	conjugations/yada/past-09.mp3	yada	Paal	past	9	הם	יָדְעוּ
528	2	78	conjugations/yada/past-10.mp3	yada	Paal	past	10	הן	יָדְעוּ
529	2	79	conjugations/yada/present-01.mp3	yada	Paal	present	1	אני	יוֹדֵעַ
530	2	80	conjugations/yada/present-02.mp3	yada	Paal	present	2	אני	יוֹדַעַת
531	2	81	conjugations/yada/present-03.mp3	yada	Paal	present	3	אתה	יוֹדֵעַ
532	2	82	conjugations/yada/present-04.mp3	yada	Paal	present	4	את	יוֹדַעַת
533	2	83	conjugations/yada/present-05.mp3	yada	Paal	present	5	הוא	יוֹדֵעַ
534	2	84	conjugations/yada/present-06.mp3	yada	Paal	present	6	היא	יוֹדַעַת
535	2	85	conjugations/yada/present-07.mp3	yada	Paal	present	7	אנחנו	יוֹדְעִים
536	2	86	conjugations/yada/present-08.mp3	yada	Paal	present	8	אנחנו	יוֹדְעוֹת
537	2	87	conjugations/yada/present-09.mp3	yada	Paal	present	9	אתם	יוֹדְעִים
538	2	88	conjugations/yada/present-10.mp3	yada	Paal	present	10	אתן	יוֹדְעוֹת
539	2	89	conjugations/yada/present-11.mp3	yada	Paal	present	11	הם	יוֹדְעִים
540	2	90	conjugations/yada/present-12.mp3	yada	Paal	present	12	הן	יוֹדְעוֹת
541	2	91	conjugations/yada/future-01.mp3	yada	Paal	future	1	אני	אֵדַע
542	2	92	conjugations/yada/future-02.mp3	yada	Paal	future	2	אתה	תֵּדַע
543	2	93	conjugations/yada/future-03.mp3	yada	Paal	future	3	את	תֵּדְעִי
544	2	94	conjugations/yada/future-04.mp3	yada	Paal	future	4	הוא	יֵדַע
545	2	95	conjugations/yada/future-05.mp3	yada	Paal	future	5	היא	תֵּדַע
546	2	96	conjugations/yada/future-06.mp3	yada	Paal	future	6	אנחנו	נֵדַע
547	2	97	conjugations/yada/future-07.mp3	yada	Paal	future	7	אתם	תֵּדְעוּ
548	2	98	conjugations/yada/future-08.mp3	yada	Paal	future	8	אתן	תֵּדְעוּ
549	2	99	conjugations/yada/future-09.mp3	yada	Paal	future	9	הם	יֵדְעוּ
550	2	100	conjugations/yada/future-10.mp3	yada	Paal	future	10	הן	יֵדְעוּ
551	2	101	conjugations/yada/imperative-01.mp3	yada	Paal	imperative	1	אתה	דַּע
552	2	102	conjugations/yada/imperative-02.mp3	yada	Paal	imperative	2	את	דְּעִי
553	2	103	conjugations/yada/imperative-03.mp3	yada	Paal	imperative	3	אתם	דְּעוּ
554	2	104	conjugations/yada/imperative-04.mp3	yada	Paal	imperative	4	אתן	דַּעְנָה
555	2	105	conjugations/yada/infinitive-01.mp3	yada	Paal	infinitive	1		לָדַעַת
556	2	106	conjugations/hevin/past-01.mp3	hevin	Hifil	past	1	אני	הֵבַנְתִּי
557	2	107	conjugations/hevin/past-02.mp3	hevin	Hifil	past	2	אתה	הֵבַנְתָּ
558	2	108	conjugations/hevin/past-03.mp3	hevin	Hifil	past	3	את	הֵבַנְתְּ
559	2	109	conjugations/hevin/past-04.mp3	hevin	Hifil	past	4	הוא	הֵבִין
560	2	110	conjugations/hevin/past-05.mp3	hevin	Hifil	past	5	היא	הֵבִינָה
561	2	111	conjugations/hevin/past-06.mp3	hevin	Hifil	past	6	אנחנו	הֵבַנּוּ
562	2	112	conjugations/hevin/past-07.mp3	hevin	Hifil	past	7	אתם	הֲבַנְתֶּם
563	2	113	conjugations/hevin/past-08.mp3	hevin	Hifil	past	8	אתן	הֲבַנְתֶּן
564	2	114	conjugations/hevin/past-09.mp3	hevin	Hifil	past	9	הם	הֵבִינוּ
565	2	115	conjugations/hevin/past-10.mp3	hevin	Hifil	past	10	הן	הֵבִינוּ
566	2	116	conjugations/hevin/present-01.mp3	hevin	Hifil	present	1	אני	מֵבִין
567	2	117	conjugations/hevin/present-02.mp3	hevin	Hifil	present	2	אני	מְבִינָה
568	2	118	conjugations/hevin/present-03.mp3	hevin	Hifil	present	3	אתה	מֵבִין
569	2	119	conjugations/hevin/present-04.mp3	hevin	Hifil	present	4	את	מְבִינָה
570	2	120	conjugations/hevin/present-05.mp3	hevin	Hifil	present	5	הוא	מֵבִין
571	2	121	conjugations/hevin/present-06.mp3	hevin	Hifil	present	6	היא	מְבִינָה
572	2	122	conjugations/hevin/present-07.mp3	hevin	Hifil	present	7	אנחנו	מְבִינִים
573	2	123	conjugations/hevin/present-08.mp3	hevin	Hifil	present	8	אנחנו	מְבִינוֹת
574	2	124	conjugations/hevin/present-09.mp3	hevin	Hifil	present	9	אתם	מְבִינִים
575	2	125	conjugations/hevin/present-10.mp3	hevin	Hifil	present	10	אתן	מְבִינוֹת
576	2	126	conjugations/hevin/present-11.mp3	hevin	Hifil	present	11	הם	מְבִינִים
577	2	127	conjugations/hevin/present-12.mp3	hevin	Hifil	present	12	הן	מְבִינוֹת
578	2	128	conjugations/hevin/future-01.mp3	hevin	Hifil	future	1	אני	אָבִין
579	2	129	conjugations/hevin/future-02.mp3	hevin	Hifil	future	2	אתה	תָּבִין
580	2	130	conjugations/hevin/future-03.mp3	hevin	Hifil	future	3	את	תָּבִינִי
581	2	131	conjugations/hevin/future-04.mp3	hevin	Hifil	future	4	הוא	יָבִין
582	2	132	conjugations/hevin/future-05.mp3	hevin	Hifil	future	5	היא	תָּבִין
583	2	133	conjugations/hevin/future-06.mp3	hevin	Hifil	future	6	אנחנו	נָבִין
584	2	134	conjugations/hevin/future-07.mp3	hevin	Hifil	future	7	אתם	תָּבִינוּ
585	2	135	conjugations/hevin/future-08.mp3	hevin	Hifil	future	8	אתן	תָּבִינוּ
586	2	136	conjugations/hevin/future-09.mp3	hevin	Hifil	future	9	הם	יָבִינוּ
587	2	137	conjugations/hevin/future-10.mp3	hevin	Hifil	future	10	הן	יָבִינוּ
588	2	138	conjugations/hevin/imperative-01.mp3	hevin	Hifil	imperative	1	אתה	הָבֵן
589	2	139	conjugations/hevin/imperative-02.mp3	hevin	Hifil	imperative	2	את	הָבִינִי
590	2	140	conjugations/hevin/imperative-03.mp3	hevin	Hifil	imperative	3	אתם	הָבִינוּ
591	2	141	conjugations/hevin/imperative-04.mp3	hevin	Hifil	imperative	4	אתן	הָבֵ֫נָה
592	2	142	conjugations/hevin/infinitive-01.mp3	hevin	Hifil	infinitive	1		לְהָבִין
593	2	143	conjugations/amar/past-01.mp3	amar	Paal	past	1	אני	אָמַרְתִּי
594	2	144	conjugations/amar/past-02.mp3	amar	Paal	past	2	אתה	אָמַרְתָּ
595	2	145	conjugations/amar/past-03.mp3	amar	Paal	past	3	את	אָמַרְתְּ
596	2	146	conjugations/amar/past-04.mp3	amar	Paal	past	4	הוא	אָמַר
597	2	147	conjugations/amar/past-05.mp3	amar	Paal	past	5	היא	אָמְרָה
598	2	148	conjugations/amar/past-06.mp3	amar	Paal	past	6	אנחנו	אָמַרְנוּ
599	2	149	conjugations/amar/past-07.mp3	amar	Paal	past	7	אתם	אֲמַרְתֶּם
600	2	150	conjugations/amar/past-08.mp3	amar	Paal	past	8	אתן	אֲמַרְתֶּן
601	2	151	conjugations/amar/past-09.mp3	amar	Paal	past	9	הם	אָמְרוּ
602	2	152	conjugations/amar/past-10.mp3	amar	Paal	past	10	הן	אָמְרוּ
603	2	153	conjugations/amar/present-01.mp3	amar	Paal	present	1	אני	אוֹמֵר
604	2	154	conjugations/amar/present-02.mp3	amar	Paal	present	2	אני	אוֹמֶרֶת
605	2	155	conjugations/amar/present-03.mp3	amar	Paal	present	3	אתה	אוֹמֵר
606	2	156	conjugations/amar/present-04.mp3	amar	Paal	present	4	את	אוֹמֶרֶת
607	2	157	conjugations/amar/present-05.mp3	amar	Paal	present	5	הוא	אוֹמֵר
608	2	158	conjugations/amar/present-06.mp3	amar	Paal	present	6	היא	אוֹמֶרֶת
609	2	159	conjugations/amar/present-07.mp3	amar	Paal	present	7	אנחנו	אוֹמְרִים
610	2	160	conjugations/amar/present-08.mp3	amar	Paal	present	8	אנחנו	אוֹמְרוֹת
611	2	161	conjugations/amar/present-09.mp3	amar	Paal	present	9	אתם	אוֹמְרִים
612	2	162	conjugations/amar/present-10.mp3	amar	Paal	present	10	אתן	אוֹמְרוֹת
613	2	163	conjugations/amar/present-11.mp3	amar	Paal	present	11	הם	אוֹמְרִים
614	2	164	conjugations/amar/present-12.mp3	amar	Paal	present	12	הן	אוֹמְרוֹת
615	2	165	conjugations/amar/future-01.mp3	amar	Paal	future	1	אני	אֹמַר
616	2	166	conjugations/amar/future-02.mp3	amar	Paal	future	2	אתה	תֹּאמַר
617	2	167	conjugations/amar/future-03.mp3	amar	Paal	future	3	את	תֹּאמְרִי
618	2	168	conjugations/amar/future-04.mp3	amar	Paal	future	4	הוא	יֹאמַר
619	2	169	conjugations/amar/future-05.mp3	amar	Paal	future	5	היא	תֹּאמַר
620	2	170	conjugations/amar/future-06.mp3	amar	Paal	future	6	אנחנו	נֹאמַר
621	2	171	conjugations/amar/future-07.mp3	amar	Paal	future	7	אתם	תֹּאמְרוּ
622	2	172	conjugations/amar/future-08.mp3	amar	Paal	future	8	אתן	תֹּאמְרוּ
623	2	173	conjugations/amar/future-09.mp3	amar	Paal	future	9	הם	יֹאמְרוּ
624	2	174	conjugations/amar/future-10.mp3	amar	Paal	future	10	הן	יֹאמְרוּ
625	2	175	conjugations/amar/imperative-01.mp3	amar	Paal	imperative	1	אתה	אֱמֹר
626	2	176	conjugations/amar/imperative-02.mp3	amar	Paal	imperative	2	את	אִמְרִי
627	2	177	conjugations/amar/imperative-03.mp3	amar	Paal	imperative	3	אתם	אִמְרוּ
628	2	178	conjugations/amar/imperative-04.mp3	amar	Paal	imperative	4	אתן	אֱמֹרְנָה
629	2	179	conjugations/amar/infinitive-01.mp3	amar	Paal	infinitive	1		לוֹמַר
630	2	180	conjugations/ba/past-01.mp3	ba	Paal	past	1	אני	בָּאתִי
631	2	181	conjugations/ba/past-02.mp3	ba	Paal	past	2	אתה	בָּאתָ
632	2	182	conjugations/ba/past-03.mp3	ba	Paal	past	3	את	בָּאת
633	2	183	conjugations/ba/past-04.mp3	ba	Paal	past	4	הוא	בָּא
634	2	184	conjugations/ba/past-05.mp3	ba	Paal	past	5	היא	בָּאָה
635	2	185	conjugations/ba/past-06.mp3	ba	Paal	past	6	אנחנו	בָּאנוּ
636	2	186	conjugations/ba/past-07.mp3	ba	Paal	past	7	אתם	בָּאתֶם
637	2	187	conjugations/ba/past-08.mp3	ba	Paal	past	8	אתן	בָּאתֶן
638	2	188	conjugations/ba/past-09.mp3	ba	Paal	past	9	הם	בָּאוּ
639	2	189	conjugations/ba/past-10.mp3	ba	Paal	past	10	הן	בָּאוּ
640	2	190	conjugations/ba/present-01.mp3	ba	Paal	present	1	אני	בָּא
641	2	191	conjugations/ba/present-02.mp3	ba	Paal	present	2	אני	בָּאָה
642	2	192	conjugations/ba/present-03.mp3	ba	Paal	present	3	אתה	בָּא
643	2	193	conjugations/ba/present-04.mp3	ba	Paal	present	4	את	בָּאָה
644	2	194	conjugations/ba/present-05.mp3	ba	Paal	present	5	הוא	בָּא
645	2	195	conjugations/ba/present-06.mp3	ba	Paal	present	6	היא	בָּאָה
646	2	196	conjugations/ba/present-07.mp3	ba	Paal	present	7	אנחנו	בָּאִים
647	2	197	conjugations/ba/present-08.mp3	ba	Paal	present	8	אנחנו	בָּאוֹת
648	2	198	conjugations/ba/present-09.mp3	ba	Paal	present	9	אתם	בָּאִים
649	2	199	conjugations/ba/present-10.mp3	ba	Paal	present	10	אתן	בָּאוֹת
650	2	200	conjugations/ba/present-11.mp3	ba	Paal	present	11	הם	בָּאִים
651	2	201	conjugations/ba/present-12.mp3	ba	Paal	present	12	הן	בָּאוֹת
652	2	202	conjugations/ba/future-01.mp3	ba	Paal	future	1	אני	אָבוֹא
653	2	203	conjugations/ba/future-02.mp3	ba	Paal	future	2	אתה	תָּבוֹא
654	2	204	conjugations/ba/future-03.mp3	ba	Paal	future	3	את	תָּבוֹאִי
655	2	205	conjugations/ba/future-04.mp3	ba	Paal	future	4	הוא	יָבוֹא
656	2	206	conjugations/ba/future-05.mp3	ba	Paal	future	5	היא	תָּבוֹא
657	2	207	conjugations/ba/future-06.mp3	ba	Paal	future	6	אנחנו	נָבוֹא
658	2	208	conjugations/ba/future-07.mp3	ba	Paal	future	7	אתם	תָּבוֹאוּ
659	2	209	conjugations/ba/future-08.mp3	ba	Paal	future	8	אתן	תָּבוֹאוּ
660	2	210	conjugations/ba/future-09.mp3	ba	Paal	future	9	הם	יָבוֹאוּ
661	2	211	conjugations/ba/future-10.mp3	ba	Paal	future	10	הן	יָבוֹאוּ
662	2	212	conjugations/ba/imperative-01.mp3	ba	Paal	imperative	1	אתה	בּוֹא
663	2	213	conjugations/ba/imperative-02.mp3	ba	Paal	imperative	2	את	בּוֹאִי
664	2	214	conjugations/ba/imperative-03.mp3	ba	Paal	imperative	3	אתם	בּוֹאוּ
665	2	215	conjugations/ba/imperative-04.mp3	ba	Paal	imperative	4	אתן	בֹּאנָה
666	2	216	conjugations/ba/infinitive-01.mp3	ba	Paal	infinitive	1		לָבוֹא
667	2	217	conjugations/chashav/past-01.mp3	chashav	Paal	past	1	אני	חָשַׁבְתִּי
668	2	218	conjugations/chashav/past-02.mp3	chashav	Paal	past	2	אתה	חָשַׁבְתָּ
669	2	219	conjugations/chashav/past-03.mp3	chashav	Paal	past	3	את	חָשַׁבְתְּ
670	2	220	conjugations/chashav/past-04.mp3	chashav	Paal	past	4	הוא	חָשַׁב
671	2	221	conjugations/chashav/past-05.mp3	chashav	Paal	past	5	היא	חָשְׁבָה
672	2	222	conjugations/chashav/past-06.mp3	chashav	Paal	past	6	אנחנו	חָשַׁבְנוּ
673	2	223	conjugations/chashav/past-07.mp3	chashav	Paal	past	7	אתם	חֲשַׁבְתֶּם
674	2	224	conjugations/chashav/past-08.mp3	chashav	Paal	past	8	אתן	חֲשַׁבְתֶּן
675	2	225	conjugations/chashav/past-09.mp3	chashav	Paal	past	9	הם	חָשְׁבוּ
676	2	226	conjugations/chashav/past-10.mp3	chashav	Paal	past	10	הן	חָשְׁבוּ
677	2	227	conjugations/chashav/present-01.mp3	chashav	Paal	present	1	אני	חוֹשֵׁב
678	2	228	conjugations/chashav/present-02.mp3	chashav	Paal	present	2	אני	חוֹשֶׁבֶת
679	2	229	conjugations/chashav/present-03.mp3	chashav	Paal	present	3	אתה	חוֹשֵׁב
680	2	230	conjugations/chashav/present-04.mp3	chashav	Paal	present	4	את	חוֹשֶׁבֶת
681	2	231	conjugations/chashav/present-05.mp3	chashav	Paal	present	5	הוא	חוֹשֵׁב
682	2	232	conjugations/chashav/present-06.mp3	chashav	Paal	present	6	היא	חוֹשֶׁבֶת
683	2	233	conjugations/chashav/present-07.mp3	chashav	Paal	present	7	אנחנו	חוֹשְׁבִים
684	2	234	conjugations/chashav/present-08.mp3	chashav	Paal	present	8	אנחנו	חוֹשְׁבוֹת
685	2	235	conjugations/chashav/present-09.mp3	chashav	Paal	present	9	אתם	חוֹשְׁבִים
686	2	236	conjugations/chashav/present-10.mp3	chashav	Paal	present	10	אתן	חוֹשְׁבוֹת
687	2	237	conjugations/chashav/present-11.mp3	chashav	Paal	present	11	הם	חוֹשְׁבִים
688	2	238	conjugations/chashav/present-12.mp3	chashav	Paal	present	12	הן	חוֹשְׁבוֹת
689	2	239	conjugations/chashav/future-01.mp3	chashav	Paal	future	1	אני	אֶחֱשׁוֹב
690	2	240	conjugations/chashav/future-02.mp3	chashav	Paal	future	2	אתה	תַּחֲשׁוֹב
691	2	241	conjugations/chashav/future-03.mp3	chashav	Paal	future	3	את	תַּחְשְׁבִי
692	2	242	conjugations/chashav/future-04.mp3	chashav	Paal	future	4	הוא	יַחֲשׁוֹב
693	2	243	conjugations/chashav/future-05.mp3	chashav	Paal	future	5	היא	תַּחֲשׁוֹב
694	2	244	conjugations/chashav/future-06.mp3	chashav	Paal	future	6	אנחנו	נַחֲשׁוֹב
695	2	245	conjugations/chashav/future-07.mp3	chashav	Paal	future	7	אתם	תַּחְשְׁבוּ
696	2	246	conjugations/chashav/future-08.mp3	chashav	Paal	future	8	אתן	תַּחְשְׁבוּ
697	2	247	conjugations/chashav/future-09.mp3	chashav	Paal	future	9	הם	יַחְשְׁבוּ
698	2	248	conjugations/chashav/future-10.mp3	chashav	Paal	future	10	הן	יַחְשְׁבוּ
699	2	249	conjugations/chashav/imperative-01.mp3	chashav	Paal	imperative	1	אתה	חֲשֹׁב
700	2	250	conjugations/chashav/imperative-02.mp3	chashav	Paal	imperative	2	את	חִשְׁבִי
701	2	251	conjugations/chashav/imperative-03.mp3	chashav	Paal	imperative	3	אתם	חִשְׁבוּ
702	2	252	conjugations/chashav/imperative-04.mp3	chashav	Paal	imperative	4	אתן	חֲשֹֹבְנָה
703	2	253	conjugations/chashav/infinitive-01.mp3	chashav	Paal	infinitive	1		לַחֲשׁוֹב
704	2	254	conjugations/ahav/past-01.mp3	ahav	Paal	past	1	אני	אָהַבְתִּי
705	2	255	conjugations/ahav/past-02.mp3	ahav	Paal	past	2	אתה	אָהַבְתָּ
706	2	256	conjugations/ahav/past-03.mp3	ahav	Paal	past	3	את	אָהַבְתְּ
707	2	257	conjugations/ahav/past-04.mp3	ahav	Paal	past	4	הוא	אָהַב
708	2	258	conjugations/ahav/past-05.mp3	ahav	Paal	past	5	היא	אָהֲבָה
709	2	259	conjugations/ahav/past-06.mp3	ahav	Paal	past	6	אנחנו	אָהַבְנוּ
710	2	260	conjugations/ahav/past-07.mp3	ahav	Paal	past	7	אתם	אֲהַבְתֶּם
711	2	261	conjugations/ahav/past-08.mp3	ahav	Paal	past	8	אתן	אֲהַבְתֶּן
712	2	262	conjugations/ahav/past-09.mp3	ahav	Paal	past	9	הם	אָהֲבוּ
713	2	263	conjugations/ahav/past-10.mp3	ahav	Paal	past	10	הן	אָהֲבוּ
714	2	264	conjugations/ahav/present-01.mp3	ahav	Paal	present	1	אני	אוֹהֵב
715	2	265	conjugations/ahav/present-02.mp3	ahav	Paal	present	2	אני	אוֹהֶבֶת
716	2	266	conjugations/ahav/present-03.mp3	ahav	Paal	present	3	אתה	אוֹהֵב
717	2	267	conjugations/ahav/present-04.mp3	ahav	Paal	present	4	את	אוֹהֶבֶת
718	2	268	conjugations/ahav/present-05.mp3	ahav	Paal	present	5	הוא	אוֹהֵב
719	2	269	conjugations/ahav/present-06.mp3	ahav	Paal	present	6	היא	אוֹהֶבֶת
720	2	270	conjugations/ahav/present-07.mp3	ahav	Paal	present	7	אנחנו	אוֹהֲבִים
721	2	271	conjugations/ahav/present-08.mp3	ahav	Paal	present	8	אנחנו	אוֹהֲבוֹת
722	2	272	conjugations/ahav/present-09.mp3	ahav	Paal	present	9	אתם	אוֹהֲבִים
723	2	273	conjugations/ahav/present-10.mp3	ahav	Paal	present	10	אתן	אוֹהֲבוֹת
724	2	274	conjugations/ahav/present-11.mp3	ahav	Paal	present	11	הם	אוֹהֲבִים
725	2	275	conjugations/ahav/present-12.mp3	ahav	Paal	present	12	הן	אוֹהֲבוֹת
726	2	276	conjugations/ahav/future-01.mp3	ahav	Paal	future	1	אני	אֹהַב
727	2	277	conjugations/ahav/future-02.mp3	ahav	Paal	future	2	אתה	תֹּאהַב
728	2	278	conjugations/ahav/future-03.mp3	ahav	Paal	future	3	את	תֹּאהֲבִי
729	2	279	conjugations/ahav/future-04.mp3	ahav	Paal	future	4	הוא	יֹאהַב
730	2	280	conjugations/ahav/future-05.mp3	ahav	Paal	future	5	היא	תֹּאהַב
731	2	281	conjugations/ahav/future-06.mp3	ahav	Paal	future	6	אנחנו	נֹאהַב
732	2	282	conjugations/ahav/future-07.mp3	ahav	Paal	future	7	אתם	תֹּאהֲבוּ
733	2	283	conjugations/ahav/future-08.mp3	ahav	Paal	future	8	אתן	תֹּאהֲבוּ
734	2	284	conjugations/ahav/future-09.mp3	ahav	Paal	future	9	הם	יֹאהֲבוּ
735	2	285	conjugations/ahav/future-10.mp3	ahav	Paal	future	10	הן	יֹאהֲבוּ
736	2	286	conjugations/ahav/imperative-01.mp3	ahav	Paal	imperative	1	אתה	אֱהַב
737	2	287	conjugations/ahav/imperative-02.mp3	ahav	Paal	imperative	2	את	אִהֲבִי
738	2	288	conjugations/ahav/imperative-03.mp3	ahav	Paal	imperative	3	אתם	אִהֲבוּ
739	2	289	conjugations/ahav/imperative-04.mp3	ahav	Paal	imperative	4	אתן	אֱהַבְנָה
740	2	290	conjugations/ahav/infinitive-01.mp3	ahav	Paal	infinitive	1		לֶאֱהוֹב
741	2	291	conjugations/ratzah/past-01.mp3	ratzah	Paal	past	1	אני	רָצִיתִי
742	2	292	conjugations/ratzah/past-02.mp3	ratzah	Paal	past	2	אתה	רָצִיתָ
743	2	293	conjugations/ratzah/past-03.mp3	ratzah	Paal	past	3	את	רָצִית
744	2	294	conjugations/ratzah/past-04.mp3	ratzah	Paal	past	4	הוא	רָצָה
745	2	295	conjugations/ratzah/past-05.mp3	ratzah	Paal	past	5	היא	רָצְתָה
746	2	296	conjugations/ratzah/past-06.mp3	ratzah	Paal	past	6	אנחנו	רָצִינוּ
747	2	297	conjugations/ratzah/past-07.mp3	ratzah	Paal	past	7	אתם	רְצִיתֶם
748	2	298	conjugations/ratzah/past-08.mp3	ratzah	Paal	past	8	אתן	רְצִיתֶן
749	2	299	conjugations/ratzah/past-09.mp3	ratzah	Paal	past	9	הם	רָצוּ
750	2	300	conjugations/ratzah/past-10.mp3	ratzah	Paal	past	10	הן	רָצוּ
751	2	301	conjugations/ratzah/present-01.mp3	ratzah	Paal	present	1	אני	רוֹצֶה
752	2	302	conjugations/ratzah/present-02.mp3	ratzah	Paal	present	2	אני	רוֹצָה
753	2	303	conjugations/ratzah/present-03.mp3	ratzah	Paal	present	3	אתה	רוֹצֶה
754	2	304	conjugations/ratzah/present-04.mp3	ratzah	Paal	present	4	את	רוֹצָה
755	2	305	conjugations/ratzah/present-05.mp3	ratzah	Paal	present	5	הוא	רוֹצֶה
756	2	306	conjugations/ratzah/present-06.mp3	ratzah	Paal	present	6	היא	רוֹצָה
757	2	307	conjugations/ratzah/present-07.mp3	ratzah	Paal	present	7	אנחנו	רוֹצִים
758	2	308	conjugations/ratzah/present-08.mp3	ratzah	Paal	present	8	אנחנו	רוֹצוֹת
759	2	309	conjugations/ratzah/present-09.mp3	ratzah	Paal	present	9	אתם	רוֹצִים
760	2	310	conjugations/ratzah/present-10.mp3	ratzah	Paal	present	10	אתן	רוֹצוֹת
761	2	311	conjugations/ratzah/present-11.mp3	ratzah	Paal	present	11	הם	רוֹצִים
762	2	312	conjugations/ratzah/present-12.mp3	ratzah	Paal	present	12	הן	רוֹצוֹת
763	2	313	conjugations/ratzah/future-01.mp3	ratzah	Paal	future	1	אני	אֶרְצֶה
764	2	314	conjugations/ratzah/future-02.mp3	ratzah	Paal	future	2	אתה	תִּרְצֶה
765	2	315	conjugations/ratzah/future-03.mp3	ratzah	Paal	future	3	את	תִּרְצִי
766	2	316	conjugations/ratzah/future-04.mp3	ratzah	Paal	future	4	הוא	יִרְצֶה
767	2	317	conjugations/ratzah/future-05.mp3	ratzah	Paal	future	5	היא	תִּרְצֶה
768	2	318	conjugations/ratzah/future-06.mp3	ratzah	Paal	future	6	אנחנו	נִרְצֶה
769	2	319	conjugations/ratzah/future-07.mp3	ratzah	Paal	future	7	אתם	תִּרְצוּ
770	2	320	conjugations/ratzah/future-08.mp3	ratzah	Paal	future	8	אתן	תִּרְצוּ
771	2	321	conjugations/ratzah/future-09.mp3	ratzah	Paal	future	9	הם	יִרְצוּ
772	2	322	conjugations/ratzah/future-10.mp3	ratzah	Paal	future	10	הן	יִרְצוּ
773	2	323	conjugations/ratzah/imperative-01.mp3	ratzah	Paal	imperative	1	אתה	רְצֵה
774	2	324	conjugations/ratzah/imperative-02.mp3	ratzah	Paal	imperative	2	את	רְצִי
775	2	325	conjugations/ratzah/imperative-03.mp3	ratzah	Paal	imperative	3	אתם	רְצוּ
776	2	326	conjugations/ratzah/imperative-04.mp3	ratzah	Paal	imperative	4	אתן	רְצֶינָה
777	2	327	conjugations/ratzah/infinitive-01.mp3	ratzah	Paal	infinitive	1		לִרְצוֹת
778	2	328	conjugations/natan/past-01.mp3	natan	Paal	past	1	אני	נָתַתִּי
779	2	329	conjugations/natan/past-02.mp3	natan	Paal	past	2	אתה	נָתַתָּ
780	2	330	conjugations/natan/past-03.mp3	natan	Paal	past	3	את	נָתַתְּ
781	2	331	conjugations/natan/past-04.mp3	natan	Paal	past	4	הוא	נָתַן
782	2	332	conjugations/natan/past-05.mp3	natan	Paal	past	5	היא	נָתְנָה
783	2	333	conjugations/natan/past-06.mp3	natan	Paal	past	6	אנחנו	נָתַנּוּ
784	2	334	conjugations/natan/past-07.mp3	natan	Paal	past	7	אתם	נְתַתֶּם
785	2	335	conjugations/natan/past-08.mp3	natan	Paal	past	8	אתן	נְתַתֶּן
786	2	336	conjugations/natan/past-09.mp3	natan	Paal	past	9	הם	נָתְנוּ
787	2	337	conjugations/natan/past-10.mp3	natan	Paal	past	10	הן	נָתְנוּ
788	2	338	conjugations/natan/present-01.mp3	natan	Paal	present	1	אני	נוֹתֵן
789	2	339	conjugations/natan/present-02.mp3	natan	Paal	present	2	אני	נוֹתֶנֶת
790	2	340	conjugations/natan/present-03.mp3	natan	Paal	present	3	אתה	נוֹתֵן
791	2	341	conjugations/natan/present-04.mp3	natan	Paal	present	4	את	נוֹתֶנֶת
792	2	342	conjugations/natan/present-05.mp3	natan	Paal	present	5	הוא	נוֹתֵן
793	2	343	conjugations/natan/present-06.mp3	natan	Paal	present	6	היא	נוֹתֶנֶת
794	2	344	conjugations/natan/present-07.mp3	natan	Paal	present	7	אנחנו	נוֹתְנִים
795	2	345	conjugations/natan/present-08.mp3	natan	Paal	present	8	אנחנו	נוֹתְנוֹת
796	2	346	conjugations/natan/present-09.mp3	natan	Paal	present	9	אתם	נוֹתְנִים
797	2	347	conjugations/natan/present-10.mp3	natan	Paal	present	10	אתן	נוֹתְנוֹת
798	2	348	conjugations/natan/present-11.mp3	natan	Paal	present	11	הם	נוֹתְנִים
799	2	349	conjugations/natan/present-12.mp3	natan	Paal	present	12	הן	נוֹתְנוֹת
800	2	350	conjugations/natan/future-01.mp3	natan	Paal	future	1	אני	אֶתֵּן
801	2	351	conjugations/natan/future-02.mp3	natan	Paal	future	2	אתה	תִּתֵּן
802	2	352	conjugations/natan/future-03.mp3	natan	Paal	future	3	את	תִּתְּנִי
803	2	353	conjugations/natan/future-04.mp3	natan	Paal	future	4	הוא	יִתֵּן
804	2	354	conjugations/natan/future-05.mp3	natan	Paal	future	5	היא	תִּתֵּן
805	2	355	conjugations/natan/future-06.mp3	natan	Paal	future	6	אנחנו	נִתֵּן
806	2	356	conjugations/natan/future-07.mp3	natan	Paal	future	7	אתם	תִּתְּנוּ
807	2	357	conjugations/natan/future-08.mp3	natan	Paal	future	8	אתן	תִּתְּנוּ
808	2	358	conjugations/natan/future-09.mp3	natan	Paal	future	9	הם	יִתְּנוּ
809	2	359	conjugations/natan/future-10.mp3	natan	Paal	future	10	הן	יִתְּנוּ
810	2	360	conjugations/natan/imperative-01.mp3	natan	Paal	imperative	1	אתה	תֵּן
811	2	361	conjugations/natan/imperative-02.mp3	natan	Paal	imperative	2	את	תְּנִי
812	2	362	conjugations/natan/imperative-03.mp3	natan	Paal	imperative	3	אתם	תְּנוּ
813	2	363	conjugations/natan/imperative-04.mp3	natan	Paal	imperative	4	אתן	תֵּנָה
814	2	364	conjugations/natan/infinitive-01.mp3	natan	Paal	infinitive	1		לָתֵת
815	2	365	conjugations/pagash/past-01.mp3	pagash	Paal	past	1	אני	פָּגַשְׁתִּי
816	2	366	conjugations/pagash/past-02.mp3	pagash	Paal	past	2	אתה	פָּגַשְׁתָּ
817	2	367	conjugations/pagash/past-03.mp3	pagash	Paal	past	3	את	פָּגַשְׁתְּ
818	2	368	conjugations/pagash/past-04.mp3	pagash	Paal	past	4	הוא	פָּגַשׁ
819	2	369	conjugations/pagash/past-05.mp3	pagash	Paal	past	5	היא	פָּגְשָׁה
820	2	370	conjugations/pagash/past-06.mp3	pagash	Paal	past	6	אנחנו	פָּגַשְׁנוּ
821	2	371	conjugations/pagash/past-07.mp3	pagash	Paal	past	7	אתם	פְּגַשְׁתֶּם
822	2	372	conjugations/pagash/past-08.mp3	pagash	Paal	past	8	אתן	פְּגַשְׁתֶּן
823	2	373	conjugations/pagash/past-09.mp3	pagash	Paal	past	9	הם	פָּגְשׁוּ
824	2	374	conjugations/pagash/past-10.mp3	pagash	Paal	past	10	הן	פָּגְשׁוּ
825	2	375	conjugations/pagash/present-01.mp3	pagash	Paal	present	1	אני	פּוֹגֵשׁ
826	2	376	conjugations/pagash/present-02.mp3	pagash	Paal	present	2	אני	פּוֹגֶשֶׁת
827	2	377	conjugations/pagash/present-03.mp3	pagash	Paal	present	3	אתה	פּוֹגֵשׁ
828	2	378	conjugations/pagash/present-04.mp3	pagash	Paal	present	4	את	פּוֹגֶשֶׁת
829	2	379	conjugations/pagash/present-05.mp3	pagash	Paal	present	5	הוא	פּוֹגֵשׁ
830	2	380	conjugations/pagash/present-06.mp3	pagash	Paal	present	6	היא	פּוֹגֶשֶׁת
831	2	381	conjugations/pagash/present-07.mp3	pagash	Paal	present	7	אנחנו	פּוֹגְשִׁים
832	2	382	conjugations/pagash/present-08.mp3	pagash	Paal	present	8	אנחנו	פּוֹגְשׁוֹת
833	2	383	conjugations/pagash/present-09.mp3	pagash	Paal	present	9	אתם	פּוֹגְשִׁים
834	2	384	conjugations/pagash/present-10.mp3	pagash	Paal	present	10	אתן	פּוֹגְשׁוֹת
835	2	385	conjugations/pagash/present-11.mp3	pagash	Paal	present	11	הם	פּוֹגְשִׁים
836	2	386	conjugations/pagash/present-12.mp3	pagash	Paal	present	12	הן	פּוֹגְשׁוֹת
837	2	387	conjugations/pagash/future-01.mp3	pagash	Paal	future	1	אני	אֶפְגּוֹשׁ
838	2	388	conjugations/pagash/future-02.mp3	pagash	Paal	future	2	אתה	תִּפְגּוֹשׁ
839	2	389	conjugations/pagash/future-03.mp3	pagash	Paal	future	3	את	תִּפְגְּשִׁי
840	2	390	conjugations/pagash/future-04.mp3	pagash	Paal	future	4	הוא	יִפְגּוֹשׁ
841	2	391	conjugations/pagash/future-05.mp3	pagash	Paal	future	5	היא	תִּפְגּוֹשׁ
842	2	392	conjugations/pagash/future-06.mp3	pagash	Paal	future	6	אנחנו	נִפְגּוֹשׁ
843	2	393	conjugations/pagash/future-07.mp3	pagash	Paal	future	7	אתם	תִּפְגְּשׁוּ
844	2	394	conjugations/pagash/future-08.mp3	pagash	Paal	future	8	אתן	תִּפְגְּשׁוּ
845	2	395	conjugations/pagash/future-09.mp3	pagash	Paal	future	9	הם	יִפְגְּשׁוּ
846	2	396	conjugations/pagash/future-10.mp3	pagash	Paal	future	10	הן	יִפְגְּשׁוּ
847	2	397	conjugations/pagash/imperative-01.mp3	pagash	Paal	imperative	1	אתה	פְּגוֹשׁ
848	2	398	conjugations/pagash/imperative-02.mp3	pagash	Paal	imperative	2	את	פִּגְשִׁי
849	2	399	conjugations/pagash/imperative-03.mp3	pagash	Paal	imperative	3	אתם	פִּגְשׁוּ
850	2	400	conjugations/pagash/imperative-04.mp3	pagash	Paal	imperative	4	אתן	פְּגוֹשְׁנָה
851	2	401	conjugations/pagash/infinitive-01.mp3	pagash	Paal	infinitive	1		לִפְגּוֹשׁ
852	2	402	conjugations/yashan/past-01.mp3	yashan	Paal	past	1	אני	יָשַׁנְתִּי
853	2	403	conjugations/yashan/past-02.mp3	yashan	Paal	past	2	אתה	יָשַׁנְתָּ
854	2	404	conjugations/yashan/past-03.mp3	yashan	Paal	past	3	את	יָשַׁנְתְּ
855	2	405	conjugations/yashan/past-04.mp3	yashan	Paal	past	4	הוא	יָשַׁן
856	2	406	conjugations/yashan/past-05.mp3	yashan	Paal	past	5	היא	יָשְׁנָה
857	2	407	conjugations/yashan/past-06.mp3	yashan	Paal	past	6	אנחנו	יָשַׁנּוּ
858	2	408	conjugations/yashan/past-07.mp3	yashan	Paal	past	7	אתם	יְשַׁנְתֶּם
859	2	409	conjugations/yashan/past-08.mp3	yashan	Paal	past	8	אתן	יְשַׁנְתֶּן
860	2	410	conjugations/yashan/past-09.mp3	yashan	Paal	past	9	הם	יָשְׁנוּ
861	2	411	conjugations/yashan/past-10.mp3	yashan	Paal	past	10	הן	יָשְׁנוּ
862	2	412	conjugations/yashan/present-01.mp3	yashan	Paal	present	1	אני	יָשֵׁן
863	2	413	conjugations/yashan/present-02.mp3	yashan	Paal	present	2	אני	יְשֵׁנָה
864	2	414	conjugations/yashan/present-03.mp3	yashan	Paal	present	3	אתה	יָשֵׁן
865	2	415	conjugations/yashan/present-04.mp3	yashan	Paal	present	4	את	יְשֵׁנָה
866	2	416	conjugations/yashan/present-05.mp3	yashan	Paal	present	5	הוא	יָשֵׁן
867	2	417	conjugations/yashan/present-06.mp3	yashan	Paal	present	6	היא	יְשֵׁנָה
868	2	418	conjugations/yashan/present-07.mp3	yashan	Paal	present	7	אנחנו	יְשֵׁנִים
869	2	419	conjugations/yashan/present-08.mp3	yashan	Paal	present	8	אנחנו	יְשֵׁנוֹת
870	2	420	conjugations/yashan/present-09.mp3	yashan	Paal	present	9	אתם	יְשֵׁנִים
871	2	421	conjugations/yashan/present-10.mp3	yashan	Paal	present	10	אתן	יְשֵׁנוֹת
872	2	422	conjugations/yashan/present-11.mp3	yashan	Paal	present	11	הם	יְשֵׁנִים
873	2	423	conjugations/yashan/present-12.mp3	yashan	Paal	present	12	הן	יְשֵׁנוֹת
874	2	424	conjugations/yashan/future-01.mp3	yashan	Paal	future	1	אני	אִישַׁן
875	2	425	conjugations/yashan/future-02.mp3	yashan	Paal	future	2	אתה	תִּישַׁן
876	2	426	conjugations/yashan/future-03.mp3	yashan	Paal	future	3	את	תִּישְׁנִי
877	2	427	conjugations/yashan/future-04.mp3	yashan	Paal	future	4	הוא	יִישַׁן
878	2	428	conjugations/yashan/future-05.mp3	yashan	Paal	future	5	היא	תִּישַׁן
879	2	429	conjugations/yashan/future-06.mp3	yashan	Paal	future	6	אנחנו	נִישַׁן
880	2	430	conjugations/yashan/future-07.mp3	yashan	Paal	future	7	אתם	תִּישְׁנוּ
881	2	431	conjugations/yashan/future-08.mp3	yashan	Paal	future	8	אתן	תִּישְׁנוּ
882	2	432	conjugations/yashan/future-09.mp3	yashan	Paal	future	9	הם	יִישְׁנוּ
883	2	433	conjugations/yashan/future-10.mp3	yashan	Paal	future	10	הן	יִישְׁנוּ
884	2	434	conjugations/yashan/imperative-01.mp3	yashan	Paal	imperative	1	אתה	שְׁן
885	2	435	conjugations/yashan/imperative-02.mp3	yashan	Paal	imperative	2	את	שִׁנִי
886	2	436	conjugations/yashan/imperative-03.mp3	yashan	Paal	imperative	3	אתם	שִׁנוּ
887	2	437	conjugations/yashan/imperative-04.mp3	yashan	Paal	imperative	4	אתן	שֵׁנָה
888	2	438	conjugations/yashan/infinitive-01.mp3	yashan	Paal	infinitive	1		לִישׁוֹן
889	2	439	conjugations/hishtamesh/past-01.mp3	hishtamesh	Hitpael	past	1	אני	הִשְׁתַּמַּשְׁתִּי
890	2	440	conjugations/hishtamesh/past-02.mp3	hishtamesh	Hitpael	past	2	אתה	הִשְׁתַּמַּשְׁתָּ
891	2	441	conjugations/hishtamesh/past-03.mp3	hishtamesh	Hitpael	past	3	את	הִשְׁתַּמַּשְׁתְּ
892	2	442	conjugations/hishtamesh/past-04.mp3	hishtamesh	Hitpael	past	4	הוא	הִשְׁתַּמֵּשׁ
893	2	443	conjugations/hishtamesh/past-05.mp3	hishtamesh	Hitpael	past	5	היא	הִשְׁתַּמְּשָׁה
894	2	444	conjugations/hishtamesh/past-06.mp3	hishtamesh	Hitpael	past	6	אנחנו	הִשְׁתַּמַּשְׁנוּ
895	2	445	conjugations/hishtamesh/past-07.mp3	hishtamesh	Hitpael	past	7	אתם	הִשְׁתַּמַּשְׁתֶּם
896	2	446	conjugations/hishtamesh/past-08.mp3	hishtamesh	Hitpael	past	8	אתן	הִשְׁתַּמַּשְׁתֶּן
897	2	447	conjugations/hishtamesh/past-09.mp3	hishtamesh	Hitpael	past	9	הם	הִשְׁתַּמְּשׁוּ
898	2	448	conjugations/hishtamesh/past-10.mp3	hishtamesh	Hitpael	past	10	הן	הִשְׁתַּמְּשׁוּ
899	2	449	conjugations/hishtamesh/present-01.mp3	hishtamesh	Hitpael	present	1	אני	מִשְׁתַּמֵּשׁ
900	2	450	conjugations/hishtamesh/present-02.mp3	hishtamesh	Hitpael	present	2	אני	מִשְׁתַּמֶּשֶׁת
901	3	1	conjugations/hishtamesh/present-03.mp3	hishtamesh	Hitpael	present	3	אתה	מִשְׁתַּמֵּשׁ
902	3	2	conjugations/hishtamesh/present-04.mp3	hishtamesh	Hitpael	present	4	את	מִשְׁתַּמֶּשֶׁת
903	3	3	conjugations/hishtamesh/present-05.mp3	hishtamesh	Hitpael	present	5	הוא	מִשְׁתַּמֵּשׁ
904	3	4	conjugations/hishtamesh/present-06.mp3	hishtamesh	Hitpael	present	6	היא	מִשְׁתַּמֶּשֶׁת
905	3	5	conjugations/hishtamesh/present-07.mp3	hishtamesh	Hitpael	present	7	אנחנו	מִשְׁתַּמְּשִׁים
906	3	6	conjugations/hishtamesh/present-08.mp3	hishtamesh	Hitpael	present	8	אנחנו	מִשְׁתַּמְּשׁוֹת
907	3	7	conjugations/hishtamesh/present-09.mp3	hishtamesh	Hitpael	present	9	אתם	מִשְׁתַּמְּשִׁים
908	3	8	conjugations/hishtamesh/present-10.mp3	hishtamesh	Hitpael	present	10	אתן	מִשְׁתַּמְּשׁוֹת
909	3	9	conjugations/hishtamesh/present-11.mp3	hishtamesh	Hitpael	present	11	הם	מִשְׁתַּמְּשִׁים
910	3	10	conjugations/hishtamesh/present-12.mp3	hishtamesh	Hitpael	present	12	הן	מִשְׁתַּמְּשׁוֹת
911	3	11	conjugations/hishtamesh/future-01.mp3	hishtamesh	Hitpael	future	1	אני	אֶשְׁתַּמֵּשׁ
912	3	12	conjugations/hishtamesh/future-02.mp3	hishtamesh	Hitpael	future	2	אתה	תִּשְׁתַּמֵּשׁ
913	3	13	conjugations/hishtamesh/future-03.mp3	hishtamesh	Hitpael	future	3	את	תִּשְׁתַּמְּשִׁי
914	3	14	conjugations/hishtamesh/future-04.mp3	hishtamesh	Hitpael	future	4	הוא	יִשְׁתַּמֵּשׁ
915	3	15	conjugations/hishtamesh/future-05.mp3	hishtamesh	Hitpael	future	5	היא	תִּשְׁתַּמֵּשׁ
916	3	16	conjugations/hishtamesh/future-06.mp3	hishtamesh	Hitpael	future	6	אנחנו	נִשְׁתַּמֵּשׁ
917	3	17	conjugations/hishtamesh/future-07.mp3	hishtamesh	Hitpael	future	7	אתם	תִּשְׁתַּמְּשׁוּ
918	3	18	conjugations/hishtamesh/future-08.mp3	hishtamesh	Hitpael	future	8	אתן	תִּשְׁתַּמְּשׁוּ
919	3	19	conjugations/hishtamesh/future-09.mp3	hishtamesh	Hitpael	future	9	הם	יִשְׁתַּמְּשׁוּ
920	3	20	conjugations/hishtamesh/future-10.mp3	hishtamesh	Hitpael	future	10	הן	יִשְׁתַּמְּשׁוּ
921	3	21	conjugations/hishtamesh/imperative-01.mp3	hishtamesh	Hitpael	imperative	1	אתה	הִשְׁתַּמֵּשׁ
922	3	22	conjugations/hishtamesh/imperative-02.mp3	hishtamesh	Hitpael	imperative	2	את	הִשְׁתַּמְּשִׁי
923	3	23	conjugations/hishtamesh/imperative-03.mp3	hishtamesh	Hitpael	imperative	3	אתם	הִשְׁתַּמְּשׁוּ
924	3	24	conjugations/hishtamesh/imperative-04.mp3	hishtamesh	Hitpael	imperative	4	אתן	הִשְׁתַּמֵּשְׁנָה
925	3	25	conjugations/hishtamesh/infinitive-01.mp3	hishtamesh	Hitpael	infinitive	1		לְהִשְׁתַּמֵּשׁ
926	3	26	conjugations/niknas/past-01.mp3	niknas	Nifal	past	1	אני	נִכְנַסְתִּי
927	3	27	conjugations/niknas/past-02.mp3	niknas	Nifal	past	2	אתה	נִכְנַסְתָּ
928	3	28	conjugations/niknas/past-03.mp3	niknas	Nifal	past	3	את	נִכְנַסְתְּ
929	3	29	conjugations/niknas/past-04.mp3	niknas	Nifal	past	4	הוא	נִכְנַס
930	3	30	conjugations/niknas/past-05.mp3	niknas	Nifal	past	5	היא	נִכְנְסָה
931	3	31	conjugations/niknas/past-06.mp3	niknas	Nifal	past	6	אנחנו	נִכְנַסְנוּ
932	3	32	conjugations/niknas/past-07.mp3	niknas	Nifal	past	7	אתם	נִכְנַסְתֶּם
933	3	33	conjugations/niknas/past-08.mp3	niknas	Nifal	past	8	אתן	נִכְנַסְתֶּן
934	3	34	conjugations/niknas/past-09.mp3	niknas	Nifal	past	9	הם	נִכְנְסוּ
935	3	35	conjugations/niknas/past-10.mp3	niknas	Nifal	past	10	הן	נִכְנְסוּ
936	3	36	conjugations/niknas/present-01.mp3	niknas	Nifal	present	1	אני	נִכְנָס
937	3	37	conjugations/niknas/present-02.mp3	niknas	Nifal	present	2	אני	נִכְנֶסֶת
938	3	38	conjugations/niknas/present-03.mp3	niknas	Nifal	present	3	אתה	נִכְנָס
939	3	39	conjugations/niknas/present-04.mp3	niknas	Nifal	present	4	את	נִכְנֶסֶת
940	3	40	conjugations/niknas/present-05.mp3	niknas	Nifal	present	5	הוא	נִכְנָס
941	3	41	conjugations/niknas/present-06.mp3	niknas	Nifal	present	6	היא	נִכְנֶסֶת
942	3	42	conjugations/niknas/present-07.mp3	niknas	Nifal	present	7	אנחנו	נִכְנָסִים
943	3	43	conjugations/niknas/present-08.mp3	niknas	Nifal	present	8	אנחנו	נִכְנָסוֹת
944	3	44	conjugations/niknas/present-09.mp3	niknas	Nifal	present	9	אתם	נִכְנָסִים
945	3	45	conjugations/niknas/present-10.mp3	niknas	Nifal	present	10	אתן	נִכְנָסוֹת
946	3	46	conjugations/niknas/present-11.mp3	niknas	Nifal	present	11	הם	נִכְנָסִים
947	3	47	conjugations/niknas/present-12.mp3	niknas	Nifal	present	12	הן	נִכְנָסוֹת
948	3	48	conjugations/niknas/future-01.mp3	niknas	Nifal	future	1	אני	אֶכָּנֵס
949	3	49	conjugations/niknas/future-02.mp3	niknas	Nifal	future	2	אתה	תִּכָּנֵס
950	3	50	conjugations/niknas/future-03.mp3	niknas	Nifal	future	3	את	תִּכָּנְסִי
951	3	51	conjugations/niknas/future-04.mp3	niknas	Nifal	future	4	הוא	יִכָּנֵס
952	3	52	conjugations/niknas/future-05.mp3	niknas	Nifal	future	5	היא	תִּכָּנֵס
953	3	53	conjugations/niknas/future-06.mp3	niknas	Nifal	future	6	אנחנו	נִכָּנֵס
954	3	54	conjugations/niknas/future-07.mp3	niknas	Nifal	future	7	אתם	תִּכָּנְסוּ
955	3	55	conjugations/niknas/future-08.mp3	niknas	Nifal	future	8	אתן	תִּכָּנְסוּ
956	3	56	conjugations/niknas/future-09.mp3	niknas	Nifal	future	9	הם	יִכָּנְסוּ
957	3	57	conjugations/niknas/future-10.mp3	niknas	Nifal	future	10	הן	יִכָּנְסוּ
958	3	58	conjugations/niknas/imperative-01.mp3	niknas	Nifal	imperative	1	אתה	הִכָּנֵס
959	3	59	conjugations/niknas/imperative-02.mp3	niknas	Nifal	imperative	2	את	הִכָּנְסִי
960	3	60	conjugations/niknas/imperative-03.mp3	niknas	Nifal	imperative	3	אתם	הִכָּנְסוּ
961	3	61	conjugations/niknas/imperative-04.mp3	niknas	Nifal	imperative	4	אתן	הִכָּנֵסְנָה
962	3	62	conjugations/niknas/infinitive-01.mp3	niknas	Nifal	infinitive	1		לְהִיכָּנֵס
963	3	63	conjugations/hisbir/past-01.mp3	hisbir	Hifil	past	1	אני	הִסְבַּרְתִּי
964	3	64	conjugations/hisbir/past-02.mp3	hisbir	Hifil	past	2	אתה	הִסְבַּרְתָּ
965	3	65	conjugations/hisbir/past-03.mp3	hisbir	Hifil	past	3	את	הִסְבַּרְתְּ
966	3	66	conjugations/hisbir/past-04.mp3	hisbir	Hifil	past	4	הוא	הִסְבִּיר
967	3	67	conjugations/hisbir/past-05.mp3	hisbir	Hifil	past	5	היא	הִסְבִּירָה
968	3	68	conjugations/hisbir/past-06.mp3	hisbir	Hifil	past	6	אנחנו	הִסְבַּרְנוּ
969	3	69	conjugations/hisbir/past-07.mp3	hisbir	Hifil	past	7	אתם	הִסְבַּרְתֶּם
970	3	70	conjugations/hisbir/past-08.mp3	hisbir	Hifil	past	8	אתן	הִסְבַּרְתֶּן
971	3	71	conjugations/hisbir/past-09.mp3	hisbir	Hifil	past	9	הם	הִסְבִּירוּ
972	3	72	conjugations/hisbir/past-10.mp3	hisbir	Hifil	past	10	הן	הִסְבִּירוּ
973	3	73	conjugations/hisbir/present-01.mp3	hisbir	Hifil	present	1	אני	מַסְבִּיר
974	3	74	conjugations/hisbir/present-02.mp3	hisbir	Hifil	present	2	אני	מַסְבִּירָה
975	3	75	conjugations/hisbir/present-03.mp3	hisbir	Hifil	present	3	אתה	מַסְבִּיר
976	3	76	conjugations/hisbir/present-04.mp3	hisbir	Hifil	present	4	את	מַסְבִּירָה
977	3	77	conjugations/hisbir/present-05.mp3	hisbir	Hifil	present	5	הוא	מַסְבִּיר
978	3	78	conjugations/hisbir/present-06.mp3	hisbir	Hifil	present	6	היא	מַסְבִּירָה
979	3	79	conjugations/hisbir/present-07.mp3	hisbir	Hifil	present	7	אנחנו	מַסְבִּירִים
980	3	80	conjugations/hisbir/present-08.mp3	hisbir	Hifil	present	8	אנחנו	מַסְבִּירוֹת
981	3	81	conjugations/hisbir/present-09.mp3	hisbir	Hifil	present	9	אתם	מַסְבִּירִים
982	3	82	conjugations/hisbir/present-10.mp3	hisbir	Hifil	present	10	אתן	מַסְבִּירוֹת
983	3	83	conjugations/hisbir/present-11.mp3	hisbir	Hifil	present	11	הם	מַסְבִּירִים
984	3	84	conjugations/hisbir/present-12.mp3	hisbir	Hifil	present	12	הן	מַסְבִּירוֹת
985	3	85	conjugations/hisbir/future-01.mp3	hisbir	Hifil	future	1	אני	אַסְבִּיר
986	3	86	conjugations/hisbir/future-02.mp3	hisbir	Hifil	future	2	אתה	תַּסְבִּיר
987	3	87	conjugations/hisbir/future-03.mp3	hisbir	Hifil	future	3	את	תַּסְבִּירִי
988	3	88	conjugations/hisbir/future-04.mp3	hisbir	Hifil	future	4	הוא	יַסְבִּיר
989	3	89	conjugations/hisbir/future-05.mp3	hisbir	Hifil	future	5	היא	תַּסְבִּיר
990	3	90	conjugations/hisbir/future-06.mp3	hisbir	Hifil	future	6	אנחנו	נַסְבִּיר
991	3	91	conjugations/hisbir/future-07.mp3	hisbir	Hifil	future	7	אתם	תַּסְבִּירוּ
992	3	92	conjugations/hisbir/future-08.mp3	hisbir	Hifil	future	8	אתן	תַּסְבִּירוּ
993	3	93	conjugations/hisbir/future-09.mp3	hisbir	Hifil	future	9	הם	יַסְבִּירוּ
994	3	94	conjugations/hisbir/future-10.mp3	hisbir	Hifil	future	10	הן	יַסְבִּירוּ
995	3	95	conjugations/hisbir/imperative-01.mp3	hisbir	Hifil	imperative	1	אתה	הַסְבֵּר
996	3	96	conjugations/hisbir/imperative-02.mp3	hisbir	Hifil	imperative	2	את	הַסְבִּירִי
997	3	97	conjugations/hisbir/imperative-03.mp3	hisbir	Hifil	imperative	3	אתם	הַסְבִּירוּ
998	3	98	conjugations/hisbir/imperative-04.mp3	hisbir	Hifil	imperative	4	אתן	הַסְבֵּרְנָה
999	3	99	conjugations/hisbir/infinitive-01.mp3	hisbir	Hifil	infinitive	1		לְהַסְבִּיר
1000	3	100	conjugations/hirgish/past-01.mp3	hirgish	Hifil	past	1	אני	הִרְגַּשְׁתִּי
1001	3	101	conjugations/hirgish/past-02.mp3	hirgish	Hifil	past	2	אתה	הִרְגַּשְׁתָּ
1002	3	102	conjugations/hirgish/past-03.mp3	hirgish	Hifil	past	3	את	הִרְגַּשְׁתְּ
1003	3	103	conjugations/hirgish/past-04.mp3	hirgish	Hifil	past	4	הוא	הִרְגִּישׁ
1004	3	104	conjugations/hirgish/past-05.mp3	hirgish	Hifil	past	5	היא	הִרְגִּישָׁה
1005	3	105	conjugations/hirgish/past-06.mp3	hirgish	Hifil	past	6	אנחנו	הִרְגַּשְׁנוּ
1006	3	106	conjugations/hirgish/past-07.mp3	hirgish	Hifil	past	7	אתם	הִרְגַּשְׁתֶּם
1007	3	107	conjugations/hirgish/past-08.mp3	hirgish	Hifil	past	8	אתן	הִרְגַּשְׁתֶּן
1008	3	108	conjugations/hirgish/past-09.mp3	hirgish	Hifil	past	9	הם	הִרְגִּישׁוּ
1009	3	109	conjugations/hirgish/past-10.mp3	hirgish	Hifil	past	10	הן	הִרְגִּישׁוּ
1010	3	110	conjugations/hirgish/present-01.mp3	hirgish	Hifil	present	1	אני	מַרְגִּישׁ
1011	3	111	conjugations/hirgish/present-02.mp3	hirgish	Hifil	present	2	אני	מַרְגִּישָׁה
1012	3	112	conjugations/hirgish/present-03.mp3	hirgish	Hifil	present	3	אתה	מַרְגִּישׁ
1013	3	113	conjugations/hirgish/present-04.mp3	hirgish	Hifil	present	4	את	מַרְגִּישָׁה
1014	3	114	conjugations/hirgish/present-05.mp3	hirgish	Hifil	present	5	הוא	מַרְגִּישׁ
1015	3	115	conjugations/hirgish/present-06.mp3	hirgish	Hifil	present	6	היא	מַרְגִּישָׁה
1016	3	116	conjugations/hirgish/present-07.mp3	hirgish	Hifil	present	7	אנחנו	מַרְגִּישִׁים
1017	3	117	conjugations/hirgish/present-08.mp3	hirgish	Hifil	present	8	אנחנו	מַרְגִּישׁוֹת
1018	3	118	conjugations/hirgish/present-09.mp3	hirgish	Hifil	present	9	אתם	מַרְגִּישִׁים
1019	3	119	conjugations/hirgish/present-10.mp3	hirgish	Hifil	present	10	אתן	מַרְגִּישׁוֹת
1020	3	120	conjugations/hirgish/present-11.mp3	hirgish	Hifil	present	11	הם	מַרְגִּישִׁים
1021	3	121	conjugations/hirgish/present-12.mp3	hirgish	Hifil	present	12	הן	מַרְגִּישׁוֹת
1022	3	122	conjugations/hirgish/future-01.mp3	hirgish	Hifil	future	1	אני	אַרְגִּישׁ
1023	3	123	conjugations/hirgish/future-02.mp3	hirgish	Hifil	future	2	אתה	תַּרְגִּישׁ
1024	3	124	conjugations/hirgish/future-03.mp3	hirgish	Hifil	future	3	את	תַּרְגִּישִׁי
1025	3	125	conjugations/hirgish/future-04.mp3	hirgish	Hifil	future	4	הוא	יַרְגִּישׁ
1026	3	126	conjugations/hirgish/future-05.mp3	hirgish	Hifil	future	5	היא	תַּרְגִּישׁ
1027	3	127	conjugations/hirgish/future-06.mp3	hirgish	Hifil	future	6	אנחנו	נַרְגִּישׁ
1028	3	128	conjugations/hirgish/future-07.mp3	hirgish	Hifil	future	7	אתם	תַּרְגִּישׁוּ
1029	3	129	conjugations/hirgish/future-08.mp3	hirgish	Hifil	future	8	אתן	תַּרְגִּישׁוּ
1030	3	130	conjugations/hirgish/future-09.mp3	hirgish	Hifil	future	9	הם	יַרְגִּישׁוּ
1031	3	131	conjugations/hirgish/future-10.mp3	hirgish	Hifil	future	10	הן	יַרְגִּישׁוּ
1032	3	132	conjugations/hirgish/imperative-01.mp3	hirgish	Hifil	imperative	1	אתה	הַרְגֵּשׁ
1033	3	133	conjugations/hirgish/imperative-02.mp3	hirgish	Hifil	imperative	2	את	הַרְגִּישִׁי
1034	3	134	conjugations/hirgish/imperative-03.mp3	hirgish	Hifil	imperative	3	אתם	הַרְגִּישׁוּ
1035	3	135	conjugations/hirgish/imperative-04.mp3	hirgish	Hifil	imperative	4	אתן	הַרְגֵּשְׁנָה
1036	3	136	conjugations/hirgish/infinitive-01.mp3	hirgish	Hifil	infinitive	1		לְהַרְגִּישׁ
1037	3	137	conjugations/hishpia/past-01.mp3	hishpia	Hifil	past	1	אני	הִשְׁפַּעְתִּי
1038	3	138	conjugations/hishpia/past-02.mp3	hishpia	Hifil	past	2	אתה	הִשְׁפַּעְתָּ
1039	3	139	conjugations/hishpia/past-03.mp3	hishpia	Hifil	past	3	את	הִשְׁפַּעְתְּ
1040	3	140	conjugations/hishpia/past-04.mp3	hishpia	Hifil	past	4	הוא	הִשְׁפִּיעַ
1041	3	141	conjugations/hishpia/past-05.mp3	hishpia	Hifil	past	5	היא	הִשְׁפִּיעָה
1042	3	142	conjugations/hishpia/past-06.mp3	hishpia	Hifil	past	6	אנחנו	הִשְׁפַּעְנוּ
1043	3	143	conjugations/hishpia/past-07.mp3	hishpia	Hifil	past	7	אתם	הִשְׁפַּעְתֶּם
1044	3	144	conjugations/hishpia/past-08.mp3	hishpia	Hifil	past	8	אתן	הִשְׁפַּעְתֶּן
1045	3	145	conjugations/hishpia/past-09.mp3	hishpia	Hifil	past	9	הם	הִשְׁפִּיעוּ
1046	3	146	conjugations/hishpia/past-10.mp3	hishpia	Hifil	past	10	הן	הִשְׁפִּיעוּ
1047	3	147	conjugations/hishpia/present-01.mp3	hishpia	Hifil	present	1	אני	מַשְׁפִּיעַ
1048	3	148	conjugations/hishpia/present-02.mp3	hishpia	Hifil	present	2	אני	מַשְׁפִּיעָה
1049	3	149	conjugations/hishpia/present-03.mp3	hishpia	Hifil	present	3	אתה	מַשְׁפִּיעַ
1050	3	150	conjugations/hishpia/present-04.mp3	hishpia	Hifil	present	4	את	מַשְׁפִּיעָה
1051	3	151	conjugations/hishpia/present-05.mp3	hishpia	Hifil	present	5	הוא	מַשְׁפִּיעַ
1052	3	152	conjugations/hishpia/present-06.mp3	hishpia	Hifil	present	6	היא	מַשְׁפִּיעָה
1053	3	153	conjugations/hishpia/present-07.mp3	hishpia	Hifil	present	7	אנחנו	מַשְׁפִּיעִים
1054	3	154	conjugations/hishpia/present-08.mp3	hishpia	Hifil	present	8	אנחנו	מַשְׁפִּיעוֹת
1055	3	155	conjugations/hishpia/present-09.mp3	hishpia	Hifil	present	9	אתם	מַשְׁפִּיעִים
1056	3	156	conjugations/hishpia/present-10.mp3	hishpia	Hifil	present	10	אתן	מַשְׁפִּיעוֹת
1057	3	157	conjugations/hishpia/present-11.mp3	hishpia	Hifil	present	11	הם	מַשְׁפִּיעִים
1058	3	158	conjugations/hishpia/present-12.mp3	hishpia	Hifil	present	12	הן	מַשְׁפִּיעוֹת
1059	3	159	conjugations/hishpia/future-01.mp3	hishpia	Hifil	future	1	אני	אַשְׁפִּיעַ
1060	3	160	conjugations/hishpia/future-02.mp3	hishpia	Hifil	future	2	אתה	תַּשְׁפִּיעַ
1061	3	161	conjugations/hishpia/future-03.mp3	hishpia	Hifil	future	3	את	תַּשְׁפִּיעִי
1062	3	162	conjugations/hishpia/future-04.mp3	hishpia	Hifil	future	4	הוא	יַשְׁפִּיעַ
1063	3	163	conjugations/hishpia/future-05.mp3	hishpia	Hifil	future	5	היא	תַּשְׁפִּיעַ
1064	3	164	conjugations/hishpia/future-06.mp3	hishpia	Hifil	future	6	אנחנו	נַשְׁפִּיעַ
1065	3	165	conjugations/hishpia/future-07.mp3	hishpia	Hifil	future	7	אתם	תַּשְׁפִּיעוּ
1066	3	166	conjugations/hishpia/future-08.mp3	hishpia	Hifil	future	8	אתן	תַּשְׁפִּיעוּ
1067	3	167	conjugations/hishpia/future-09.mp3	hishpia	Hifil	future	9	הם	יַשְׁפִּיעוּ
1068	3	168	conjugations/hishpia/future-10.mp3	hishpia	Hifil	future	10	הן	יַשְׁפִּיעוּ
1069	3	169	conjugations/hishpia/imperative-01.mp3	hishpia	Hifil	imperative	1	אתה	הַשְׁפַּע
1070	3	170	conjugations/hishpia/imperative-02.mp3	hishpia	Hifil	imperative	2	את	הַשְׁפִּיעִי
1071	3	171	conjugations/hishpia/imperative-03.mp3	hishpia	Hifil	imperative	3	אתם	הַשְׁפִּיעוּ
1072	3	172	conjugations/hishpia/imperative-04.mp3	hishpia	Hifil	imperative	4	אתן	הַשְׁפַּעְנָה
1073	3	173	conjugations/hishpia/infinitive-01.mp3	hishpia	Hifil	infinitive	1		לְהַשְׁפִּיעַ
1074	3	174	conjugations/hitnaheg/past-01.mp3	hitnaheg	Hitpael	past	1	אני	הִתְנַהַגְתִּי
1075	3	175	conjugations/hitnaheg/past-02.mp3	hitnaheg	Hitpael	past	2	אתה	הִתְנַהַגְתָּ
1076	3	176	conjugations/hitnaheg/past-03.mp3	hitnaheg	Hitpael	past	3	את	הִתְנַהַגְתְּ
1077	3	177	conjugations/hitnaheg/past-04.mp3	hitnaheg	Hitpael	past	4	הוא	הִתְנַהֵג
1078	3	178	conjugations/hitnaheg/past-05.mp3	hitnaheg	Hitpael	past	5	היא	הִתְנַהֲגָה
1079	3	179	conjugations/hitnaheg/past-06.mp3	hitnaheg	Hitpael	past	6	אנחנו	הִתְנַהַגְנוּ
1080	3	180	conjugations/hitnaheg/past-07.mp3	hitnaheg	Hitpael	past	7	אתם	הִתְנַהַגְתֶּם
1081	3	181	conjugations/hitnaheg/past-08.mp3	hitnaheg	Hitpael	past	8	אתן	הִתְנַהַגְתֶּן
1082	3	182	conjugations/hitnaheg/past-09.mp3	hitnaheg	Hitpael	past	9	הם	הִתְנַהֲגוּ
1083	3	183	conjugations/hitnaheg/past-10.mp3	hitnaheg	Hitpael	past	10	הן	הִתְנַהֲגוּ
1084	3	184	conjugations/hitnaheg/present-01.mp3	hitnaheg	Hitpael	present	1	אני	מִתְנַהֵג
1085	3	185	conjugations/hitnaheg/present-02.mp3	hitnaheg	Hitpael	present	2	אני	מִתְנַהֶגֶת
1086	3	186	conjugations/hitnaheg/present-03.mp3	hitnaheg	Hitpael	present	3	אתה	מִתְנַהֵג
1087	3	187	conjugations/hitnaheg/present-04.mp3	hitnaheg	Hitpael	present	4	את	מִתְנַהֶגֶת
1088	3	188	conjugations/hitnaheg/present-05.mp3	hitnaheg	Hitpael	present	5	הוא	מִתְנַהֵג
1089	3	189	conjugations/hitnaheg/present-06.mp3	hitnaheg	Hitpael	present	6	היא	מִתְנַהֶגֶת
1090	3	190	conjugations/hitnaheg/present-07.mp3	hitnaheg	Hitpael	present	7	אנחנו	מִתְנַהֲגִים
1091	3	191	conjugations/hitnaheg/present-08.mp3	hitnaheg	Hitpael	present	8	אנחנו	מִתְנַהֲגוֹת
1092	3	192	conjugations/hitnaheg/present-09.mp3	hitnaheg	Hitpael	present	9	אתם	מִתְנַהֲגִים
1093	3	193	conjugations/hitnaheg/present-10.mp3	hitnaheg	Hitpael	present	10	אתן	מִתְנַהֲגוֹת
1094	3	194	conjugations/hitnaheg/present-11.mp3	hitnaheg	Hitpael	present	11	הם	מִתְנַהֲגִים
1095	3	195	conjugations/hitnaheg/present-12.mp3	hitnaheg	Hitpael	present	12	הן	מִתְנַהֲגוֹת
1096	3	196	conjugations/hitnaheg/future-01.mp3	hitnaheg	Hitpael	future	1	אני	אֶתְנַהֵג
1097	3	197	conjugations/hitnaheg/future-02.mp3	hitnaheg	Hitpael	future	2	אתה	תִּתְנַהֵג
1098	3	198	conjugations/hitnaheg/future-03.mp3	hitnaheg	Hitpael	future	3	את	תִּתְנַהֲגִי
1099	3	199	conjugations/hitnaheg/future-04.mp3	hitnaheg	Hitpael	future	4	הוא	יִתְנַהֵג
1100	3	200	conjugations/hitnaheg/future-05.mp3	hitnaheg	Hitpael	future	5	היא	תִּתְנַהֵג
1101	3	201	conjugations/hitnaheg/future-06.mp3	hitnaheg	Hitpael	future	6	אנחנו	נִתְנַהֵג
1102	3	202	conjugations/hitnaheg/future-07.mp3	hitnaheg	Hitpael	future	7	אתם	תִּתְנַהֲגוּ
1103	3	203	conjugations/hitnaheg/future-08.mp3	hitnaheg	Hitpael	future	8	אתן	תִּתְנַהֲגוּ
1104	3	204	conjugations/hitnaheg/future-09.mp3	hitnaheg	Hitpael	future	9	הם	יִתְנַהֲגוּ
1105	3	205	conjugations/hitnaheg/future-10.mp3	hitnaheg	Hitpael	future	10	הן	יִתְנַהֲגוּ
1106	3	206	conjugations/hitnaheg/imperative-01.mp3	hitnaheg	Hitpael	imperative	1	אתה	הִתְנַהֵג
1107	3	207	conjugations/hitnaheg/imperative-02.mp3	hitnaheg	Hitpael	imperative	2	את	הִתְנַהֲגִי
1108	3	208	conjugations/hitnaheg/imperative-03.mp3	hitnaheg	Hitpael	imperative	3	אתם	הִתְנַהֲגוּ
1109	3	209	conjugations/hitnaheg/imperative-04.mp3	hitnaheg	Hitpael	imperative	4	אתן	הִתְנַהַגְנָה
1110	3	210	conjugations/hitnaheg/infinitive-01.mp3	hitnaheg	Hitpael	infinitive	1		לְהִתְנַהֵג
1111	3	211	conjugations/leha-amin/past-01.mp3	leha'amin	Hifil	past	1	אני	הֶאֱמַנְתִּי
1112	3	212	conjugations/leha-amin/past-02.mp3	leha'amin	Hifil	past	2	אתה	הֶאֱמַנְתָּ
1113	3	213	conjugations/leha-amin/past-03.mp3	leha'amin	Hifil	past	3	את	הֶאֱמַנְתְּ
1114	3	214	conjugations/leha-amin/past-04.mp3	leha'amin	Hifil	past	4	הוא	הֶאֱמִין
1115	3	215	conjugations/leha-amin/past-05.mp3	leha'amin	Hifil	past	5	היא	הֶאֱמִינָה
1116	3	216	conjugations/leha-amin/past-06.mp3	leha'amin	Hifil	past	6	אנחנו	הֶאֱמַנּוּ
1117	3	217	conjugations/leha-amin/past-07.mp3	leha'amin	Hifil	past	7	אתם	הֶאֱמַנְתֶּם
1118	3	218	conjugations/leha-amin/past-08.mp3	leha'amin	Hifil	past	8	אתן	הֶאֱמַנְתֶּן
1119	3	219	conjugations/leha-amin/past-09.mp3	leha'amin	Hifil	past	9	הם	הֶאֱמִינוּ
1120	3	220	conjugations/leha-amin/past-10.mp3	leha'amin	Hifil	past	10	הן	הֶאֱמִינוּ
1121	3	221	conjugations/leha-amin/present-01.mp3	leha'amin	Hifil	present	1	אני	מַאֲמִין
1122	3	222	conjugations/leha-amin/present-02.mp3	leha'amin	Hifil	present	2	אני	מַאֲמִינָה
1123	3	223	conjugations/leha-amin/present-03.mp3	leha'amin	Hifil	present	3	אתה	מַאֲמִין
1124	3	224	conjugations/leha-amin/present-04.mp3	leha'amin	Hifil	present	4	את	מַאֲמִינָה
1125	3	225	conjugations/leha-amin/present-05.mp3	leha'amin	Hifil	present	5	הוא	מַאֲמִין
1126	3	226	conjugations/leha-amin/present-06.mp3	leha'amin	Hifil	present	6	היא	מַאֲמִינָה
1127	3	227	conjugations/leha-amin/present-07.mp3	leha'amin	Hifil	present	7	אנחנו	מַאֲמִינִים
1128	3	228	conjugations/leha-amin/present-08.mp3	leha'amin	Hifil	present	8	אנחנו	מַאֲמִינוֹת
1129	3	229	conjugations/leha-amin/present-09.mp3	leha'amin	Hifil	present	9	אתם	מַאֲמִינִים
1130	3	230	conjugations/leha-amin/present-10.mp3	leha'amin	Hifil	present	10	אתן	מַאֲמִינוֹת
1131	3	231	conjugations/leha-amin/present-11.mp3	leha'amin	Hifil	present	11	הם	מַאֲמִינִים
1132	3	232	conjugations/leha-amin/present-12.mp3	leha'amin	Hifil	present	12	הן	מַאֲמִינוֹת
1133	3	233	conjugations/leha-amin/future-01.mp3	leha'amin	Hifil	future	1	אני	אַאֲמִין
1134	3	234	conjugations/leha-amin/future-02.mp3	leha'amin	Hifil	future	2	אתה	תַּאֲמִין
1135	3	235	conjugations/leha-amin/future-03.mp3	leha'amin	Hifil	future	3	את	תַּאֲמִינִי
1136	3	236	conjugations/leha-amin/future-04.mp3	leha'amin	Hifil	future	4	הוא	יַאֲמִין
1137	3	237	conjugations/leha-amin/future-05.mp3	leha'amin	Hifil	future	5	היא	תַּאֲמִין
1138	3	238	conjugations/leha-amin/future-06.mp3	leha'amin	Hifil	future	6	אנחנו	נַאֲמִין
1139	3	239	conjugations/leha-amin/future-07.mp3	leha'amin	Hifil	future	7	אתם	תַּאֲמִינוּ
1140	3	240	conjugations/leha-amin/future-08.mp3	leha'amin	Hifil	future	8	אתן	תַּאֲמִינוּ
1141	3	241	conjugations/leha-amin/future-09.mp3	leha'amin	Hifil	future	9	הם	יַאֲמִינוּ
1142	3	242	conjugations/leha-amin/future-10.mp3	leha'amin	Hifil	future	10	הן	יַאֲמִינוּ
1143	3	243	conjugations/leha-amin/imperative-01.mp3	leha'amin	Hifil	imperative	1	אתה	הֶאֱמֵן
1144	3	244	conjugations/leha-amin/imperative-02.mp3	leha'amin	Hifil	imperative	2	את	הֶאֱמִינִי
1145	3	245	conjugations/leha-amin/imperative-03.mp3	leha'amin	Hifil	imperative	3	אתם	הֶאֱמִינוּ
1146	3	246	conjugations/leha-amin/imperative-04.mp3	leha'amin	Hifil	imperative	4	אתן	הֶאֱמֵנָה
1147	3	247	conjugations/leha-amin/infinitive-01.mp3	leha'amin	Hifil	infinitive	1		לְהַאֲמִין
1148	3	248	conjugations/lehakir/past-01.mp3	lehakir	Hifil	past	1	אני	הִכַּרְתִּי
1149	3	249	conjugations/lehakir/past-02.mp3	lehakir	Hifil	past	2	אתה	הִכַּרְתָּ
1150	3	250	conjugations/lehakir/past-03.mp3	lehakir	Hifil	past	3	את	הִכַּרְתְּ
1151	3	251	conjugations/lehakir/past-04.mp3	lehakir	Hifil	past	4	הוא	הִכִּיר
1152	3	252	conjugations/lehakir/past-05.mp3	lehakir	Hifil	past	5	היא	הִכִּירָה
1153	3	253	conjugations/lehakir/past-06.mp3	lehakir	Hifil	past	6	אנחנו	הִכַּרְנוּ
1154	3	254	conjugations/lehakir/past-07.mp3	lehakir	Hifil	past	7	אתם	הִכַּרְתֶּם
1155	3	255	conjugations/lehakir/past-08.mp3	lehakir	Hifil	past	8	אתן	הִכַּרְתֶּן
1156	3	256	conjugations/lehakir/past-09.mp3	lehakir	Hifil	past	9	הם	הִכִּירוּ
1157	3	257	conjugations/lehakir/past-10.mp3	lehakir	Hifil	past	10	הן	הִכִּירוּ
1158	3	258	conjugations/lehakir/present-01.mp3	lehakir	Hifil	present	1	אני	מַכִּיר
1159	3	259	conjugations/lehakir/present-02.mp3	lehakir	Hifil	present	2	אני	מַכִּירָה
1160	3	260	conjugations/lehakir/present-03.mp3	lehakir	Hifil	present	3	אתה	מַכִּיר
1161	3	261	conjugations/lehakir/present-04.mp3	lehakir	Hifil	present	4	את	מַכִּירָה
1162	3	262	conjugations/lehakir/present-05.mp3	lehakir	Hifil	present	5	הוא	מַכִּיר
1163	3	263	conjugations/lehakir/present-06.mp3	lehakir	Hifil	present	6	היא	מַכִּירָה
1164	3	264	conjugations/lehakir/present-07.mp3	lehakir	Hifil	present	7	אנחנו	מַכִּירִים
1165	3	265	conjugations/lehakir/present-08.mp3	lehakir	Hifil	present	8	אנחנו	מַכִּירוֹת
1166	3	266	conjugations/lehakir/present-09.mp3	lehakir	Hifil	present	9	אתם	מַכִּירִים
1167	3	267	conjugations/lehakir/present-10.mp3	lehakir	Hifil	present	10	אתן	מַכִּירוֹת
1168	3	268	conjugations/lehakir/present-11.mp3	lehakir	Hifil	present	11	הם	מַכִּירִים
1169	3	269	conjugations/lehakir/present-12.mp3	lehakir	Hifil	present	12	הן	מַכִּירוֹת
1170	3	270	conjugations/lehakir/future-01.mp3	lehakir	Hifil	future	1	אני	אַכִּיר
1171	3	271	conjugations/lehakir/future-02.mp3	lehakir	Hifil	future	2	אתה	תַּכִּיר
1172	3	272	conjugations/lehakir/future-03.mp3	lehakir	Hifil	future	3	את	תַּכִּירִי
1173	3	273	conjugations/lehakir/future-04.mp3	lehakir	Hifil	future	4	הוא	יַכִּיר
1174	3	274	conjugations/lehakir/future-05.mp3	lehakir	Hifil	future	5	היא	תַּכִּיר
1175	3	275	conjugations/lehakir/future-06.mp3	lehakir	Hifil	future	6	אנחנו	נַכִּיר
1176	3	276	conjugations/lehakir/future-07.mp3	lehakir	Hifil	future	7	אתם	תַּכִּירוּ
1177	3	277	conjugations/lehakir/future-08.mp3	lehakir	Hifil	future	8	אתן	תַּכִּירוּ
1178	3	278	conjugations/lehakir/future-09.mp3	lehakir	Hifil	future	9	הם	יַכִּירוּ
1179	3	279	conjugations/lehakir/future-10.mp3	lehakir	Hifil	future	10	הן	יַכִּירוּ
1180	3	280	conjugations/lehakir/imperative-01.mp3	lehakir	Hifil	imperative	1	אתה	הַכֵּר
1181	3	281	conjugations/lehakir/imperative-02.mp3	lehakir	Hifil	imperative	2	את	הַכִּירִי
1182	3	282	conjugations/lehakir/imperative-03.mp3	lehakir	Hifil	imperative	3	אתם	הַכִּירוּ
1183	3	283	conjugations/lehakir/imperative-04.mp3	lehakir	Hifil	imperative	4	אתן	הַכֵּרְנָה
1184	3	284	conjugations/lehakir/infinitive-01.mp3	lehakir	Hifil	infinitive	1		לְהַכִּיר
1185	3	285	conjugations/lehatkhil/past-01.mp3	lehatkhil	Hifil	past	1	אני	הִתְחַלְתִּי
1186	3	286	conjugations/lehatkhil/past-02.mp3	lehatkhil	Hifil	past	2	אתה	הִתְחַלְתָּ
1187	3	287	conjugations/lehatkhil/past-03.mp3	lehatkhil	Hifil	past	3	את	הִתְחַלְתְּ
1188	3	288	conjugations/lehatkhil/past-04.mp3	lehatkhil	Hifil	past	4	הוא	הִתְחִיל
1189	3	289	conjugations/lehatkhil/past-05.mp3	lehatkhil	Hifil	past	5	היא	הִתְחִילָה
1190	3	290	conjugations/lehatkhil/past-06.mp3	lehatkhil	Hifil	past	6	אנחנו	הִתְחַלְנוּ
1191	3	291	conjugations/lehatkhil/past-07.mp3	lehatkhil	Hifil	past	7	אתם	הִתְחַלְתֶּם
1192	3	292	conjugations/lehatkhil/past-08.mp3	lehatkhil	Hifil	past	8	אתן	הִתְחַלְתֶּן
1193	3	293	conjugations/lehatkhil/past-09.mp3	lehatkhil	Hifil	past	9	הם	הִתְחִילוּ
1194	3	294	conjugations/lehatkhil/past-10.mp3	lehatkhil	Hifil	past	10	הן	הִתְחִילוּ
1195	3	295	conjugations/lehatkhil/present-01.mp3	lehatkhil	Hifil	present	1	אני	מַתְחִיל
1196	3	296	conjugations/lehatkhil/present-02.mp3	lehatkhil	Hifil	present	2	אני	מַתְחִילָה
1197	3	297	conjugations/lehatkhil/present-03.mp3	lehatkhil	Hifil	present	3	אתה	מַתְחִיל
1198	3	298	conjugations/lehatkhil/present-04.mp3	lehatkhil	Hifil	present	4	את	מַתְחִילָה
1199	3	299	conjugations/lehatkhil/present-05.mp3	lehatkhil	Hifil	present	5	הוא	מַתְחִיל
1200	3	300	conjugations/lehatkhil/present-06.mp3	lehatkhil	Hifil	present	6	היא	מַתְחִילָה
1201	3	301	conjugations/lehatkhil/present-07.mp3	lehatkhil	Hifil	present	7	אנחנו	מַתְחִילִים
1202	3	302	conjugations/lehatkhil/present-08.mp3	lehatkhil	Hifil	present	8	אנחנו	מַתְחִילוֹת
1203	3	303	conjugations/lehatkhil/present-09.mp3	lehatkhil	Hifil	present	9	אתם	מַתְחִילִים
1204	3	304	conjugations/lehatkhil/present-10.mp3	lehatkhil	Hifil	present	10	אתן	מַתְחִילוֹת
1205	3	305	conjugations/lehatkhil/present-11.mp3	lehatkhil	Hifil	present	11	הם	מַתְחִילִים
1206	3	306	conjugations/lehatkhil/present-12.mp3	lehatkhil	Hifil	present	12	הן	מַתְחִילוֹת
1207	3	307	conjugations/lehatkhil/future-01.mp3	lehatkhil	Hifil	future	1	אני	אַתְחִיל
1208	3	308	conjugations/lehatkhil/future-02.mp3	lehatkhil	Hifil	future	2	אתה	תַּתְחִיל
1209	3	309	conjugations/lehatkhil/future-03.mp3	lehatkhil	Hifil	future	3	את	תַּתְחִילִי
1210	3	310	conjugations/lehatkhil/future-04.mp3	lehatkhil	Hifil	future	4	הוא	יַתְחִיל
1211	3	311	conjugations/lehatkhil/future-05.mp3	lehatkhil	Hifil	future	5	היא	תַּתְחִיל
1212	3	312	conjugations/lehatkhil/future-06.mp3	lehatkhil	Hifil	future	6	אנחנו	נַתְחִיל
1213	3	313	conjugations/lehatkhil/future-07.mp3	lehatkhil	Hifil	future	7	אתם	תַּתְחִילוּ
1214	3	314	conjugations/lehatkhil/future-08.mp3	lehatkhil	Hifil	future	8	אתן	תַּתְחִילוּ
1215	3	315	conjugations/lehatkhil/future-09.mp3	lehatkhil	Hifil	future	9	הם	יַתְחִילוּ
1216	3	316	conjugations/lehatkhil/future-10.mp3	lehatkhil	Hifil	future	10	הן	יַתְחִילוּ
1217	3	317	conjugations/lehatkhil/imperative-01.mp3	lehatkhil	Hifil	imperative	1	אתה	הַתְחֵל
1218	3	318	conjugations/lehatkhil/imperative-02.mp3	lehatkhil	Hifil	imperative	2	את	הַתְחִילִי
1219	3	319	conjugations/lehatkhil/imperative-03.mp3	lehatkhil	Hifil	imperative	3	אתם	הַתְחִילוּ
1220	3	320	conjugations/lehatkhil/imperative-04.mp3	lehatkhil	Hifil	imperative	4	אתן	הַתְחֵלְנָה
1221	3	321	conjugations/lehatkhil/infinitive-01.mp3	lehatkhil	Hifil	infinitive	1		לְהַתְחִיל
1222	3	322	conjugations/lehitkadem/past-01.mp3	lehitkadem	Hitpael	past	1	אני	הִתְקַדַּמְתִּי
1223	3	323	conjugations/lehitkadem/past-02.mp3	lehitkadem	Hitpael	past	2	אתה	הִתְקַדַּמְתָּ
1224	3	324	conjugations/lehitkadem/past-03.mp3	lehitkadem	Hitpael	past	3	את	הִתְקַדַּמְתְּ
1225	3	325	conjugations/lehitkadem/past-04.mp3	lehitkadem	Hitpael	past	4	הוא	הִתְקַדֵּם
1226	3	326	conjugations/lehitkadem/past-05.mp3	lehitkadem	Hitpael	past	5	היא	הִתְקַדְּמָה
1227	3	327	conjugations/lehitkadem/past-06.mp3	lehitkadem	Hitpael	past	6	אנחנו	הִתְקַדַּמְנוּ
1228	3	328	conjugations/lehitkadem/past-07.mp3	lehitkadem	Hitpael	past	7	אתם	הִתְקַדַּמְתֶּם
1229	3	329	conjugations/lehitkadem/past-08.mp3	lehitkadem	Hitpael	past	8	אתן	הִתְקַדַּמְתֶּן
1230	3	330	conjugations/lehitkadem/past-09.mp3	lehitkadem	Hitpael	past	9	הם	הִתְקַדְּמוּ
1231	3	331	conjugations/lehitkadem/past-10.mp3	lehitkadem	Hitpael	past	10	הן	הִתְקַדְּמוּ
1232	3	332	conjugations/lehitkadem/present-01.mp3	lehitkadem	Hitpael	present	1	אני	מִתְקַדֵּם
1233	3	333	conjugations/lehitkadem/present-02.mp3	lehitkadem	Hitpael	present	2	אני	מִתְקַדֶּמֶת
1234	3	334	conjugations/lehitkadem/present-03.mp3	lehitkadem	Hitpael	present	3	אתה	מִתְקַדֵּם
1235	3	335	conjugations/lehitkadem/present-04.mp3	lehitkadem	Hitpael	present	4	את	מִתְקַדֶּמֶת
1236	3	336	conjugations/lehitkadem/present-05.mp3	lehitkadem	Hitpael	present	5	הוא	מִתְקַדֵּם
1237	3	337	conjugations/lehitkadem/present-06.mp3	lehitkadem	Hitpael	present	6	היא	מִתְקַדֶּמֶת
1238	3	338	conjugations/lehitkadem/present-07.mp3	lehitkadem	Hitpael	present	7	אנחנו	מִתְקַדְּמִים
1239	3	339	conjugations/lehitkadem/present-08.mp3	lehitkadem	Hitpael	present	8	אנחנו	מִתְקַדְּמוֹת
1240	3	340	conjugations/lehitkadem/present-09.mp3	lehitkadem	Hitpael	present	9	אתם	מִתְקַדְּמִים
1241	3	341	conjugations/lehitkadem/present-10.mp3	lehitkadem	Hitpael	present	10	אתן	מִתְקַדְּמוֹת
1242	3	342	conjugations/lehitkadem/present-11.mp3	lehitkadem	Hitpael	present	11	הם	מִתְקַדְּמִים
1243	3	343	conjugations/lehitkadem/present-12.mp3	lehitkadem	Hitpael	present	12	הן	מִתְקַדְּמוֹת
1244	3	344	conjugations/lehitkadem/future-01.mp3	lehitkadem	Hitpael	future	1	אני	אֶתְקַדֵּם
1245	3	345	conjugations/lehitkadem/future-02.mp3	lehitkadem	Hitpael	future	2	אתה	תִּתְקַדֵּם
1246	3	346	conjugations/lehitkadem/future-03.mp3	lehitkadem	Hitpael	future	3	את	תִּתְקַדְּמִי
1247	3	347	conjugations/lehitkadem/future-04.mp3	lehitkadem	Hitpael	future	4	הוא	יִתְקַדֵּם
1248	3	348	conjugations/lehitkadem/future-05.mp3	lehitkadem	Hitpael	future	5	היא	תִּתְקַדֵּם
1249	3	349	conjugations/lehitkadem/future-06.mp3	lehitkadem	Hitpael	future	6	אנחנו	נִתְקַדֵּם
1250	3	350	conjugations/lehitkadem/future-07.mp3	lehitkadem	Hitpael	future	7	אתם	תִּתְקַדְּמוּ
1251	3	351	conjugations/lehitkadem/future-08.mp3	lehitkadem	Hitpael	future	8	אתן	תִּתְקַדְּמוּ
1252	3	352	conjugations/lehitkadem/future-09.mp3	lehitkadem	Hitpael	future	9	הם	יִתְקַדְּמוּ
1253	3	353	conjugations/lehitkadem/future-10.mp3	lehitkadem	Hitpael	future	10	הן	יִתְקַדְּמוּ
1254	3	354	conjugations/lehitkadem/imperative-01.mp3	lehitkadem	Hitpael	imperative	1	אתה	הִתְקַדֵּם
1255	3	355	conjugations/lehitkadem/imperative-02.mp3	lehitkadem	Hitpael	imperative	2	את	הִתְקַדְּמִי
1256	3	356	conjugations/lehitkadem/imperative-03.mp3	lehitkadem	Hitpael	imperative	3	אתם	הִתְקַדְּמוּ
1257	3	357	conjugations/lehitkadem/imperative-04.mp3	lehitkadem	Hitpael	imperative	4	אתן	הִתְקַדֵּמְנָה
1258	3	358	conjugations/lehitkadem/infinitive-01.mp3	lehitkadem	Hitpael	infinitive	1		לְהִתְקַדֵּם
1259	3	359	conjugations/lehafsik/past-01.mp3	lehafsik	Hifil	past	1	אני	הִפְסַקְתִּי
1260	3	360	conjugations/lehafsik/past-02.mp3	lehafsik	Hifil	past	2	אתה	הִפְסַקְתָּ
1261	3	361	conjugations/lehafsik/past-03.mp3	lehafsik	Hifil	past	3	את	הִפְסַקְתְּ
1262	3	362	conjugations/lehafsik/past-04.mp3	lehafsik	Hifil	past	4	הוא	הִפְסִיק
1263	3	363	conjugations/lehafsik/past-05.mp3	lehafsik	Hifil	past	5	היא	הִפְסִיקָה
1264	3	364	conjugations/lehafsik/past-06.mp3	lehafsik	Hifil	past	6	אנחנו	הִפְסַקְנוּ
1265	3	365	conjugations/lehafsik/past-07.mp3	lehafsik	Hifil	past	7	אתם	הִפְסַקְתֶּם
1266	3	366	conjugations/lehafsik/past-08.mp3	lehafsik	Hifil	past	8	אתן	הִפְסַקְתֶּן
1267	3	367	conjugations/lehafsik/past-09.mp3	lehafsik	Hifil	past	9	הם	הִפְסִיקוּ
1268	3	368	conjugations/lehafsik/past-10.mp3	lehafsik	Hifil	past	10	הן	הִפְסִיקוּ
1269	3	369	conjugations/lehafsik/present-01.mp3	lehafsik	Hifil	present	1	אני	מַפְסִיק
1270	3	370	conjugations/lehafsik/present-02.mp3	lehafsik	Hifil	present	2	אני	מַפְסִיקָה
1271	3	371	conjugations/lehafsik/present-03.mp3	lehafsik	Hifil	present	3	אתה	מַפְסִיק
1272	3	372	conjugations/lehafsik/present-04.mp3	lehafsik	Hifil	present	4	את	מַפְסִיקָה
1273	3	373	conjugations/lehafsik/present-05.mp3	lehafsik	Hifil	present	5	הוא	מַפְסִיק
1274	3	374	conjugations/lehafsik/present-06.mp3	lehafsik	Hifil	present	6	היא	מַפְסִיקָה
1275	3	375	conjugations/lehafsik/present-07.mp3	lehafsik	Hifil	present	7	אנחנו	מַפְסִיקִים
1276	3	376	conjugations/lehafsik/present-08.mp3	lehafsik	Hifil	present	8	אנחנו	מַפְסִיקוֹת
1277	3	377	conjugations/lehafsik/present-09.mp3	lehafsik	Hifil	present	9	אתם	מַפְסִיקִים
1278	3	378	conjugations/lehafsik/present-10.mp3	lehafsik	Hifil	present	10	אתן	מַפְסִיקוֹת
1279	3	379	conjugations/lehafsik/present-11.mp3	lehafsik	Hifil	present	11	הם	מַפְסִיקִים
1280	3	380	conjugations/lehafsik/present-12.mp3	lehafsik	Hifil	present	12	הן	מַפְסִיקוֹת
1281	3	381	conjugations/lehafsik/future-01.mp3	lehafsik	Hifil	future	1	אני	אַפְסִיק
1282	3	382	conjugations/lehafsik/future-02.mp3	lehafsik	Hifil	future	2	אתה	תַּפְסִיק
1283	3	383	conjugations/lehafsik/future-03.mp3	lehafsik	Hifil	future	3	את	תַּפְסִיקִי
1284	3	384	conjugations/lehafsik/future-04.mp3	lehafsik	Hifil	future	4	הוא	יַפְסִיק
1285	3	385	conjugations/lehafsik/future-05.mp3	lehafsik	Hifil	future	5	היא	תַּפְסִיק
1286	3	386	conjugations/lehafsik/future-06.mp3	lehafsik	Hifil	future	6	אנחנו	נַפְסִיק
1287	3	387	conjugations/lehafsik/future-07.mp3	lehafsik	Hifil	future	7	אתם	תַּפְסִיקוּ
1288	3	388	conjugations/lehafsik/future-08.mp3	lehafsik	Hifil	future	8	אתן	תַּפְסִיקוּ
1289	3	389	conjugations/lehafsik/future-09.mp3	lehafsik	Hifil	future	9	הם	יַפְסִיקוּ
1290	3	390	conjugations/lehafsik/future-10.mp3	lehafsik	Hifil	future	10	הן	יַפְסִיקוּ
1291	3	391	conjugations/lehafsik/imperative-01.mp3	lehafsik	Hifil	imperative	1	אתה	הַפְסֵק
1292	3	392	conjugations/lehafsik/imperative-02.mp3	lehafsik	Hifil	imperative	2	את	הַפְסִיקִי
1293	3	393	conjugations/lehafsik/imperative-03.mp3	lehafsik	Hifil	imperative	3	אתם	הַפְסִיקוּ
1294	3	394	conjugations/lehafsik/imperative-04.mp3	lehafsik	Hifil	imperative	4	אתן	הַפְסֵקְנָה
1295	3	395	conjugations/lehafsik/infinitive-01.mp3	lehafsik	Hifil	infinitive	1		לְהַפְסִיק
1296	3	396	conjugations/lehazmin/past-01.mp3	lehazmin	Hifil	past	1	אני	הִזְמַנְתִּי
1297	3	397	conjugations/lehazmin/past-02.mp3	lehazmin	Hifil	past	2	אתה	הִזְמַנְתָּ
1298	3	398	conjugations/lehazmin/past-03.mp3	lehazmin	Hifil	past	3	את	הִזְמַנְתְּ
1299	3	399	conjugations/lehazmin/past-04.mp3	lehazmin	Hifil	past	4	הוא	הִזְמִין
1300	3	400	conjugations/lehazmin/past-05.mp3	lehazmin	Hifil	past	5	היא	הִזְמִינָה
1301	3	401	conjugations/lehazmin/past-06.mp3	lehazmin	Hifil	past	6	אנחנו	הִזְמַנּוּ
1302	3	402	conjugations/lehazmin/past-07.mp3	lehazmin	Hifil	past	7	אתם	הִזְמַנְתֶּם
1303	3	403	conjugations/lehazmin/past-08.mp3	lehazmin	Hifil	past	8	אתן	הִזְמַנְתֶּן
1304	3	404	conjugations/lehazmin/past-09.mp3	lehazmin	Hifil	past	9	הם	הִזְמִינוּ
1305	3	405	conjugations/lehazmin/past-10.mp3	lehazmin	Hifil	past	10	הן	הִזְמִינוּ
1306	3	406	conjugations/lehazmin/present-01.mp3	lehazmin	Hifil	present	1	אני	מַזְמִין
1307	3	407	conjugations/lehazmin/present-02.mp3	lehazmin	Hifil	present	2	אני	מַזְמִינָה
1308	3	408	conjugations/lehazmin/present-03.mp3	lehazmin	Hifil	present	3	אתה	מַזְמִין
1309	3	409	conjugations/lehazmin/present-04.mp3	lehazmin	Hifil	present	4	את	מַזְמִינָה
1310	3	410	conjugations/lehazmin/present-05.mp3	lehazmin	Hifil	present	5	הוא	מַזְמִין
1311	3	411	conjugations/lehazmin/present-06.mp3	lehazmin	Hifil	present	6	היא	מַזְמִינָה
1312	3	412	conjugations/lehazmin/present-07.mp3	lehazmin	Hifil	present	7	אנחנו	מַזְמִינִים
1313	3	413	conjugations/lehazmin/present-08.mp3	lehazmin	Hifil	present	8	אנחנו	מַזְמִינוֹת
1314	3	414	conjugations/lehazmin/present-09.mp3	lehazmin	Hifil	present	9	אתם	מַזְמִינִים
1315	3	415	conjugations/lehazmin/present-10.mp3	lehazmin	Hifil	present	10	אתן	מַזְמִינוֹת
1316	3	416	conjugations/lehazmin/present-11.mp3	lehazmin	Hifil	present	11	הם	מַזְמִינִים
1317	3	417	conjugations/lehazmin/present-12.mp3	lehazmin	Hifil	present	12	הן	מַזְמִינוֹת
1318	3	418	conjugations/lehazmin/future-01.mp3	lehazmin	Hifil	future	1	אני	אַזְמִין
1319	3	419	conjugations/lehazmin/future-02.mp3	lehazmin	Hifil	future	2	אתה	תַּזְמִין
1320	3	420	conjugations/lehazmin/future-03.mp3	lehazmin	Hifil	future	3	את	תַּזְמִינִי
1321	3	421	conjugations/lehazmin/future-04.mp3	lehazmin	Hifil	future	4	הוא	יַזְמִין
1322	3	422	conjugations/lehazmin/future-05.mp3	lehazmin	Hifil	future	5	היא	תַּזְמִין
1323	3	423	conjugations/lehazmin/future-06.mp3	lehazmin	Hifil	future	6	אנחנו	נַזְמִין
1324	3	424	conjugations/lehazmin/future-07.mp3	lehazmin	Hifil	future	7	אתם	תַּזְמִינוּ
1325	3	425	conjugations/lehazmin/future-08.mp3	lehazmin	Hifil	future	8	אתן	תַּזְמִינוּ
1326	3	426	conjugations/lehazmin/future-09.mp3	lehazmin	Hifil	future	9	הם	יַזְמִינוּ
1327	3	427	conjugations/lehazmin/future-10.mp3	lehazmin	Hifil	future	10	הן	יַזְמִינוּ
1328	3	428	conjugations/lehazmin/imperative-01.mp3	lehazmin	Hifil	imperative	1	אתה	הַזְמֵן
1329	3	429	conjugations/lehazmin/imperative-02.mp3	lehazmin	Hifil	imperative	2	את	הַזְמִינִי
1330	3	430	conjugations/lehazmin/imperative-03.mp3	lehazmin	Hifil	imperative	3	אתם	הַזְמִינוּ
1331	3	431	conjugations/lehazmin/imperative-04.mp3	lehazmin	Hifil	imperative	4	אתן	הַזְמֵנָה
1332	3	432	conjugations/lehazmin/infinitive-01.mp3	lehazmin	Hifil	infinitive	1		לְהַזְמִין
1333	3	433	conjugations/lehash-ir/past-01.mp3	lehash'ir	Hifil	past	1	אני	הִשְׁאַרְתִּי
1334	3	434	conjugations/lehash-ir/past-02.mp3	lehash'ir	Hifil	past	2	אתה	הִשְׁאַרְתָּ
1335	3	435	conjugations/lehash-ir/past-03.mp3	lehash'ir	Hifil	past	3	את	הִשְׁאַרְתְּ
1336	3	436	conjugations/lehash-ir/past-04.mp3	lehash'ir	Hifil	past	4	הוא	הִשְׁאִיר
1337	3	437	conjugations/lehash-ir/past-05.mp3	lehash'ir	Hifil	past	5	היא	הִשְׁאִירָה
1338	3	438	conjugations/lehash-ir/past-06.mp3	lehash'ir	Hifil	past	6	אנחנו	הִשְׁאַרְנוּ
1339	3	439	conjugations/lehash-ir/past-07.mp3	lehash'ir	Hifil	past	7	אתם	הִשְׁאַרְתֶּם
1340	3	440	conjugations/lehash-ir/past-08.mp3	lehash'ir	Hifil	past	8	אתן	הִשְׁאַרְתֶּן
1341	3	441	conjugations/lehash-ir/past-09.mp3	lehash'ir	Hifil	past	9	הם	הִשְׁאִירוּ
1342	3	442	conjugations/lehash-ir/past-10.mp3	lehash'ir	Hifil	past	10	הן	הִשְׁאִירוּ
1343	3	443	conjugations/lehash-ir/present-01.mp3	lehash'ir	Hifil	present	1	אני	מַשְׁאִיר
1344	3	444	conjugations/lehash-ir/present-02.mp3	lehash'ir	Hifil	present	2	אני	מַשְׁאִירָה
1345	3	445	conjugations/lehash-ir/present-03.mp3	lehash'ir	Hifil	present	3	אתה	מַשְׁאִיר
1346	3	446	conjugations/lehash-ir/present-04.mp3	lehash'ir	Hifil	present	4	את	מַשְׁאִירָה
1347	3	447	conjugations/lehash-ir/present-05.mp3	lehash'ir	Hifil	present	5	הוא	מַשְׁאִיר
1348	3	448	conjugations/lehash-ir/present-06.mp3	lehash'ir	Hifil	present	6	היא	מַשְׁאִירָה
1349	3	449	conjugations/lehash-ir/present-07.mp3	lehash'ir	Hifil	present	7	אנחנו	מַשְׁאִירִים
1350	3	450	conjugations/lehash-ir/present-08.mp3	lehash'ir	Hifil	present	8	אנחנו	מַשְׁאִירוֹת
1351	4	1	conjugations/lehash-ir/present-09.mp3	lehash'ir	Hifil	present	9	אתם	מַשְׁאִירִים
1352	4	2	conjugations/lehash-ir/present-10.mp3	lehash'ir	Hifil	present	10	אתן	מַשְׁאִירוֹת
1353	4	3	conjugations/lehash-ir/present-11.mp3	lehash'ir	Hifil	present	11	הם	מַשְׁאִירִים
1354	4	4	conjugations/lehash-ir/present-12.mp3	lehash'ir	Hifil	present	12	הן	מַשְׁאִירוֹת
1355	4	5	conjugations/lehash-ir/future-01.mp3	lehash'ir	Hifil	future	1	אני	אַשְׁאִיר
1356	4	6	conjugations/lehash-ir/future-02.mp3	lehash'ir	Hifil	future	2	אתה	תַּשְׁאִיר
1357	4	7	conjugations/lehash-ir/future-03.mp3	lehash'ir	Hifil	future	3	את	תַּשְׁאִירִי
1358	4	8	conjugations/lehash-ir/future-04.mp3	lehash'ir	Hifil	future	4	הוא	יַשְׁאִיר
1359	4	9	conjugations/lehash-ir/future-05.mp3	lehash'ir	Hifil	future	5	היא	תַּשְׁאִיר
1360	4	10	conjugations/lehash-ir/future-06.mp3	lehash'ir	Hifil	future	6	אנחנו	נַשְׁאִיר
1361	4	11	conjugations/lehash-ir/future-07.mp3	lehash'ir	Hifil	future	7	אתם	תַּשְׁאִירוּ
1362	4	12	conjugations/lehash-ir/future-08.mp3	lehash'ir	Hifil	future	8	אתן	תַּשְׁאִירוּ
1363	4	13	conjugations/lehash-ir/future-09.mp3	lehash'ir	Hifil	future	9	הם	יַשְׁאִירוּ
1364	4	14	conjugations/lehash-ir/future-10.mp3	lehash'ir	Hifil	future	10	הן	יַשְׁאִירוּ
1365	4	15	conjugations/lehash-ir/imperative-01.mp3	lehash'ir	Hifil	imperative	1	אתה	הַשְׁאֵר
1366	4	16	conjugations/lehash-ir/imperative-02.mp3	lehash'ir	Hifil	imperative	2	את	הַשְׁאִירִי
1367	4	17	conjugations/lehash-ir/imperative-03.mp3	lehash'ir	Hifil	imperative	3	אתם	הַשְׁאִירוּ
1368	4	18	conjugations/lehash-ir/imperative-04.mp3	lehash'ir	Hifil	imperative	4	אתן	הַשְׁאֵרְנָה
1369	4	19	conjugations/lehash-ir/infinitive-01.mp3	lehash'ir	Hifil	infinitive	1		לְהַשְׁאִיר
1370	4	20	conjugations/lehatzia/past-01.mp3	lehatzia	Hifil	past	1	אני	הִצַּעְתִּי
1371	4	21	conjugations/lehatzia/past-02.mp3	lehatzia	Hifil	past	2	אתה	הִצַּעְתָּ
1372	4	22	conjugations/lehatzia/past-03.mp3	lehatzia	Hifil	past	3	את	הִצַּעְתְּ
1373	4	23	conjugations/lehatzia/past-04.mp3	lehatzia	Hifil	past	4	הוא	הִצִּיעַ
1374	4	24	conjugations/lehatzia/past-05.mp3	lehatzia	Hifil	past	5	היא	הִצִּיעָה
1375	4	25	conjugations/lehatzia/past-06.mp3	lehatzia	Hifil	past	6	אנחנו	הִצַּעְנוּ
1376	4	26	conjugations/lehatzia/past-07.mp3	lehatzia	Hifil	past	7	אתם	הִצַּעְתֶּם
1377	4	27	conjugations/lehatzia/past-08.mp3	lehatzia	Hifil	past	8	אתן	הִצַּעְתֶּן
1378	4	28	conjugations/lehatzia/past-09.mp3	lehatzia	Hifil	past	9	הם	הִצִּיעוּ
1379	4	29	conjugations/lehatzia/past-10.mp3	lehatzia	Hifil	past	10	הן	הִצִּיעוּ
1380	4	30	conjugations/lehatzia/present-01.mp3	lehatzia	Hifil	present	1	אני	מַצִּיעַ
1381	4	31	conjugations/lehatzia/present-02.mp3	lehatzia	Hifil	present	2	אני	מַצִּיעָה
1382	4	32	conjugations/lehatzia/present-03.mp3	lehatzia	Hifil	present	3	אתה	מַצִּיעַ
1383	4	33	conjugations/lehatzia/present-04.mp3	lehatzia	Hifil	present	4	את	מַצִּיעָה
1384	4	34	conjugations/lehatzia/present-05.mp3	lehatzia	Hifil	present	5	הוא	מַצִּיעַ
1385	4	35	conjugations/lehatzia/present-06.mp3	lehatzia	Hifil	present	6	היא	מַצִּיעָה
1386	4	36	conjugations/lehatzia/present-07.mp3	lehatzia	Hifil	present	7	אנחנו	מציעים
1387	4	37	conjugations/lehatzia/present-08.mp3	lehatzia	Hifil	present	8	אנחנו	מציעות
1388	4	38	conjugations/lehatzia/present-09.mp3	lehatzia	Hifil	present	9	אתם	מציעים
1389	4	39	conjugations/lehatzia/present-10.mp3	lehatzia	Hifil	present	10	אתן	מציעות
1390	4	40	conjugations/lehatzia/present-11.mp3	lehatzia	Hifil	present	11	הם	מציעים
1391	4	41	conjugations/lehatzia/present-12.mp3	lehatzia	Hifil	present	12	הן	מציעות
1392	4	42	conjugations/lehatzia/future-01.mp3	lehatzia	Hifil	future	1	אני	אַצִּיעַ
1393	4	43	conjugations/lehatzia/future-02.mp3	lehatzia	Hifil	future	2	אתה	תַּצִּיעַ
1394	4	44	conjugations/lehatzia/future-03.mp3	lehatzia	Hifil	future	3	את	תַּצִּיעִי
1395	4	45	conjugations/lehatzia/future-04.mp3	lehatzia	Hifil	future	4	הוא	יַצִּיעַ
1396	4	46	conjugations/lehatzia/future-05.mp3	lehatzia	Hifil	future	5	היא	תַּצִּיעַ
1397	4	47	conjugations/lehatzia/future-06.mp3	lehatzia	Hifil	future	6	אנחנו	נַצִּיעַ
1398	4	48	conjugations/lehatzia/future-07.mp3	lehatzia	Hifil	future	7	אתם	תַּצִּיעוּ
1399	4	49	conjugations/lehatzia/future-08.mp3	lehatzia	Hifil	future	8	אתן	תַּצִּיעוּ
1400	4	50	conjugations/lehatzia/future-09.mp3	lehatzia	Hifil	future	9	הם	יַצִּיעוּ
1401	4	51	conjugations/lehatzia/future-10.mp3	lehatzia	Hifil	future	10	הן	יַצִּיעוּ
1402	4	52	conjugations/lehatzia/imperative-01.mp3	lehatzia	Hifil	imperative	1	אתה	הַצַּע
1403	4	53	conjugations/lehatzia/imperative-02.mp3	lehatzia	Hifil	imperative	2	את	הַצִּיעִי
1404	4	54	conjugations/lehatzia/imperative-03.mp3	lehatzia	Hifil	imperative	3	אתם	הַצִּיעוּ
1405	4	55	conjugations/lehatzia/imperative-04.mp3	lehatzia	Hifil	imperative	4	אתן	הַצַּעְנָה
1406	4	56	conjugations/lehatzia/infinitive-01.mp3	lehatzia	Hifil	infinitive	1		לְהַצִּיעַ
1407	4	57	conjugations/lechapes/past-01.mp3	lechapes	Piel	past	1	אני	חִפַּשְׂתִּי
1408	4	58	conjugations/lechapes/past-02.mp3	lechapes	Piel	past	2	אתה	חִפַּשְׂתָּ
1409	4	59	conjugations/lechapes/past-03.mp3	lechapes	Piel	past	3	את	חִיפַּשְׂתְּ
1410	4	60	conjugations/lechapes/past-04.mp3	lechapes	Piel	past	4	הוא	חִפֵּשׂ
1411	4	61	conjugations/lechapes/past-05.mp3	lechapes	Piel	past	5	היא	חִפְּשָׂה
1412	4	62	conjugations/lechapes/past-06.mp3	lechapes	Piel	past	6	אנחנו	חִפַּשְׂנוּ
1413	4	63	conjugations/lechapes/past-07.mp3	lechapes	Piel	past	7	אתם	חִפַּשְׂתֶּם
1414	4	64	conjugations/lechapes/past-08.mp3	lechapes	Piel	past	8	אתן	חִפַּשְׂתֶּן
1415	4	65	conjugations/lechapes/past-09.mp3	lechapes	Piel	past	9	הם	חִפְּשׂוּ
1416	4	66	conjugations/lechapes/past-10.mp3	lechapes	Piel	past	10	הן	חִפְּשׂוּ
1417	4	67	conjugations/lechapes/present-01.mp3	lechapes	Piel	present	1	אני	מְחַפֵּשׂ
1418	4	68	conjugations/lechapes/present-02.mp3	lechapes	Piel	present	2	אני	מְחַפֶּשֶׂת
1419	4	69	conjugations/lechapes/present-03.mp3	lechapes	Piel	present	3	אתה	מְחַפֵּשׂ
1420	4	70	conjugations/lechapes/present-04.mp3	lechapes	Piel	present	4	את	מְחַפֶּשֶׂת
1421	4	71	conjugations/lechapes/present-05.mp3	lechapes	Piel	present	5	הוא	מְחַפֵּשׂ
1422	4	72	conjugations/lechapes/present-06.mp3	lechapes	Piel	present	6	היא	מְחַפֶּשֶׂת
1423	4	73	conjugations/lechapes/present-07.mp3	lechapes	Piel	present	7	אנחנו	מְחַפְּשִׂים
1424	4	74	conjugations/lechapes/present-08.mp3	lechapes	Piel	present	8	אנחנו	מְחַפְּשׂוֹת
1425	4	75	conjugations/lechapes/present-09.mp3	lechapes	Piel	present	9	אתם	מְחַפְּשִׂים
1426	4	76	conjugations/lechapes/present-10.mp3	lechapes	Piel	present	10	אתן	מְחַפְּשׂוֹת
1427	4	77	conjugations/lechapes/present-11.mp3	lechapes	Piel	present	11	הם	מְחַפְּשִׂים
1428	4	78	conjugations/lechapes/present-12.mp3	lechapes	Piel	present	12	הן	מְחַפְּשׂוֹת
1429	4	79	conjugations/lechapes/future-01.mp3	lechapes	Piel	future	1	אני	אֲחַפֵּשׂ
1430	4	80	conjugations/lechapes/future-02.mp3	lechapes	Piel	future	2	אתה	תְּחַפֵּשׂ
1431	4	81	conjugations/lechapes/future-03.mp3	lechapes	Piel	future	3	את	תְּחַפְּשִׂי
1432	4	82	conjugations/lechapes/future-04.mp3	lechapes	Piel	future	4	הוא	יְחַפֵּשׂ
1433	4	83	conjugations/lechapes/future-05.mp3	lechapes	Piel	future	5	היא	תְּחַפֵּשׂ
1434	4	84	conjugations/lechapes/future-06.mp3	lechapes	Piel	future	6	אנחנו	נְחַפֵּשׂ
1435	4	85	conjugations/lechapes/future-07.mp3	lechapes	Piel	future	7	אתם	תְּחַפְּשׂוּ
1436	4	86	conjugations/lechapes/future-08.mp3	lechapes	Piel	future	8	אתן	תְּחַפְּשׂוּ
1437	4	87	conjugations/lechapes/future-09.mp3	lechapes	Piel	future	9	הם	יְחַפְּשׂוּ
1438	4	88	conjugations/lechapes/future-10.mp3	lechapes	Piel	future	10	הן	יְחַפְּשׂוּ
1439	4	89	conjugations/lechapes/imperative-01.mp3	lechapes	Piel	imperative	1	אתה	חַפֵּשׂ
1440	4	90	conjugations/lechapes/imperative-02.mp3	lechapes	Piel	imperative	2	את	חַפְּשִׂי
1441	4	91	conjugations/lechapes/imperative-03.mp3	lechapes	Piel	imperative	3	אתם	חַפְּשׂוּ
1442	4	92	conjugations/lechapes/imperative-04.mp3	lechapes	Piel	imperative	4	אתן	חַפֵּשְׂנָה
1443	4	93	conjugations/lechapes/infinitive-01.mp3	lechapes	Piel	infinitive	1		לְחַפֵּשׂ
1444	4	94	conjugations/lehashlim/past-01.mp3	lehashlim	Hifil	past	1	אני	הִשְׁלַמְתִּי
1445	4	95	conjugations/lehashlim/past-02.mp3	lehashlim	Hifil	past	2	אתה	הִשְׁלַמְתָּ
1446	4	96	conjugations/lehashlim/past-03.mp3	lehashlim	Hifil	past	3	את	הִשְׁלַמְתְּ
1447	4	97	conjugations/lehashlim/past-04.mp3	lehashlim	Hifil	past	4	הוא	הִשְׁלִים
1448	4	98	conjugations/lehashlim/past-05.mp3	lehashlim	Hifil	past	5	היא	הִשְׁלִימָה
1449	4	99	conjugations/lehashlim/past-06.mp3	lehashlim	Hifil	past	6	אנחנו	הִשְׁלַמְנוּ
1450	4	100	conjugations/lehashlim/past-07.mp3	lehashlim	Hifil	past	7	אתם	הִשְׁלַמְתֶּם
1451	4	101	conjugations/lehashlim/past-08.mp3	lehashlim	Hifil	past	8	אתן	הִשְׁלַמְתֶּן
1452	4	102	conjugations/lehashlim/past-09.mp3	lehashlim	Hifil	past	9	הם	הִשְׁלִימוּ
1453	4	103	conjugations/lehashlim/past-10.mp3	lehashlim	Hifil	past	10	הן	הִשְׁלִימוּ
1454	4	104	conjugations/lehashlim/present-01.mp3	lehashlim	Hifil	present	1	אני	מַשְׁלִים
1455	4	105	conjugations/lehashlim/present-02.mp3	lehashlim	Hifil	present	2	אני	מַשְׁלִימָה
1456	4	106	conjugations/lehashlim/present-03.mp3	lehashlim	Hifil	present	3	אתה	מַשְׁלִים
1457	4	107	conjugations/lehashlim/present-04.mp3	lehashlim	Hifil	present	4	את	מַשְׁלִימָה
1458	4	108	conjugations/lehashlim/present-05.mp3	lehashlim	Hifil	present	5	הוא	מַשְׁלִים
1459	4	109	conjugations/lehashlim/present-06.mp3	lehashlim	Hifil	present	6	היא	מַשְׁלִימָה
1460	4	110	conjugations/lehashlim/present-07.mp3	lehashlim	Hifil	present	7	אנחנו	מַשְׁלִימִים
1461	4	111	conjugations/lehashlim/present-08.mp3	lehashlim	Hifil	present	8	אנחנו	מַשְׁלִימוֹת
1462	4	112	conjugations/lehashlim/present-09.mp3	lehashlim	Hifil	present	9	אתם	מַשְׁלִימִים
1463	4	113	conjugations/lehashlim/present-10.mp3	lehashlim	Hifil	present	10	אתן	מַשְׁלִימוֹת
1464	4	114	conjugations/lehashlim/present-11.mp3	lehashlim	Hifil	present	11	הם	מַשְׁלִימִים
1465	4	115	conjugations/lehashlim/present-12.mp3	lehashlim	Hifil	present	12	הן	מַשְׁלִימוֹת
1466	4	116	conjugations/lehashlim/future-01.mp3	lehashlim	Hifil	future	1	אני	אַשְׁלִים
1467	4	117	conjugations/lehashlim/future-02.mp3	lehashlim	Hifil	future	2	אתה	תַּשְׁלִים
1468	4	118	conjugations/lehashlim/future-03.mp3	lehashlim	Hifil	future	3	את	תַּשְׁלִימִי
1469	4	119	conjugations/lehashlim/future-04.mp3	lehashlim	Hifil	future	4	הוא	יַשְׁלִים
1470	4	120	conjugations/lehashlim/future-05.mp3	lehashlim	Hifil	future	5	היא	תַּשְׁלִים
1471	4	121	conjugations/lehashlim/future-06.mp3	lehashlim	Hifil	future	6	אנחנו	נַשְׁלִים
1472	4	122	conjugations/lehashlim/future-07.mp3	lehashlim	Hifil	future	7	אתם	תַּשְׁלִימוּ
1473	4	123	conjugations/lehashlim/future-08.mp3	lehashlim	Hifil	future	8	אתן	תַּשְׁלִימוּ
1474	4	124	conjugations/lehashlim/future-09.mp3	lehashlim	Hifil	future	9	הם	יַשְׁלִימוּ
1475	4	125	conjugations/lehashlim/future-10.mp3	lehashlim	Hifil	future	10	הן	יַשְׁלִימוּ
1476	4	126	conjugations/lehashlim/imperative-01.mp3	lehashlim	Hifil	imperative	1	אתה	הַשְׁלֵם
1477	4	127	conjugations/lehashlim/imperative-02.mp3	lehashlim	Hifil	imperative	2	את	הַשְׁלִימִי
1478	4	128	conjugations/lehashlim/imperative-03.mp3	lehashlim	Hifil	imperative	3	אתם	הַשְׁלִימוּ
1479	4	129	conjugations/lehashlim/imperative-04.mp3	lehashlim	Hifil	imperative	4	אתן	הַשְׁלֵמְנָה
1480	4	130	conjugations/lehashlim/infinitive-01.mp3	lehashlim	Hifil	infinitive	1		לְהַשְׁלִים
1481	4	131	conjugations/lehavtiach/past-01.mp3	lehavtiach	Hifil	past	1	אני	הִבְטַחְתִּי
1482	4	132	conjugations/lehavtiach/past-02.mp3	lehavtiach	Hifil	past	2	אתה	הִבְטַחְתָּ
1483	4	133	conjugations/lehavtiach/past-03.mp3	lehavtiach	Hifil	past	3	את	הִבְטַחְתְּ
1484	4	134	conjugations/lehavtiach/past-04.mp3	lehavtiach	Hifil	past	4	הוא	הִבְטִיחַ
1485	4	135	conjugations/lehavtiach/past-05.mp3	lehavtiach	Hifil	past	5	היא	הִבְטִיחָה
1486	4	136	conjugations/lehavtiach/past-06.mp3	lehavtiach	Hifil	past	6	אנחנו	הִבְטַחְנוּ
1487	4	137	conjugations/lehavtiach/past-07.mp3	lehavtiach	Hifil	past	7	אתם	הִבְטַחְתֶּם
1488	4	138	conjugations/lehavtiach/past-08.mp3	lehavtiach	Hifil	past	8	אתן	הִבְטַחְתֶּן
1489	4	139	conjugations/lehavtiach/past-09.mp3	lehavtiach	Hifil	past	9	הם	הִבְטִיחוּ
1490	4	140	conjugations/lehavtiach/past-10.mp3	lehavtiach	Hifil	past	10	הן	הִבְטִיחוּ
1491	4	141	conjugations/lehavtiach/present-01.mp3	lehavtiach	Hifil	present	1	אני	מַבְטִיחַ
1492	4	142	conjugations/lehavtiach/present-02.mp3	lehavtiach	Hifil	present	2	אני	מַבְטִיחָה
1493	4	143	conjugations/lehavtiach/present-03.mp3	lehavtiach	Hifil	present	3	אתה	מַבְטִיחַ
1494	4	144	conjugations/lehavtiach/present-04.mp3	lehavtiach	Hifil	present	4	את	מַבְטִיחָה
1495	4	145	conjugations/lehavtiach/present-05.mp3	lehavtiach	Hifil	present	5	הוא	מַבְטִיחַ
1496	4	146	conjugations/lehavtiach/present-06.mp3	lehavtiach	Hifil	present	6	היא	מַבְטִיחָה
1497	4	147	conjugations/lehavtiach/present-07.mp3	lehavtiach	Hifil	present	7	אנחנו	מַבְטִיחִים
1498	4	148	conjugations/lehavtiach/present-08.mp3	lehavtiach	Hifil	present	8	אנחנו	מַבְטִיחוֹת
1499	4	149	conjugations/lehavtiach/present-09.mp3	lehavtiach	Hifil	present	9	אתם	מַבְטִיחִים
1500	4	150	conjugations/lehavtiach/present-10.mp3	lehavtiach	Hifil	present	10	אתן	מַבְטִיחוֹת
1501	4	151	conjugations/lehavtiach/present-11.mp3	lehavtiach	Hifil	present	11	הם	מַבְטִיחִים
1502	4	152	conjugations/lehavtiach/present-12.mp3	lehavtiach	Hifil	present	12	הן	מַבְטִיחוֹת
1503	4	153	conjugations/lehavtiach/future-01.mp3	lehavtiach	Hifil	future	1	אני	אַבְטִיחַ
1504	4	154	conjugations/lehavtiach/future-02.mp3	lehavtiach	Hifil	future	2	אתה	תַּבְטִיחַ
1505	4	155	conjugations/lehavtiach/future-03.mp3	lehavtiach	Hifil	future	3	את	תַּבְטִיחִי
1506	4	156	conjugations/lehavtiach/future-04.mp3	lehavtiach	Hifil	future	4	הוא	יַבְטִיחַ
1507	4	157	conjugations/lehavtiach/future-05.mp3	lehavtiach	Hifil	future	5	היא	תַּבְטִיחַ
1508	4	158	conjugations/lehavtiach/future-06.mp3	lehavtiach	Hifil	future	6	אנחנו	נַבְטִיחַ
1509	4	159	conjugations/lehavtiach/future-07.mp3	lehavtiach	Hifil	future	7	אתם	תַּבְטִיחוּ
1510	4	160	conjugations/lehavtiach/future-08.mp3	lehavtiach	Hifil	future	8	אתן	תַּבְטַחְנָה
1511	4	161	conjugations/lehavtiach/future-09.mp3	lehavtiach	Hifil	future	9	הם	יַבְטִיחוּ
1512	4	162	conjugations/lehavtiach/future-10.mp3	lehavtiach	Hifil	future	10	הן	תַּבְטַחְנָה
1513	4	163	conjugations/lehavtiach/imperative-01.mp3	lehavtiach	Hifil	imperative	1	אתה	הַבְטַח
1514	4	164	conjugations/lehavtiach/imperative-02.mp3	lehavtiach	Hifil	imperative	2	את	הַבְטִיחִי
1515	4	165	conjugations/lehavtiach/imperative-03.mp3	lehavtiach	Hifil	imperative	3	אתם	הַבְטִיחוּ
1516	4	166	conjugations/lehavtiach/imperative-04.mp3	lehavtiach	Hifil	imperative	4	אתן	הַבְטַחְנָה
1517	4	167	conjugations/lehavtiach/infinitive-01.mp3	lehavtiach	Hifil	infinitive	1		לְהַבְטִיחַ
1518	4	168	conjugations/lenasot/past-01.mp3	lenasot	Piel	past	1	אני	נִסִּיתִי
1519	4	169	conjugations/lenasot/past-02.mp3	lenasot	Piel	past	2	אתה	נִסִּיתָ
1520	4	170	conjugations/lenasot/past-03.mp3	lenasot	Piel	past	3	את	נִסִּיתְ
1521	4	171	conjugations/lenasot/past-04.mp3	lenasot	Piel	past	4	הוא	נִסָּה
1522	4	172	conjugations/lenasot/past-05.mp3	lenasot	Piel	past	5	היא	נִסְּתָה
1523	4	173	conjugations/lenasot/past-06.mp3	lenasot	Piel	past	6	אנחנו	נִסִּינוּ
1524	4	174	conjugations/lenasot/past-07.mp3	lenasot	Piel	past	7	אתם	נִסִּיתֶם
1525	4	175	conjugations/lenasot/past-08.mp3	lenasot	Piel	past	8	אתן	נִסִּיתֶן
1526	4	176	conjugations/lenasot/past-09.mp3	lenasot	Piel	past	9	הם	נִסּוּ
1527	4	177	conjugations/lenasot/past-10.mp3	lenasot	Piel	past	10	הן	נִסּוּ
1528	4	178	conjugations/lenasot/present-01.mp3	lenasot	Piel	present	1	אני	מְנַסֶּה
1529	4	179	conjugations/lenasot/present-02.mp3	lenasot	Piel	present	2	אני	מְנַסָּה
1530	4	180	conjugations/lenasot/present-03.mp3	lenasot	Piel	present	3	אתה	מְנַסֶּה
1531	4	181	conjugations/lenasot/present-04.mp3	lenasot	Piel	present	4	את	מְנַסָּה
1532	4	182	conjugations/lenasot/present-05.mp3	lenasot	Piel	present	5	הוא	מְנַסֶּה
1533	4	183	conjugations/lenasot/present-06.mp3	lenasot	Piel	present	6	היא	מְנַסָּה
1534	4	184	conjugations/lenasot/present-07.mp3	lenasot	Piel	present	7	אנחנו	מְנַסִּים
1535	4	185	conjugations/lenasot/present-08.mp3	lenasot	Piel	present	8	אנחנו	מְנַסּוֹת
1536	4	186	conjugations/lenasot/present-09.mp3	lenasot	Piel	present	9	אתם	מְנַסִּים
1537	4	187	conjugations/lenasot/present-10.mp3	lenasot	Piel	present	10	אתן	מְנַסּוֹת
1538	4	188	conjugations/lenasot/present-11.mp3	lenasot	Piel	present	11	הם	מְנַסִּים
1539	4	189	conjugations/lenasot/present-12.mp3	lenasot	Piel	present	12	הן	מְנַסּוֹת
1540	4	190	conjugations/lenasot/future-01.mp3	lenasot	Piel	future	1	אני	אֲנַסֶּה
1541	4	191	conjugations/lenasot/future-02.mp3	lenasot	Piel	future	2	אתה	תְּנַסֶּה
1542	4	192	conjugations/lenasot/future-03.mp3	lenasot	Piel	future	3	את	תְּנַסִּי
1543	4	193	conjugations/lenasot/future-04.mp3	lenasot	Piel	future	4	הוא	יְנַסֶּה
1544	4	194	conjugations/lenasot/future-05.mp3	lenasot	Piel	future	5	היא	תְּנַסֶּה
1545	4	195	conjugations/lenasot/future-06.mp3	lenasot	Piel	future	6	אנחנו	נְנַסֶּה
1546	4	196	conjugations/lenasot/future-07.mp3	lenasot	Piel	future	7	אתם	תְּנַסּוּ
1547	4	197	conjugations/lenasot/future-08.mp3	lenasot	Piel	future	8	אתן	תְּנַסּוּ
1548	4	198	conjugations/lenasot/future-09.mp3	lenasot	Piel	future	9	הם	יְנַסּוּ
1549	4	199	conjugations/lenasot/future-10.mp3	lenasot	Piel	future	10	הן	יְנַסּוּ
1550	4	200	conjugations/lenasot/imperative-01.mp3	lenasot	Piel	imperative	1	אתה	נַסֵּה
1551	4	201	conjugations/lenasot/imperative-02.mp3	lenasot	Piel	imperative	2	את	נַסִּי
1552	4	202	conjugations/lenasot/imperative-03.mp3	lenasot	Piel	imperative	3	אתם	נַסּוּ
1553	4	203	conjugations/lenasot/imperative-04.mp3	lenasot	Piel	imperative	4	אתן	נַסֶּינָה
1554	4	204	conjugations/lenasot/infinitive-01.mp3	lenasot	Piel	infinitive	1		לְנַסּוֹת
1555	4	205	conjugations/legalot/past-01.mp3	legalot	Piel	past	1	אני	גִּילִּיתִי
1556	4	206	conjugations/legalot/past-02.mp3	legalot	Piel	past	2	אתה	גִּילִּיתָ
1557	4	207	conjugations/legalot/past-03.mp3	legalot	Piel	past	3	את	גִּילִּית
1558	4	208	conjugations/legalot/past-04.mp3	legalot	Piel	past	4	הוא	גִּילָּה
1559	4	209	conjugations/legalot/past-05.mp3	legalot	Piel	past	5	היא	גִּילְתָה
1560	4	210	conjugations/legalot/past-06.mp3	legalot	Piel	past	6	אנחנו	גִּילִּינוּ
1561	4	211	conjugations/legalot/past-07.mp3	legalot	Piel	past	7	אתם	גִּילִּיתֶם
1562	4	212	conjugations/legalot/past-08.mp3	legalot	Piel	past	8	אתן	גִּילִּיתֶן
1563	4	213	conjugations/legalot/past-09.mp3	legalot	Piel	past	9	הם	גִּילוּ
1564	4	214	conjugations/legalot/past-10.mp3	legalot	Piel	past	10	הן	גִּילוּ
1565	4	215	conjugations/legalot/present-01.mp3	legalot	Piel	present	1	אני	מְגַלֶּה
1566	4	216	conjugations/legalot/present-02.mp3	legalot	Piel	present	2	אני	מְגַלָּה
1567	4	217	conjugations/legalot/present-03.mp3	legalot	Piel	present	3	אתה	מְגַלֶּה
1568	4	218	conjugations/legalot/present-04.mp3	legalot	Piel	present	4	את	מְגַלָּה
1569	4	219	conjugations/legalot/present-05.mp3	legalot	Piel	present	5	הוא	מְגַלֶּה
1570	4	220	conjugations/legalot/present-06.mp3	legalot	Piel	present	6	היא	מְגַלָּה
1571	4	221	conjugations/legalot/present-07.mp3	legalot	Piel	present	7	אנחנו	מְגַלִּים
1572	4	222	conjugations/legalot/present-08.mp3	legalot	Piel	present	8	אנחנו	מְגַלּוֹת
1573	4	223	conjugations/legalot/present-09.mp3	legalot	Piel	present	9	אתם	מְגַלִּים
1574	4	224	conjugations/legalot/present-10.mp3	legalot	Piel	present	10	אתן	מְגַלּוֹת
1575	4	225	conjugations/legalot/present-11.mp3	legalot	Piel	present	11	הם	מְגַלִּים
1576	4	226	conjugations/legalot/present-12.mp3	legalot	Piel	present	12	הן	מְגַלּוֹת
1577	4	227	conjugations/legalot/future-01.mp3	legalot	Piel	future	1	אני	אַגַלֶּה
1578	4	228	conjugations/legalot/future-02.mp3	legalot	Piel	future	2	אתה	תְּגַלֶּה
1579	4	229	conjugations/legalot/future-03.mp3	legalot	Piel	future	3	את	תְּגַלִּי
1580	4	230	conjugations/legalot/future-04.mp3	legalot	Piel	future	4	הוא	יְגַלֶּה
1581	4	231	conjugations/legalot/future-05.mp3	legalot	Piel	future	5	היא	תְּגַלֶּה
1582	4	232	conjugations/legalot/future-06.mp3	legalot	Piel	future	6	אנחנו	נְגַלֶּה
1583	4	233	conjugations/legalot/future-07.mp3	legalot	Piel	future	7	אתם	תְּגַלּוּ
1584	4	234	conjugations/legalot/future-08.mp3	legalot	Piel	future	8	אתן	תְּגַלּוּ
1585	4	235	conjugations/legalot/future-09.mp3	legalot	Piel	future	9	הם	יְגַלּוּ
1586	4	236	conjugations/legalot/future-10.mp3	legalot	Piel	future	10	הן	יְגַלּוּ
1587	4	237	conjugations/legalot/imperative-01.mp3	legalot	Piel	imperative	1	אתה	גַּלֵּה
1588	4	238	conjugations/legalot/imperative-02.mp3	legalot	Piel	imperative	2	את	גַּלִּי
1589	4	239	conjugations/legalot/imperative-03.mp3	legalot	Piel	imperative	3	אתם	גַּלּוּ
1590	4	240	conjugations/legalot/imperative-04.mp3	legalot	Piel	imperative	4	אתן	גַּלֶּינָה
1591	4	241	conjugations/legalot/infinitive-01.mp3	legalot	Piel	infinitive	1		לְגַלוֹת
1592	4	242	conjugations/livchor/past-01.mp3	livchor	Paal	past	1	אני	בָּחַרְתִּי
1593	4	243	conjugations/livchor/past-02.mp3	livchor	Paal	past	2	אתה	בָּחַרְתָּ
1594	4	244	conjugations/livchor/past-03.mp3	livchor	Paal	past	3	את	בָּחַרְתְּ
1595	4	245	conjugations/livchor/past-04.mp3	livchor	Paal	past	4	הוא	בָּחַר
1596	4	246	conjugations/livchor/past-05.mp3	livchor	Paal	past	5	היא	בָּחֲרָה
1597	4	247	conjugations/livchor/past-06.mp3	livchor	Paal	past	6	אנחנו	בָּחַרְנוּ
1598	4	248	conjugations/livchor/past-07.mp3	livchor	Paal	past	7	אתם	בְּחַרְתֶּם
1599	4	249	conjugations/livchor/past-08.mp3	livchor	Paal	past	8	אתן	בְּחַרְתֶּן
1600	4	250	conjugations/livchor/past-09.mp3	livchor	Paal	past	9	הם	בָּחֲרוּ
1601	4	251	conjugations/livchor/past-10.mp3	livchor	Paal	past	10	הן	בָּחֲרוּ
1602	4	252	conjugations/livchor/present-01.mp3	livchor	Paal	present	1	אני	בּוֹחֵר
1603	4	253	conjugations/livchor/present-02.mp3	livchor	Paal	present	2	אני	בּוֹחֶרֶת
1604	4	254	conjugations/livchor/present-03.mp3	livchor	Paal	present	3	אתה	בּוֹחֵר
1605	4	255	conjugations/livchor/present-04.mp3	livchor	Paal	present	4	את	בּוֹחֶרֶת
1606	4	256	conjugations/livchor/present-05.mp3	livchor	Paal	present	5	הוא	בּוֹחֵר
1607	4	257	conjugations/livchor/present-06.mp3	livchor	Paal	present	6	היא	בּוֹחֶרֶת
1608	4	258	conjugations/livchor/present-07.mp3	livchor	Paal	present	7	אנחנו	בּוֹחֲרִים
1609	4	259	conjugations/livchor/present-08.mp3	livchor	Paal	present	8	אנחנו	בּוֹחֲרוֹת
1610	4	260	conjugations/livchor/present-09.mp3	livchor	Paal	present	9	אתם	בּוֹחֲרִים
1611	4	261	conjugations/livchor/present-10.mp3	livchor	Paal	present	10	אתן	בּוֹחֲרוֹת
1612	4	262	conjugations/livchor/present-11.mp3	livchor	Paal	present	11	הם	בּוֹחֲרִים
1613	4	263	conjugations/livchor/present-12.mp3	livchor	Paal	present	12	הן	בּוֹחֲרוֹת
1614	4	264	conjugations/livchor/future-01.mp3	livchor	Paal	future	1	אני	אֶבְחַר
1615	4	265	conjugations/livchor/future-02.mp3	livchor	Paal	future	2	אתה	תִּבְחַר
1616	4	266	conjugations/livchor/future-03.mp3	livchor	Paal	future	3	את	תִּבְחֲרִי
1617	4	267	conjugations/livchor/future-04.mp3	livchor	Paal	future	4	הוא	יִבְחַר
1618	4	268	conjugations/livchor/future-05.mp3	livchor	Paal	future	5	היא	תִּבְחַר
1619	4	269	conjugations/livchor/future-06.mp3	livchor	Paal	future	6	אנחנו	נִבְחַר
1620	4	270	conjugations/livchor/future-07.mp3	livchor	Paal	future	7	אתם	תִּבְחֲרוּ
1621	4	271	conjugations/livchor/future-08.mp3	livchor	Paal	future	8	אתן	תִּבְחֲרוּ
1622	4	272	conjugations/livchor/future-09.mp3	livchor	Paal	future	9	הם	יִבְחֲרוּ
1623	4	273	conjugations/livchor/future-10.mp3	livchor	Paal	future	10	הן	יִבְחֲרוּ
1624	4	274	conjugations/livchor/imperative-01.mp3	livchor	Paal	imperative	1	אתה	בְּחַר
1625	4	275	conjugations/livchor/imperative-02.mp3	livchor	Paal	imperative	2	את	בִּחֲרִי
1626	4	276	conjugations/livchor/imperative-03.mp3	livchor	Paal	imperative	3	אתם	בִּחֲרוּ
1627	4	277	conjugations/livchor/imperative-04.mp3	livchor	Paal	imperative	4	אתן	בְּחַרְנָה
1628	4	278	conjugations/livchor/infinitive-01.mp3	livchor	Paal	infinitive	1		לִבְחוֹר
1629	4	279	conjugations/la-azor/past-01.mp3	la'azor	Paal	past	1	אני	עָזַרְתִּי
1630	4	280	conjugations/la-azor/past-02.mp3	la'azor	Paal	past	2	אתה	עָזַרְתָּ
1631	4	281	conjugations/la-azor/past-03.mp3	la'azor	Paal	past	3	את	עָזַרְתְּ
1632	4	282	conjugations/la-azor/past-04.mp3	la'azor	Paal	past	4	הוא	עָזַר
1633	4	283	conjugations/la-azor/past-05.mp3	la'azor	Paal	past	5	היא	עָזְרָה
1634	4	284	conjugations/la-azor/past-06.mp3	la'azor	Paal	past	6	אנחנו	עָזַרְנוּ
1635	4	285	conjugations/la-azor/past-07.mp3	la'azor	Paal	past	7	אתם	עֲזַרְתֶּם
1636	4	286	conjugations/la-azor/past-08.mp3	la'azor	Paal	past	8	אתן	עֲזַרְתֶּן
1637	4	287	conjugations/la-azor/past-09.mp3	la'azor	Paal	past	9	הם	עָזְרוּ
1638	4	288	conjugations/la-azor/past-10.mp3	la'azor	Paal	past	10	הן	עָזְרוּ
1639	4	289	conjugations/la-azor/present-01.mp3	la'azor	Paal	present	1	אני	עוֹזֵר
1640	4	290	conjugations/la-azor/present-02.mp3	la'azor	Paal	present	2	אני	עוֹזֶרֶת
1641	4	291	conjugations/la-azor/present-03.mp3	la'azor	Paal	present	3	אתה	עוֹזֵר
1642	4	292	conjugations/la-azor/present-04.mp3	la'azor	Paal	present	4	את	עוֹזֶרֶת
1643	4	293	conjugations/la-azor/present-05.mp3	la'azor	Paal	present	5	הוא	עוֹזֵר
1644	4	294	conjugations/la-azor/present-06.mp3	la'azor	Paal	present	6	היא	עוֹזֶרֶת
1645	4	295	conjugations/la-azor/present-07.mp3	la'azor	Paal	present	7	אנחנו	עוֹזְרִים
1646	4	296	conjugations/la-azor/present-08.mp3	la'azor	Paal	present	8	אנחנו	עוֹזְרוֹת
1647	4	297	conjugations/la-azor/present-09.mp3	la'azor	Paal	present	9	אתם	עוֹזְרִים
1648	4	298	conjugations/la-azor/present-10.mp3	la'azor	Paal	present	10	אתן	עוֹזְרוֹת
1649	4	299	conjugations/la-azor/present-11.mp3	la'azor	Paal	present	11	הם	עוֹזְרִים
1650	4	300	conjugations/la-azor/present-12.mp3	la'azor	Paal	present	12	הן	עוֹזְרוֹת
1651	4	301	conjugations/la-azor/future-01.mp3	la'azor	Paal	future	1	אני	אֶעֱזֹר
1652	4	302	conjugations/la-azor/future-02.mp3	la'azor	Paal	future	2	אתה	תַּעֲזֹר
1653	4	303	conjugations/la-azor/future-03.mp3	la'azor	Paal	future	3	את	תַּעַזְרִי
1654	4	304	conjugations/la-azor/future-04.mp3	la'azor	Paal	future	4	הוא	יַּעֲזֹר
1655	4	305	conjugations/la-azor/future-05.mp3	la'azor	Paal	future	5	היא	תַּעֲזֹר
1656	4	306	conjugations/la-azor/future-06.mp3	la'azor	Paal	future	6	אנחנו	נַעֲזֹר
1657	4	307	conjugations/la-azor/future-07.mp3	la'azor	Paal	future	7	אתם	תַּעַזְרוּ
1658	4	308	conjugations/la-azor/future-08.mp3	la'azor	Paal	future	8	אתן	תַּעַזְרוּ
1659	4	309	conjugations/la-azor/future-09.mp3	la'azor	Paal	future	9	הם	יַּעַזְרוּ
1660	4	310	conjugations/la-azor/future-10.mp3	la'azor	Paal	future	10	הן	תַּעֲזֹרְנָה
1661	4	311	conjugations/la-azor/imperative-01.mp3	la'azor	Paal	imperative	1	אתה	עֲזֹר
1662	4	312	conjugations/la-azor/imperative-02.mp3	la'azor	Paal	imperative	2	את	עִזְרִי
1663	4	313	conjugations/la-azor/imperative-03.mp3	la'azor	Paal	imperative	3	אתם	עִזְרוּ
1664	4	314	conjugations/la-azor/imperative-04.mp3	la'azor	Paal	imperative	4	אתן	עֲזֹרְנָה
1665	4	315	conjugations/la-azor/infinitive-01.mp3	la'azor	Paal	infinitive	1		לַעֲזוֹר
1666	4	316	conjugations/lish-ol/past-01.mp3	lish'ol	Paal	past	1	אני	שָׁאַלְתִּי
1667	4	317	conjugations/lish-ol/past-02.mp3	lish'ol	Paal	past	2	אתה	שָׁאַלְתָּ
1668	4	318	conjugations/lish-ol/past-03.mp3	lish'ol	Paal	past	3	את	שָׁאַלְתְּ
1669	4	319	conjugations/lish-ol/past-04.mp3	lish'ol	Paal	past	4	הוא	שָׁאַל
1670	4	320	conjugations/lish-ol/past-05.mp3	lish'ol	Paal	past	5	היא	שָׁאֲלָה
1671	4	321	conjugations/lish-ol/past-06.mp3	lish'ol	Paal	past	6	אנחנו	שָׁאַלְנוּ
1672	4	322	conjugations/lish-ol/past-07.mp3	lish'ol	Paal	past	7	אתם	שְׁאַלְתֶּם
1673	4	323	conjugations/lish-ol/past-08.mp3	lish'ol	Paal	past	8	אתן	שְׁאַלְתֶּן
1674	4	324	conjugations/lish-ol/past-09.mp3	lish'ol	Paal	past	9	הם	שָׁאָלוּ
1675	4	325	conjugations/lish-ol/past-10.mp3	lish'ol	Paal	past	10	הן	שָׁאָלוּ
1676	4	326	conjugations/lish-ol/present-01.mp3	lish'ol	Paal	present	1	אני	שׁוֹאֵל
1677	4	327	conjugations/lish-ol/present-02.mp3	lish'ol	Paal	present	2	אני	שׁוֹאֶלֶת
1678	4	328	conjugations/lish-ol/present-03.mp3	lish'ol	Paal	present	3	אתה	שׁוֹאֵל
1679	4	329	conjugations/lish-ol/present-04.mp3	lish'ol	Paal	present	4	את	שׁוֹאֶלֶת
1680	4	330	conjugations/lish-ol/present-05.mp3	lish'ol	Paal	present	5	הוא	שׁוֹאֵל
1681	4	331	conjugations/lish-ol/present-06.mp3	lish'ol	Paal	present	6	היא	שׁוֹאֶלֶת
1682	4	332	conjugations/lish-ol/present-07.mp3	lish'ol	Paal	present	7	אנחנו	שׁוֹאֲלִים
1683	4	333	conjugations/lish-ol/present-08.mp3	lish'ol	Paal	present	8	אנחנו	שׁוֹאֲלוֹת
1684	4	334	conjugations/lish-ol/present-09.mp3	lish'ol	Paal	present	9	אתם	שׁוֹאֲלִים
1685	4	335	conjugations/lish-ol/present-10.mp3	lish'ol	Paal	present	10	אתן	שׁוֹאֲלוֹת
1686	4	336	conjugations/lish-ol/present-11.mp3	lish'ol	Paal	present	11	הם	שׁוֹאֲלִים
1687	4	337	conjugations/lish-ol/present-12.mp3	lish'ol	Paal	present	12	הן	שׁוֹאֲלוֹת
1688	4	338	conjugations/lish-ol/future-01.mp3	lish'ol	Paal	future	1	אני	אֶשְׁאַל
1689	4	339	conjugations/lish-ol/future-02.mp3	lish'ol	Paal	future	2	אתה	תִּשְׁאַל
1690	4	340	conjugations/lish-ol/future-03.mp3	lish'ol	Paal	future	3	את	תִּשְׁאֲלִי
1691	4	341	conjugations/lish-ol/future-04.mp3	lish'ol	Paal	future	4	הוא	יִשְׁאַל
1692	4	342	conjugations/lish-ol/future-05.mp3	lish'ol	Paal	future	5	היא	תִּשְׁאַל
1693	4	343	conjugations/lish-ol/future-06.mp3	lish'ol	Paal	future	6	אנחנו	נִשְׁאַל
1694	4	344	conjugations/lish-ol/future-07.mp3	lish'ol	Paal	future	7	אתם	תִּשְׁאֲלוּ
1695	4	345	conjugations/lish-ol/future-08.mp3	lish'ol	Paal	future	8	אתן	תִּשְׁאַלְנָה
1696	4	346	conjugations/lish-ol/future-09.mp3	lish'ol	Paal	future	9	הם	יִשְׁאֲלוּ
1697	4	347	conjugations/lish-ol/future-10.mp3	lish'ol	Paal	future	10	הן	תִּשְׁאַלְנָה
1698	4	348	conjugations/lish-ol/imperative-01.mp3	lish'ol	Paal	imperative	1	אתה	שְׁאַל
1699	4	349	conjugations/lish-ol/imperative-02.mp3	lish'ol	Paal	imperative	2	את	שַׁאֲלִי
1700	4	350	conjugations/lish-ol/imperative-03.mp3	lish'ol	Paal	imperative	3	אתם	שַׁאֲלוּ
1701	4	351	conjugations/lish-ol/imperative-04.mp3	lish'ol	Paal	imperative	4	אתן	שְׁאַלְנָה
1702	4	352	conjugations/lish-ol/infinitive-01.mp3	lish'ol	Paal	infinitive	1		לִשְׁאוֹל
1703	4	353	conjugations/lizkor/past-01.mp3	lizkor	Paal	past	1	אני	זָכַרְתִּי
1704	4	354	conjugations/lizkor/past-02.mp3	lizkor	Paal	past	2	אתה	זָכַרְתָּ
1705	4	355	conjugations/lizkor/past-03.mp3	lizkor	Paal	past	3	את	זָכַרְתְּ
1706	4	356	conjugations/lizkor/past-04.mp3	lizkor	Paal	past	4	הוא	זָכַר
1707	4	357	conjugations/lizkor/past-05.mp3	lizkor	Paal	past	5	היא	זָכְרָה
1708	4	358	conjugations/lizkor/past-06.mp3	lizkor	Paal	past	6	אנחנו	זָכַרְנוּ
1709	4	359	conjugations/lizkor/past-07.mp3	lizkor	Paal	past	7	אתם	זְכַרְתֶּם
1710	4	360	conjugations/lizkor/past-08.mp3	lizkor	Paal	past	8	אתן	זְכַרְתֶּן
1711	4	361	conjugations/lizkor/past-09.mp3	lizkor	Paal	past	9	הם	זָכְרוּ
1712	4	362	conjugations/lizkor/past-10.mp3	lizkor	Paal	past	10	הן	זָכְרוּ
1713	4	363	conjugations/lizkor/present-01.mp3	lizkor	Paal	present	1	אני	זוֹכֵר
1714	4	364	conjugations/lizkor/present-02.mp3	lizkor	Paal	present	2	אני	זוֹכֶרֶת
1715	4	365	conjugations/lizkor/present-03.mp3	lizkor	Paal	present	3	אתה	זוֹכֵר
1716	4	366	conjugations/lizkor/present-04.mp3	lizkor	Paal	present	4	את	זוֹכֶרֶת
1717	4	367	conjugations/lizkor/present-05.mp3	lizkor	Paal	present	5	הוא	זוֹכֵר
1718	4	368	conjugations/lizkor/present-06.mp3	lizkor	Paal	present	6	היא	זוֹכֶרֶת
1719	4	369	conjugations/lizkor/present-07.mp3	lizkor	Paal	present	7	אנחנו	זוֹכְרִים
1720	4	370	conjugations/lizkor/present-08.mp3	lizkor	Paal	present	8	אנחנו	זוֹכְרוֹת
1721	4	371	conjugations/lizkor/present-09.mp3	lizkor	Paal	present	9	אתם	זוֹכְרִים
1722	4	372	conjugations/lizkor/present-10.mp3	lizkor	Paal	present	10	אתן	זוֹכְרוֹת
1723	4	373	conjugations/lizkor/present-11.mp3	lizkor	Paal	present	11	הם	זוֹכְרִים
1724	4	374	conjugations/lizkor/present-12.mp3	lizkor	Paal	present	12	הן	זוֹכְרוֹת
1725	4	375	conjugations/lizkor/future-01.mp3	lizkor	Paal	future	1	אני	אֶזְכּוֹר
1726	4	376	conjugations/lizkor/future-02.mp3	lizkor	Paal	future	2	אתה	תִּזְכּוֹר
1727	4	377	conjugations/lizkor/future-03.mp3	lizkor	Paal	future	3	את	תִּזְכְּרִי
1728	4	378	conjugations/lizkor/future-04.mp3	lizkor	Paal	future	4	הוא	יִזְכּוֹר
1729	4	379	conjugations/lizkor/future-05.mp3	lizkor	Paal	future	5	היא	תִּזְכּוֹר
1730	4	380	conjugations/lizkor/future-06.mp3	lizkor	Paal	future	6	אנחנו	נִזְכּוֹר
1731	4	381	conjugations/lizkor/future-07.mp3	lizkor	Paal	future	7	אתם	תִּזְכְּרוּ
1732	4	382	conjugations/lizkor/future-08.mp3	lizkor	Paal	future	8	אתן	תִּזְכֹּרְנָה
1733	4	383	conjugations/lizkor/future-09.mp3	lizkor	Paal	future	9	הם	יִזְכְּרוּ
1734	4	384	conjugations/lizkor/future-10.mp3	lizkor	Paal	future	10	הן	תִּזְכֹּרְנָה
1735	4	385	conjugations/lizkor/imperative-01.mp3	lizkor	Paal	imperative	1	אתה	זְכֹר
1736	4	386	conjugations/lizkor/imperative-02.mp3	lizkor	Paal	imperative	2	את	זִכְרִי
1737	4	387	conjugations/lizkor/imperative-03.mp3	lizkor	Paal	imperative	3	אתם	זִכְרוּ
1738	4	388	conjugations/lizkor/imperative-04.mp3	lizkor	Paal	imperative	4	אתן	זְכֹרְנָה
1739	4	389	conjugations/lizkor/infinitive-01.mp3	lizkor	Paal	infinitive	1		לִזְכּוֹר
1740	4	390	conjugations/liknot/past-01.mp3	liknot	Paal	past	1	אני	קָנִיתִי
1741	4	391	conjugations/liknot/past-02.mp3	liknot	Paal	past	2	אתה	קָנִיתָ
1742	4	392	conjugations/liknot/past-03.mp3	liknot	Paal	past	3	את	קָנִית
1743	4	393	conjugations/liknot/past-04.mp3	liknot	Paal	past	4	הוא	קָנָה
1744	4	394	conjugations/liknot/past-05.mp3	liknot	Paal	past	5	היא	קָנְתָה
1745	4	395	conjugations/liknot/past-06.mp3	liknot	Paal	past	6	אנחנו	קָנִינוּ
1746	4	396	conjugations/liknot/past-07.mp3	liknot	Paal	past	7	אתם	קְנִיתֶם
1747	4	397	conjugations/liknot/past-08.mp3	liknot	Paal	past	8	אתן	קְנִיתֶן
1748	4	398	conjugations/liknot/past-09.mp3	liknot	Paal	past	9	הם	קָנוּ
1749	4	399	conjugations/liknot/past-10.mp3	liknot	Paal	past	10	הן	קָנוּ
1750	4	400	conjugations/liknot/present-01.mp3	liknot	Paal	present	1	אני	קוֹנֶה
1751	4	401	conjugations/liknot/present-02.mp3	liknot	Paal	present	2	אני	קוֹנָה
1752	4	402	conjugations/liknot/present-03.mp3	liknot	Paal	present	3	אתה	קוֹנֶה
1753	4	403	conjugations/liknot/present-04.mp3	liknot	Paal	present	4	את	קוֹנָה
1754	4	404	conjugations/liknot/present-05.mp3	liknot	Paal	present	5	הוא	קוֹנֶה
1755	4	405	conjugations/liknot/present-06.mp3	liknot	Paal	present	6	היא	קוֹנָה
1756	4	406	conjugations/liknot/present-07.mp3	liknot	Paal	present	7	אנחנו	קוֹנִים
1757	4	407	conjugations/liknot/present-08.mp3	liknot	Paal	present	8	אנחנו	קוֹנוֹת
1758	4	408	conjugations/liknot/present-09.mp3	liknot	Paal	present	9	אתם	קוֹנִים
1759	4	409	conjugations/liknot/present-10.mp3	liknot	Paal	present	10	אתן	קוֹנוֹת
1760	4	410	conjugations/liknot/present-11.mp3	liknot	Paal	present	11	הם	קוֹנִים
1761	4	411	conjugations/liknot/present-12.mp3	liknot	Paal	present	12	הן	קוֹנוֹת
1762	4	412	conjugations/liknot/future-01.mp3	liknot	Paal	future	1	אני	אֶקְנֶה
1763	4	413	conjugations/liknot/future-02.mp3	liknot	Paal	future	2	אתה	תִּקְנֶה
1764	4	414	conjugations/liknot/future-03.mp3	liknot	Paal	future	3	את	תִּקְנִי
1765	4	415	conjugations/liknot/future-04.mp3	liknot	Paal	future	4	הוא	יִקְנֶה
1766	4	416	conjugations/liknot/future-05.mp3	liknot	Paal	future	5	היא	תִּקְנֶה
1767	4	417	conjugations/liknot/future-06.mp3	liknot	Paal	future	6	אנחנו	נִקְנֶה
1768	4	418	conjugations/liknot/future-07.mp3	liknot	Paal	future	7	אתם	תִּקְנוּ
1769	4	419	conjugations/liknot/future-08.mp3	liknot	Paal	future	8	אתן	תִּקְנֶינָה
1770	4	420	conjugations/liknot/future-09.mp3	liknot	Paal	future	9	הם	יִקְנוּ
1771	4	421	conjugations/liknot/future-10.mp3	liknot	Paal	future	10	הן	תִּקְנֶינָה
1772	4	422	conjugations/liknot/imperative-01.mp3	liknot	Paal	imperative	1	אתה	קְנֵה
1773	4	423	conjugations/liknot/imperative-02.mp3	liknot	Paal	imperative	2	את	קְנִי
1774	4	424	conjugations/liknot/imperative-03.mp3	liknot	Paal	imperative	3	אתם	קְנוּ
1775	4	425	conjugations/liknot/imperative-04.mp3	liknot	Paal	imperative	4	אתן	קְנֶינָה
1776	4	426	conjugations/liknot/infinitive-01.mp3	liknot	Paal	infinitive	1		לִקְנוֹת
1777	4	427	conjugations/liftoach/past-01.mp3	liftoach	Paal	past	1	אני	פָּתַחְתִּי
1778	4	428	conjugations/liftoach/past-02.mp3	liftoach	Paal	past	2	אתה	פָּתַחְתָּ
1779	4	429	conjugations/liftoach/past-03.mp3	liftoach	Paal	past	3	את	פָּתַחְתְּ
1780	4	430	conjugations/liftoach/past-04.mp3	liftoach	Paal	past	4	הוא	פָּתַח
1781	4	431	conjugations/liftoach/past-05.mp3	liftoach	Paal	past	5	היא	פָּתְחָה
1782	4	432	conjugations/liftoach/past-06.mp3	liftoach	Paal	past	6	אנחנו	פָּתַחְנוּ
1783	4	433	conjugations/liftoach/past-07.mp3	liftoach	Paal	past	7	אתם	פְּתַחְתֶּם
1784	4	434	conjugations/liftoach/past-08.mp3	liftoach	Paal	past	8	אתן	פְּתַחְתֶּן
1785	4	435	conjugations/liftoach/past-09.mp3	liftoach	Paal	past	9	הם	פָּתְחוּ
1786	4	436	conjugations/liftoach/past-10.mp3	liftoach	Paal	past	10	הן	פָּתְחוּ
1787	4	437	conjugations/liftoach/present-01.mp3	liftoach	Paal	present	1	אני	פּוֹתֵחַ
1788	4	438	conjugations/liftoach/present-02.mp3	liftoach	Paal	present	2	אני	פּוֹתַחַת
1789	4	439	conjugations/liftoach/present-03.mp3	liftoach	Paal	present	3	אתה	פּוֹתֵחַ
1790	4	440	conjugations/liftoach/present-04.mp3	liftoach	Paal	present	4	את	פּוֹתַחַת
1791	4	441	conjugations/liftoach/present-05.mp3	liftoach	Paal	present	5	הוא	פּוֹתֵחַ
1792	4	442	conjugations/liftoach/present-06.mp3	liftoach	Paal	present	6	היא	פּוֹתַחַת
1793	4	443	conjugations/liftoach/present-07.mp3	liftoach	Paal	present	7	אנחנו	פּוֹתְחִים
1794	4	444	conjugations/liftoach/present-08.mp3	liftoach	Paal	present	8	אנחנו	פּוֹתְחוֹת
1795	4	445	conjugations/liftoach/present-09.mp3	liftoach	Paal	present	9	אתם	פּוֹתְחִים
1796	4	446	conjugations/liftoach/present-10.mp3	liftoach	Paal	present	10	אתן	פּוֹתְחוֹת
1797	4	447	conjugations/liftoach/present-11.mp3	liftoach	Paal	present	11	הם	פּוֹתְחִים
1798	4	448	conjugations/liftoach/present-12.mp3	liftoach	Paal	present	12	הן	פּוֹתְחוֹת
1799	4	449	conjugations/liftoach/future-01.mp3	liftoach	Paal	future	1	אני	אֶפְתַּח
1800	4	450	conjugations/liftoach/future-02.mp3	liftoach	Paal	future	2	אתה	תִּפְתַּח
1801	5	1	conjugations/liftoach/future-03.mp3	liftoach	Paal	future	3	את	תִּפְתְּחִי
1802	5	2	conjugations/liftoach/future-04.mp3	liftoach	Paal	future	4	הוא	יִפְתַּח
1803	5	3	conjugations/liftoach/future-05.mp3	liftoach	Paal	future	5	היא	תִּפְתַּח
1804	5	4	conjugations/liftoach/future-06.mp3	liftoach	Paal	future	6	אנחנו	נִפְתַּח
1805	5	5	conjugations/liftoach/future-07.mp3	liftoach	Paal	future	7	אתם	תִּפְתְּחוּ
1806	5	6	conjugations/liftoach/future-08.mp3	liftoach	Paal	future	8	אתן	תִּפְתַּחְנָה
1807	5	7	conjugations/liftoach/future-09.mp3	liftoach	Paal	future	9	הם	יִפְתְּחוּ
1808	5	8	conjugations/liftoach/future-10.mp3	liftoach	Paal	future	10	הן	תִּפְתַּחְנָה
1809	5	9	conjugations/liftoach/imperative-01.mp3	liftoach	Paal	imperative	1	אתה	פְּתַח
1810	5	10	conjugations/liftoach/imperative-02.mp3	liftoach	Paal	imperative	2	את	פִּתְחִי
1811	5	11	conjugations/liftoach/imperative-03.mp3	liftoach	Paal	imperative	3	אתם	פִּתְחוּ
1812	5	12	conjugations/liftoach/imperative-04.mp3	liftoach	Paal	imperative	4	אתן	פְּתַחְנָה
1813	5	13	conjugations/liftoach/infinitive-01.mp3	liftoach	Paal	infinitive	1		לִפְתּוֹחַ
1814	5	14	conjugations/lesaper/past-01.mp3	lesaper	Piel	past	1	אני	סִפַּרְתִּי
1815	5	15	conjugations/lesaper/past-02.mp3	lesaper	Piel	past	2	אתה	סִפַּרְתָּ
1816	5	16	conjugations/lesaper/past-03.mp3	lesaper	Piel	past	3	את	סִפַּרְתְּ
1817	5	17	conjugations/lesaper/past-04.mp3	lesaper	Piel	past	4	הוא	סִפֵּר
1818	5	18	conjugations/lesaper/past-05.mp3	lesaper	Piel	past	5	היא	סִפְּרָה
1819	5	19	conjugations/lesaper/past-06.mp3	lesaper	Piel	past	6	אנחנו	סִפַּרְנוּ
1820	5	20	conjugations/lesaper/past-07.mp3	lesaper	Piel	past	7	אתם	סִפַּרְתֶּם
1821	5	21	conjugations/lesaper/past-08.mp3	lesaper	Piel	past	8	אתן	סִפַּרְתֶּן
1822	5	22	conjugations/lesaper/past-09.mp3	lesaper	Piel	past	9	הם	סִפְּרוּ
1823	5	23	conjugations/lesaper/past-10.mp3	lesaper	Piel	past	10	הן	סִפְּרוּ
1824	5	24	conjugations/lesaper/present-01.mp3	lesaper	Piel	present	1	אני	מְסַפֵּר
1825	5	25	conjugations/lesaper/present-02.mp3	lesaper	Piel	present	2	אני	מְסַפֶּרֶת
1826	5	26	conjugations/lesaper/present-03.mp3	lesaper	Piel	present	3	אתה	מְסַפֵּר
1827	5	27	conjugations/lesaper/present-04.mp3	lesaper	Piel	present	4	את	מְסַפֶּרֶת
1828	5	28	conjugations/lesaper/present-05.mp3	lesaper	Piel	present	5	הוא	מְסַפֵּר
1829	5	29	conjugations/lesaper/present-06.mp3	lesaper	Piel	present	6	היא	מְסַפֶּרֶת
1830	5	30	conjugations/lesaper/present-07.mp3	lesaper	Piel	present	7	אנחנו	מְסַפְּרִים
1831	5	31	conjugations/lesaper/present-08.mp3	lesaper	Piel	present	8	אנחנו	מְסַפְּרוֹת
1832	5	32	conjugations/lesaper/present-09.mp3	lesaper	Piel	present	9	אתם	מְסַפְּרִים
1833	5	33	conjugations/lesaper/present-10.mp3	lesaper	Piel	present	10	אתן	מְסַפְּרוֹת
1834	5	34	conjugations/lesaper/present-11.mp3	lesaper	Piel	present	11	הם	מְסַפְּרִים
1835	5	35	conjugations/lesaper/present-12.mp3	lesaper	Piel	present	12	הן	מְסַפְּרוֹת
1836	5	36	conjugations/lesaper/future-01.mp3	lesaper	Piel	future	1	אני	אֲסַפֵּר
1837	5	37	conjugations/lesaper/future-02.mp3	lesaper	Piel	future	2	אתה	תְּסַפֵּר
1838	5	38	conjugations/lesaper/future-03.mp3	lesaper	Piel	future	3	את	תְּסַפְּרִי
1839	5	39	conjugations/lesaper/future-04.mp3	lesaper	Piel	future	4	הוא	יְסַפֵּר
1840	5	40	conjugations/lesaper/future-05.mp3	lesaper	Piel	future	5	היא	תְּסַפֵּר
1841	5	41	conjugations/lesaper/future-06.mp3	lesaper	Piel	future	6	אנחנו	נְסַפֵּר
1842	5	42	conjugations/lesaper/future-07.mp3	lesaper	Piel	future	7	אתם	תְּסַפְּרוּ
1843	5	43	conjugations/lesaper/future-08.mp3	lesaper	Piel	future	8	אתן	תְּסַפְּרוּ
1844	5	44	conjugations/lesaper/future-09.mp3	lesaper	Piel	future	9	הם	יְסַפְּרוּ
1845	5	45	conjugations/lesaper/future-10.mp3	lesaper	Piel	future	10	הן	יְסַפְּרוּ
1846	5	46	conjugations/lesaper/imperative-01.mp3	lesaper	Piel	imperative	1	אתה	סַפֵּר
1847	5	47	conjugations/lesaper/imperative-02.mp3	lesaper	Piel	imperative	2	את	סַפְּרִי
1848	5	48	conjugations/lesaper/imperative-03.mp3	lesaper	Piel	imperative	3	אתם	סַפְּרוּ
1849	5	49	conjugations/lesaper/imperative-04.mp3	lesaper	Piel	imperative	4	אתן	סַפֵּרְנָה
1850	5	50	conjugations/lesaper/infinitive-01.mp3	lesaper	Piel	infinitive	1		לְסַפֵּר
1851	5	51	conjugations/ledamot/past-01.mp3	ledamot	Piel	past	1	אני	דִּמִּיתִי
1852	5	52	conjugations/ledamot/past-02.mp3	ledamot	Piel	past	2	אתה	דִּמִּיתָ
1853	5	53	conjugations/ledamot/past-03.mp3	ledamot	Piel	past	3	את	דִּמִּית
1854	5	54	conjugations/ledamot/past-04.mp3	ledamot	Piel	past	4	הוא	דִּמָּה
1855	5	55	conjugations/ledamot/past-05.mp3	ledamot	Piel	past	5	היא	דִּמְּתָה
1856	5	56	conjugations/ledamot/past-06.mp3	ledamot	Piel	past	6	אנחנו	דִּמִּינוּ
1857	5	57	conjugations/ledamot/past-07.mp3	ledamot	Piel	past	7	אתם	דִּמִּיתֶם
1858	5	58	conjugations/ledamot/past-08.mp3	ledamot	Piel	past	8	אתן	דִּמִּיתֶן
1859	5	59	conjugations/ledamot/past-09.mp3	ledamot	Piel	past	9	הם	דִּמּוּ
1860	5	60	conjugations/ledamot/past-10.mp3	ledamot	Piel	past	10	הן	דִּמּוּ
1861	5	61	conjugations/ledamot/present-01.mp3	ledamot	Piel	present	1	אני	מְדַמֶּה
1862	5	62	conjugations/ledamot/present-02.mp3	ledamot	Piel	present	2	אני	מְדַמָּה
1863	5	63	conjugations/ledamot/present-03.mp3	ledamot	Piel	present	3	אתה	מְדַמֶּה
1864	5	64	conjugations/ledamot/present-04.mp3	ledamot	Piel	present	4	את	מְדַמָּה
1865	5	65	conjugations/ledamot/present-05.mp3	ledamot	Piel	present	5	הוא	מְדַמֶּה
1866	5	66	conjugations/ledamot/present-06.mp3	ledamot	Piel	present	6	היא	מְדַמָּה
1867	5	67	conjugations/ledamot/present-07.mp3	ledamot	Piel	present	7	אנחנו	מְדַמִּים
1868	5	68	conjugations/ledamot/present-08.mp3	ledamot	Piel	present	8	אנחנו	מְדַמּוֹת
1869	5	69	conjugations/ledamot/present-09.mp3	ledamot	Piel	present	9	אתם	מְדַמִּים
1870	5	70	conjugations/ledamot/present-10.mp3	ledamot	Piel	present	10	אתן	מְדַמּוֹת
1871	5	71	conjugations/ledamot/present-11.mp3	ledamot	Piel	present	11	הם	מְדַמִּים
1872	5	72	conjugations/ledamot/present-12.mp3	ledamot	Piel	present	12	הן	מְדַמּוֹת
1873	5	73	conjugations/ledamot/future-01.mp3	ledamot	Piel	future	1	אני	אֲדַמֶּה
1874	5	74	conjugations/ledamot/future-02.mp3	ledamot	Piel	future	2	אתה	תְּדַמֶּה
1875	5	75	conjugations/ledamot/future-03.mp3	ledamot	Piel	future	3	את	תְּדַמִּי
1876	5	76	conjugations/ledamot/future-04.mp3	ledamot	Piel	future	4	הוא	יְדַמֶּה
1877	5	77	conjugations/ledamot/future-05.mp3	ledamot	Piel	future	5	היא	תְּדַמֶּה
1878	5	78	conjugations/ledamot/future-06.mp3	ledamot	Piel	future	6	אנחנו	נְדַמֶּה
1879	5	79	conjugations/ledamot/future-07.mp3	ledamot	Piel	future	7	אתם	תְּדַמּוּ
1880	5	80	conjugations/ledamot/future-08.mp3	ledamot	Piel	future	8	אתן	תְּדַמֶּינָה
1881	5	81	conjugations/ledamot/future-09.mp3	ledamot	Piel	future	9	הם	יְדַמּוּ
1882	5	82	conjugations/ledamot/future-10.mp3	ledamot	Piel	future	10	הן	תְּדַמֶּינָה
1883	5	83	conjugations/ledamot/imperative-01.mp3	ledamot	Piel	imperative	1	אתה	דַּמֵּה
1884	5	84	conjugations/ledamot/imperative-02.mp3	ledamot	Piel	imperative	2	את	דַּמִּי
1885	5	85	conjugations/ledamot/imperative-03.mp3	ledamot	Piel	imperative	3	אתם	דַּמּוּ
1886	5	86	conjugations/ledamot/imperative-04.mp3	ledamot	Piel	imperative	4	אתן	דַּמֶּינָה
1887	5	87	conjugations/ledamot/infinitive-01.mp3	ledamot	Piel	infinitive	1		לְדַמּוֹת
1888	5	88	conjugations/lehachin/past-01.mp3	lehachin	Hifil	past	1	אני	הֵכַנְתִּי
1889	5	89	conjugations/lehachin/past-02.mp3	lehachin	Hifil	past	2	אתה	הֵכַנְתָּ
1890	5	90	conjugations/lehachin/past-03.mp3	lehachin	Hifil	past	3	את	הֵכַנְתְּ
1891	5	91	conjugations/lehachin/past-04.mp3	lehachin	Hifil	past	4	הוא	הֵכִין
1892	5	92	conjugations/lehachin/past-05.mp3	lehachin	Hifil	past	5	היא	הֵכִינָה
1893	5	93	conjugations/lehachin/past-06.mp3	lehachin	Hifil	past	6	אנחנו	הֵכַנּוּ
1894	5	94	conjugations/lehachin/past-07.mp3	lehachin	Hifil	past	7	אתם	הֲכַנְתֶּם
1895	5	95	conjugations/lehachin/past-08.mp3	lehachin	Hifil	past	8	אתן	הֲכַנְתֶּן
1896	5	96	conjugations/lehachin/past-09.mp3	lehachin	Hifil	past	9	הם	הֵכִינוּ
1897	5	97	conjugations/lehachin/past-10.mp3	lehachin	Hifil	past	10	הן	הֵכִינוּ
1898	5	98	conjugations/lehachin/present-01.mp3	lehachin	Hifil	present	1	אני	מֵכִין
1899	5	99	conjugations/lehachin/present-02.mp3	lehachin	Hifil	present	2	אני	מְכִינָה
1900	5	100	conjugations/lehachin/present-03.mp3	lehachin	Hifil	present	3	אתה	מֵכִין
1901	5	101	conjugations/lehachin/present-04.mp3	lehachin	Hifil	present	4	את	מְכִינָה
1902	5	102	conjugations/lehachin/present-05.mp3	lehachin	Hifil	present	5	הוא	מֵכִין
1903	5	103	conjugations/lehachin/present-06.mp3	lehachin	Hifil	present	6	היא	מְכִינָה
1904	5	104	conjugations/lehachin/present-07.mp3	lehachin	Hifil	present	7	אנחנו	מְכִינִים
1905	5	105	conjugations/lehachin/present-08.mp3	lehachin	Hifil	present	8	אנחנו	מְכִינוֹת
1906	5	106	conjugations/lehachin/present-09.mp3	lehachin	Hifil	present	9	אתם	מְכִינִים
1907	5	107	conjugations/lehachin/present-10.mp3	lehachin	Hifil	present	10	אתן	מְכִינוֹת
1908	5	108	conjugations/lehachin/present-11.mp3	lehachin	Hifil	present	11	הם	מְכִינִים
1909	5	109	conjugations/lehachin/present-12.mp3	lehachin	Hifil	present	12	הן	מְכִינוֹת
1910	5	110	conjugations/lehachin/future-01.mp3	lehachin	Hifil	future	1	אני	אָכִין
1911	5	111	conjugations/lehachin/future-02.mp3	lehachin	Hifil	future	2	אתה	תָּכִין
1912	5	112	conjugations/lehachin/future-03.mp3	lehachin	Hifil	future	3	את	תָּכִינִי
1913	5	113	conjugations/lehachin/future-04.mp3	lehachin	Hifil	future	4	הוא	יָכִין
1914	5	114	conjugations/lehachin/future-05.mp3	lehachin	Hifil	future	5	היא	תָּכִין
1915	5	115	conjugations/lehachin/future-06.mp3	lehachin	Hifil	future	6	אנחנו	נָכִין
1916	5	116	conjugations/lehachin/future-07.mp3	lehachin	Hifil	future	7	אתם	תָּכִינוּ
1917	5	117	conjugations/lehachin/future-08.mp3	lehachin	Hifil	future	8	אתן	תְּכִנֶּינָה
1918	5	118	conjugations/lehachin/future-09.mp3	lehachin	Hifil	future	9	הם	יָכִינוּ
1919	5	119	conjugations/lehachin/future-10.mp3	lehachin	Hifil	future	10	הן	תְּכִנֶּינָה
1920	5	120	conjugations/lehachin/imperative-01.mp3	lehachin	Hifil	imperative	1	אתה	הָכֵן
1921	5	121	conjugations/lehachin/imperative-02.mp3	lehachin	Hifil	imperative	2	את	הֲכִינִי
1922	5	122	conjugations/lehachin/imperative-03.mp3	lehachin	Hifil	imperative	3	אתם	הָכִינוּ
1923	5	123	conjugations/lehachin/imperative-04.mp3	lehachin	Hifil	imperative	4	אתן	הֲכֵנָּה
1924	5	124	conjugations/lehachin/infinitive-01.mp3	lehachin	Hifil	infinitive	1		לְהָכִין
1925	5	125	conjugations/lehamtsia/past-01.mp3	lehamtsia	Hifil	past	1	אני	הִמְצֵאתִי
1926	5	126	conjugations/lehamtsia/past-02.mp3	lehamtsia	Hifil	past	2	אתה	הִמְצֵאתָ
1927	5	127	conjugations/lehamtsia/past-03.mp3	lehamtsia	Hifil	past	3	את	הִמְצֵאת
1928	5	128	conjugations/lehamtsia/past-04.mp3	lehamtsia	Hifil	past	4	הוא	הִמְצִיא
1929	5	129	conjugations/lehamtsia/past-05.mp3	lehamtsia	Hifil	past	5	היא	הִמְצִיאָה
1930	5	130	conjugations/lehamtsia/past-06.mp3	lehamtsia	Hifil	past	6	אנחנו	הִמְצֵאנוּ
1931	5	131	conjugations/lehamtsia/past-07.mp3	lehamtsia	Hifil	past	7	אתם	הִמְצֵאתֶם
1932	5	132	conjugations/lehamtsia/past-08.mp3	lehamtsia	Hifil	past	8	אתן	הִמְצֵאתֶן
1933	5	133	conjugations/lehamtsia/past-09.mp3	lehamtsia	Hifil	past	9	הם	הִמְצִיאוּ
1934	5	134	conjugations/lehamtsia/past-10.mp3	lehamtsia	Hifil	past	10	הן	הִמְצִיאוּ
1935	5	135	conjugations/lehamtsia/present-01.mp3	lehamtsia	Hifil	present	1	אני	מַמְצִיא
1936	5	136	conjugations/lehamtsia/present-02.mp3	lehamtsia	Hifil	present	2	אני	מַמְצִיאָה
1937	5	137	conjugations/lehamtsia/present-03.mp3	lehamtsia	Hifil	present	3	אתה	מַמְצִיא
1938	5	138	conjugations/lehamtsia/present-04.mp3	lehamtsia	Hifil	present	4	את	מַמְצִיאָה
1939	5	139	conjugations/lehamtsia/present-05.mp3	lehamtsia	Hifil	present	5	הוא	מַמְצִיא
1940	5	140	conjugations/lehamtsia/present-06.mp3	lehamtsia	Hifil	present	6	היא	מַמְצִיאָה
1941	5	141	conjugations/lehamtsia/present-07.mp3	lehamtsia	Hifil	present	7	אנחנו	מַמְצִיאִים
1942	5	142	conjugations/lehamtsia/present-08.mp3	lehamtsia	Hifil	present	8	אנחנו	מַמְצִיאוֹת
1943	5	143	conjugations/lehamtsia/present-09.mp3	lehamtsia	Hifil	present	9	אתם	מַמְצִיאִים
1944	5	144	conjugations/lehamtsia/present-10.mp3	lehamtsia	Hifil	present	10	אתן	מַמְצִיאוֹת
1945	5	145	conjugations/lehamtsia/present-11.mp3	lehamtsia	Hifil	present	11	הם	מַמְצִיאִים
1946	5	146	conjugations/lehamtsia/present-12.mp3	lehamtsia	Hifil	present	12	הן	מַמְצִיאוֹת
1947	5	147	conjugations/lehamtsia/future-01.mp3	lehamtsia	Hifil	future	1	אני	אַמְצִיא
1948	5	148	conjugations/lehamtsia/future-02.mp3	lehamtsia	Hifil	future	2	אתה	תַּמְצִיא
1949	5	149	conjugations/lehamtsia/future-03.mp3	lehamtsia	Hifil	future	3	את	תַּמְצִאִי
1950	5	150	conjugations/lehamtsia/future-04.mp3	lehamtsia	Hifil	future	4	הוא	יַמְצִיא
1951	5	151	conjugations/lehamtsia/future-05.mp3	lehamtsia	Hifil	future	5	היא	תַּמְצִיא
1952	5	152	conjugations/lehamtsia/future-06.mp3	lehamtsia	Hifil	future	6	אנחנו	נַמְצִיא
1953	5	153	conjugations/lehamtsia/future-07.mp3	lehamtsia	Hifil	future	7	אתם	תַּמְצִיאוּ
1954	5	154	conjugations/lehamtsia/future-08.mp3	lehamtsia	Hifil	future	8	אתן	תַּמְצֶאנָה
1955	5	155	conjugations/lehamtsia/future-09.mp3	lehamtsia	Hifil	future	9	הם	יַמְצִיאוּ
1956	5	156	conjugations/lehamtsia/future-10.mp3	lehamtsia	Hifil	future	10	הן	תַּמְצֶאנָה
1957	5	157	conjugations/lehamtsia/imperative-01.mp3	lehamtsia	Hifil	imperative	1	אתה	הַמְצֵא
1958	5	158	conjugations/lehamtsia/imperative-02.mp3	lehamtsia	Hifil	imperative	2	את	הַמְצִאִי
1959	5	159	conjugations/lehamtsia/imperative-03.mp3	lehamtsia	Hifil	imperative	3	אתם	הַמְצִיאוּ
1960	5	160	conjugations/lehamtsia/imperative-04.mp3	lehamtsia	Hifil	imperative	4	אתן	הַמְצֶאנָה
1961	5	161	conjugations/lehamtsia/infinitive-01.mp3	lehamtsia	Hifil	infinitive	1		לְהַמְצִיא
1962	5	162	conjugations/nasoa/past-01.mp3	nasoa	Paal	past	1	אני	נָסַעְתִּי
1963	5	163	conjugations/nasoa/past-02.mp3	nasoa	Paal	past	2	אתה	נָסַעְתָּ
1964	5	164	conjugations/nasoa/past-03.mp3	nasoa	Paal	past	3	את	נָסַעְתְּ
1965	5	165	conjugations/nasoa/past-04.mp3	nasoa	Paal	past	4	הוא	נָסַע
1966	5	166	conjugations/nasoa/past-05.mp3	nasoa	Paal	past	5	היא	נָסְעָה
1967	5	167	conjugations/nasoa/past-06.mp3	nasoa	Paal	past	6	אנחנו	נָסַעְנוּ
1968	5	168	conjugations/nasoa/past-07.mp3	nasoa	Paal	past	7	אתם	נְסַעְתֶּם
1969	5	169	conjugations/nasoa/past-08.mp3	nasoa	Paal	past	8	אתן	נְסַעְתֶּן
1970	5	170	conjugations/nasoa/past-09.mp3	nasoa	Paal	past	9	הם	נָסְעוּ
1971	5	171	conjugations/nasoa/past-10.mp3	nasoa	Paal	past	10	הן	נָסְעוּ
1972	5	172	conjugations/nasoa/present-01.mp3	nasoa	Paal	present	1	אני	נוֹסֵעַ
1973	5	173	conjugations/nasoa/present-02.mp3	nasoa	Paal	present	2	אני	נוֹסַעַת
1974	5	174	conjugations/nasoa/present-03.mp3	nasoa	Paal	present	3	אתה	נוֹסֵעַ
1975	5	175	conjugations/nasoa/present-04.mp3	nasoa	Paal	present	4	את	נוֹסַעַת
1976	5	176	conjugations/nasoa/present-05.mp3	nasoa	Paal	present	5	הוא	נוֹסֵעַ
1977	5	177	conjugations/nasoa/present-06.mp3	nasoa	Paal	present	6	היא	נוֹסַעַת
1978	5	178	conjugations/nasoa/present-07.mp3	nasoa	Paal	present	7	אנחנו	נוֹסְעִים
1979	5	179	conjugations/nasoa/present-08.mp3	nasoa	Paal	present	8	אנחנו	נוֹסְעוֹת
1980	5	180	conjugations/nasoa/present-09.mp3	nasoa	Paal	present	9	אתם	נוֹסְעִים
1981	5	181	conjugations/nasoa/present-10.mp3	nasoa	Paal	present	10	אתן	נוֹסְעוֹת
1982	5	182	conjugations/nasoa/present-11.mp3	nasoa	Paal	present	11	הם	נוֹסְעִים
1983	5	183	conjugations/nasoa/present-12.mp3	nasoa	Paal	present	12	הן	נוֹסְעוֹת
1984	5	184	conjugations/nasoa/future-01.mp3	nasoa	Paal	future	1	אני	אֶסַּע
1985	5	185	conjugations/nasoa/future-02.mp3	nasoa	Paal	future	2	אתה	תִּסַּע
1986	5	186	conjugations/nasoa/future-03.mp3	nasoa	Paal	future	3	את	תִּסְעִי
1987	5	187	conjugations/nasoa/future-04.mp3	nasoa	Paal	future	4	הוא	יִסַּע
1988	5	188	conjugations/nasoa/future-05.mp3	nasoa	Paal	future	5	היא	תִּסַּע
1989	5	189	conjugations/nasoa/future-06.mp3	nasoa	Paal	future	6	אנחנו	נִסַּע
1990	5	190	conjugations/nasoa/future-07.mp3	nasoa	Paal	future	7	אתם	תִּסְעוּ
1991	5	191	conjugations/nasoa/future-08.mp3	nasoa	Paal	future	8	אתן	תִּסְעוּ
1992	5	192	conjugations/nasoa/future-09.mp3	nasoa	Paal	future	9	הם	יִסְעוּ
1993	5	193	conjugations/nasoa/future-10.mp3	nasoa	Paal	future	10	הן	יִסְעוּ
1994	5	194	conjugations/nasoa/imperative-01.mp3	nasoa	Paal	imperative	1	אתה	סַע
1995	5	195	conjugations/nasoa/imperative-02.mp3	nasoa	Paal	imperative	2	את	סְעִי
1996	5	196	conjugations/nasoa/imperative-03.mp3	nasoa	Paal	imperative	3	אתם	סְעוּ
1997	5	197	conjugations/nasoa/imperative-04.mp3	nasoa	Paal	imperative	4	אתן	סְעוּ
1998	5	198	conjugations/nasoa/infinitive-01.mp3	nasoa	Paal	infinitive	1		לִנְסוֹעַ
1999	5	199	conjugations/banah/past-01.mp3	banah	Paal	past	1	אני	בָּנִיתִי
2000	5	200	conjugations/banah/past-02.mp3	banah	Paal	past	2	אתה	בָּנִיתָ
2001	5	201	conjugations/banah/past-03.mp3	banah	Paal	past	3	את	בָּנִית
2002	5	202	conjugations/banah/past-04.mp3	banah	Paal	past	4	הוא	בָּנָה
2003	5	203	conjugations/banah/past-05.mp3	banah	Paal	past	5	היא	בָּנְתָה
2004	5	204	conjugations/banah/past-06.mp3	banah	Paal	past	6	אנחנו	בָּנִינוּ
2005	5	205	conjugations/banah/past-07.mp3	banah	Paal	past	7	אתם	בְּנִיתֶם
2006	5	206	conjugations/banah/past-08.mp3	banah	Paal	past	8	אתן	בְּנִיתֶן
2007	5	207	conjugations/banah/past-09.mp3	banah	Paal	past	9	הם	בָּנוּ
2008	5	208	conjugations/banah/past-10.mp3	banah	Paal	past	10	הן	בָּנוּ
2009	5	209	conjugations/banah/present-01.mp3	banah	Paal	present	1	אני	בּוֹנֶה
2010	5	210	conjugations/banah/present-02.mp3	banah	Paal	present	2	אני	בּוֹנָה
2011	5	211	conjugations/banah/present-03.mp3	banah	Paal	present	3	אתה	בּוֹנֶה
2012	5	212	conjugations/banah/present-04.mp3	banah	Paal	present	4	את	בּוֹנָה
2013	5	213	conjugations/banah/present-05.mp3	banah	Paal	present	5	הוא	בּוֹנֶה
2014	5	214	conjugations/banah/present-06.mp3	banah	Paal	present	6	היא	בּוֹנָה
2015	5	215	conjugations/banah/present-07.mp3	banah	Paal	present	7	אנחנו	בּוֹנִים
2016	5	216	conjugations/banah/present-08.mp3	banah	Paal	present	8	אנחנו	בּוֹנוֹת
2017	5	217	conjugations/banah/present-09.mp3	banah	Paal	present	9	אתם	בּוֹנִים
2018	5	218	conjugations/banah/present-10.mp3	banah	Paal	present	10	אתן	בּוֹנוֹת
2019	5	219	conjugations/banah/present-11.mp3	banah	Paal	present	11	הם	בּוֹנִים
2020	5	220	conjugations/banah/present-12.mp3	banah	Paal	present	12	הן	בּוֹנוֹת
2021	5	221	conjugations/banah/future-01.mp3	banah	Paal	future	1	אני	אֶבְנֶה
2022	5	222	conjugations/banah/future-02.mp3	banah	Paal	future	2	אתה	תִּבְנֶה
2023	5	223	conjugations/banah/future-03.mp3	banah	Paal	future	3	את	תִּבְנִי
2024	5	224	conjugations/banah/future-04.mp3	banah	Paal	future	4	הוא	יִבְנֶה
2025	5	225	conjugations/banah/future-05.mp3	banah	Paal	future	5	היא	תִּבְנֶה
2026	5	226	conjugations/banah/future-06.mp3	banah	Paal	future	6	אנחנו	נִבְנֶה
2027	5	227	conjugations/banah/future-07.mp3	banah	Paal	future	7	אתם	תִּבְנוּ
2028	5	228	conjugations/banah/future-08.mp3	banah	Paal	future	8	אתן	תִּבְנוּ
2029	5	229	conjugations/banah/future-09.mp3	banah	Paal	future	9	הם	יִבְנוּ
2030	5	230	conjugations/banah/future-10.mp3	banah	Paal	future	10	הן	יִבְנוּ
2031	5	231	conjugations/banah/imperative-01.mp3	banah	Paal	imperative	1	אתה	בְּנֵה
2032	5	232	conjugations/banah/imperative-02.mp3	banah	Paal	imperative	2	את	בְּנִי
2033	5	233	conjugations/banah/imperative-03.mp3	banah	Paal	imperative	3	אתם	בְּנוּ
2034	5	234	conjugations/banah/imperative-04.mp3	banah	Paal	imperative	4	אתן	בְּנוּ
2035	5	235	conjugations/banah/infinitive-01.mp3	banah	Paal	infinitive	1		לִבְנוֹת
2036	5	236	conjugations/shatef/past-01.mp3	shatef	Piel	past	1	אני	שִׁתַּפְתִּי
2037	5	237	conjugations/shatef/past-02.mp3	shatef	Piel	past	2	אתה	שִׁתַּפְתָּ
2038	5	238	conjugations/shatef/past-03.mp3	shatef	Piel	past	3	את	שִׁתַּפְתְּ
2039	5	239	conjugations/shatef/past-04.mp3	shatef	Piel	past	4	הוא	שִׁתֵּף
2040	5	240	conjugations/shatef/past-05.mp3	shatef	Piel	past	5	היא	שִׁתְּפָה
2041	5	241	conjugations/shatef/past-06.mp3	shatef	Piel	past	6	אנחנו	שִׁתַּפְנוּ
2042	5	242	conjugations/shatef/past-07.mp3	shatef	Piel	past	7	אתם	שִׁתַּפְתֶּם
2043	5	243	conjugations/shatef/past-08.mp3	shatef	Piel	past	8	אתן	שִׁתַּפְתֶּן
2044	5	244	conjugations/shatef/past-09.mp3	shatef	Piel	past	9	הם	שִׁתְּפוּ
2045	5	245	conjugations/shatef/past-10.mp3	shatef	Piel	past	10	הן	שִׁתְּפוּ
2046	5	246	conjugations/shatef/present-01.mp3	shatef	Piel	present	1	אני	מְשַׁתֵּף
2047	5	247	conjugations/shatef/present-02.mp3	shatef	Piel	present	2	אני	מְשַׁתֶּפֶת
2048	5	248	conjugations/shatef/present-03.mp3	shatef	Piel	present	3	אתה	מְשַׁתֵּף
2049	5	249	conjugations/shatef/present-04.mp3	shatef	Piel	present	4	את	מְשַׁתֶּפֶת
2050	5	250	conjugations/shatef/present-05.mp3	shatef	Piel	present	5	הוא	מְשַׁתֵּף
2051	5	251	conjugations/shatef/present-06.mp3	shatef	Piel	present	6	היא	מְשַׁתֶּפֶת
2052	5	252	conjugations/shatef/present-07.mp3	shatef	Piel	present	7	אנחנו	מְשַׁתְּפִים
2053	5	253	conjugations/shatef/present-08.mp3	shatef	Piel	present	8	אנחנו	מְשַׁתְּפוֹת
2054	5	254	conjugations/shatef/present-09.mp3	shatef	Piel	present	9	אתם	מְשַׁתְּפִים
2055	5	255	conjugations/shatef/present-10.mp3	shatef	Piel	present	10	אתן	מְשַׁתְּפוֹת
2056	5	256	conjugations/shatef/present-11.mp3	shatef	Piel	present	11	הם	מְשַׁתְּפִים
2057	5	257	conjugations/shatef/present-12.mp3	shatef	Piel	present	12	הן	מְשַׁתְּפוֹת
2058	5	258	conjugations/shatef/future-01.mp3	shatef	Piel	future	1	אני	אֲשַׁתֵּף
2059	5	259	conjugations/shatef/future-02.mp3	shatef	Piel	future	2	אתה	תְּשַׁתֵּף
2060	5	260	conjugations/shatef/future-03.mp3	shatef	Piel	future	3	את	תְּשַׁתְּפִי
2061	5	261	conjugations/shatef/future-04.mp3	shatef	Piel	future	4	הוא	יְשַׁתֵּף
2062	5	262	conjugations/shatef/future-05.mp3	shatef	Piel	future	5	היא	תְּשַׁתֵּף
2063	5	263	conjugations/shatef/future-06.mp3	shatef	Piel	future	6	אנחנו	נְשַׁתֵּף
2064	5	264	conjugations/shatef/future-07.mp3	shatef	Piel	future	7	אתם	תְּשַׁתְּפוּ
2065	5	265	conjugations/shatef/future-08.mp3	shatef	Piel	future	8	אתן	תְּשַׁתֵּפְנָה
2066	5	266	conjugations/shatef/future-09.mp3	shatef	Piel	future	9	הם	יְשַׁתְּפוּ
2067	5	267	conjugations/shatef/future-10.mp3	shatef	Piel	future	10	הן	תְּשַׁתֵּפְנָה
2068	5	268	conjugations/shatef/imperative-01.mp3	shatef	Piel	imperative	1	אתה	שַׁתֵּף
2069	5	269	conjugations/shatef/imperative-02.mp3	shatef	Piel	imperative	2	את	שַׁתְּפִי
2070	5	270	conjugations/shatef/imperative-03.mp3	shatef	Piel	imperative	3	אתם	שַׁתְּפוּ
2071	5	271	conjugations/shatef/imperative-04.mp3	shatef	Piel	imperative	4	אתן	שַׁתֵּפְנָה
2072	5	272	conjugations/shatef/infinitive-01.mp3	shatef	Piel	infinitive	1		לְשַׁתֵּף
2073	5	273	conjugations/shanot/past-01.mp3	shanot	Piel	past	1	אני	שִׁנִּיתִי
2074	5	274	conjugations/shanot/past-02.mp3	shanot	Piel	past	2	אתה	שִׁנִּיתָ
2075	5	275	conjugations/shanot/past-03.mp3	shanot	Piel	past	3	את	שִׁנִּית
2076	5	276	conjugations/shanot/past-04.mp3	shanot	Piel	past	4	הוא	שִׁנָּה
2077	5	277	conjugations/shanot/past-05.mp3	shanot	Piel	past	5	היא	שִׁנְּתָה
2078	5	278	conjugations/shanot/past-06.mp3	shanot	Piel	past	6	אנחנו	שִׁנִּינוּ
2079	5	279	conjugations/shanot/past-07.mp3	shanot	Piel	past	7	אתם	שִׁנִּיתֶם
2080	5	280	conjugations/shanot/past-08.mp3	shanot	Piel	past	8	אתן	שִׁנִּיתֶן
2081	5	281	conjugations/shanot/past-09.mp3	shanot	Piel	past	9	הם	שִׁנּוּ
2082	5	282	conjugations/shanot/past-10.mp3	shanot	Piel	past	10	הן	שִׁנּוּ
2083	5	283	conjugations/shanot/present-01.mp3	shanot	Piel	present	1	אני	מְשַׁנֶּה
2084	5	284	conjugations/shanot/present-02.mp3	shanot	Piel	present	2	אני	מְשַׁנָּה
2085	5	285	conjugations/shanot/present-03.mp3	shanot	Piel	present	3	אתה	מְשַׁנֶּה
2086	5	286	conjugations/shanot/present-04.mp3	shanot	Piel	present	4	את	מְשַׁנָּה
2087	5	287	conjugations/shanot/present-05.mp3	shanot	Piel	present	5	הוא	מְשַׁנֶּה
2088	5	288	conjugations/shanot/present-06.mp3	shanot	Piel	present	6	היא	מְשַׁנָּה
2089	5	289	conjugations/shanot/present-07.mp3	shanot	Piel	present	7	אנחנו	מְשַׁנִּים
2090	5	290	conjugations/shanot/present-08.mp3	shanot	Piel	present	8	אנחנו	מְשַׁנּוֹת
2091	5	291	conjugations/shanot/present-09.mp3	shanot	Piel	present	9	אתם	מְשַׁנִּים
2092	5	292	conjugations/shanot/present-10.mp3	shanot	Piel	present	10	אתן	מְשַׁנּוֹת
2093	5	293	conjugations/shanot/present-11.mp3	shanot	Piel	present	11	הם	מְשַׁנִּים
2094	5	294	conjugations/shanot/present-12.mp3	shanot	Piel	present	12	הן	מְשַׁנּוֹת
2095	5	295	conjugations/shanot/future-01.mp3	shanot	Piel	future	1	אני	אֲשַׁנֶּה
2096	5	296	conjugations/shanot/future-02.mp3	shanot	Piel	future	2	אתה	תְּשַׁנֶּה
2097	5	297	conjugations/shanot/future-03.mp3	shanot	Piel	future	3	את	תְּשַׁנִּי
2098	5	298	conjugations/shanot/future-04.mp3	shanot	Piel	future	4	הוא	יְשַׁנֶּה
2099	5	299	conjugations/shanot/future-05.mp3	shanot	Piel	future	5	היא	תְּשַׁנֶּה
2100	5	300	conjugations/shanot/future-06.mp3	shanot	Piel	future	6	אנחנו	נְשַׁנֶּה
2101	5	301	conjugations/shanot/future-07.mp3	shanot	Piel	future	7	אתם	תְּשַׁנּוּ
2102	5	302	conjugations/shanot/future-08.mp3	shanot	Piel	future	8	אתן	תְּשַׁנֶּינָה
2103	5	303	conjugations/shanot/future-09.mp3	shanot	Piel	future	9	הם	יְשַׁנּוּ
2104	5	304	conjugations/shanot/future-10.mp3	shanot	Piel	future	10	הן	תְּשַׁנֶּינָה
2105	5	305	conjugations/shanot/imperative-01.mp3	shanot	Piel	imperative	1	אתה	שַׁנֵּה
2106	5	306	conjugations/shanot/imperative-02.mp3	shanot	Piel	imperative	2	את	שַׁנִּי
2107	5	307	conjugations/shanot/imperative-03.mp3	shanot	Piel	imperative	3	אתם	שַׁנּוּ
2108	5	308	conjugations/shanot/imperative-04.mp3	shanot	Piel	imperative	4	אתן	שַׁנֶּינָה
2109	5	309	conjugations/shanot/infinitive-01.mp3	shanot	Piel	infinitive	1		לְשַׁנּוֹת
2110	5	310	conjugations/hatzil/past-01.mp3	hatzil	Hifil	past	1	אני	הִצַּלְתִּי
2111	5	311	conjugations/hatzil/past-02.mp3	hatzil	Hifil	past	2	אתה	הִצַּלְתָּ
2112	5	312	conjugations/hatzil/past-03.mp3	hatzil	Hifil	past	3	את	הִצַּלְתְּ
2113	5	313	conjugations/hatzil/past-04.mp3	hatzil	Hifil	past	4	הוא	הִצִּיל
2114	5	314	conjugations/hatzil/past-05.mp3	hatzil	Hifil	past	5	היא	הִצִּילָה
2115	5	315	conjugations/hatzil/past-06.mp3	hatzil	Hifil	past	6	אנחנו	הִצַּלְנוּ
2116	5	316	conjugations/hatzil/past-07.mp3	hatzil	Hifil	past	7	אתם	הִצַּלְתֶּם
2117	5	317	conjugations/hatzil/past-08.mp3	hatzil	Hifil	past	8	אתן	הִצַּלְתֶּן
2118	5	318	conjugations/hatzil/past-09.mp3	hatzil	Hifil	past	9	הם	הִצִּילוּ
2119	5	319	conjugations/hatzil/past-10.mp3	hatzil	Hifil	past	10	הן	הִצִּילוּ
2120	5	320	conjugations/hatzil/present-01.mp3	hatzil	Hifil	present	1	אני	מַצִּיל
2121	5	321	conjugations/hatzil/present-02.mp3	hatzil	Hifil	present	2	אני	מַצִּילָה
2122	5	322	conjugations/hatzil/present-03.mp3	hatzil	Hifil	present	3	אתה	מַצִּיל
2123	5	323	conjugations/hatzil/present-04.mp3	hatzil	Hifil	present	4	את	מַצִּילָה
2124	5	324	conjugations/hatzil/present-05.mp3	hatzil	Hifil	present	5	הוא	מַצִּיל
2125	5	325	conjugations/hatzil/present-06.mp3	hatzil	Hifil	present	6	היא	מַצִּילָה
2126	5	326	conjugations/hatzil/present-07.mp3	hatzil	Hifil	present	7	אנחנו	מַצִּילִים
2127	5	327	conjugations/hatzil/present-08.mp3	hatzil	Hifil	present	8	אנחנו	מַצִּילוֹת
2128	5	328	conjugations/hatzil/present-09.mp3	hatzil	Hifil	present	9	אתם	מַצִּילִים
2129	5	329	conjugations/hatzil/present-10.mp3	hatzil	Hifil	present	10	אתן	מַצִּילוֹת
2130	5	330	conjugations/hatzil/present-11.mp3	hatzil	Hifil	present	11	הם	מַצִּילִים
2131	5	331	conjugations/hatzil/present-12.mp3	hatzil	Hifil	present	12	הן	מַצִּילוֹת
2132	5	332	conjugations/hatzil/future-01.mp3	hatzil	Hifil	future	1	אני	אַצִּיל
2133	5	333	conjugations/hatzil/future-02.mp3	hatzil	Hifil	future	2	אתה	תַּצִּיל
2134	5	334	conjugations/hatzil/future-03.mp3	hatzil	Hifil	future	3	את	תַּצִּילִי
2135	5	335	conjugations/hatzil/future-04.mp3	hatzil	Hifil	future	4	הוא	יַצִּיל
2136	5	336	conjugations/hatzil/future-05.mp3	hatzil	Hifil	future	5	היא	תַּצִּיל
2137	5	337	conjugations/hatzil/future-06.mp3	hatzil	Hifil	future	6	אנחנו	נַצִּיל
2138	5	338	conjugations/hatzil/future-07.mp3	hatzil	Hifil	future	7	אתם	תַּצִּילוּ
2139	5	339	conjugations/hatzil/future-08.mp3	hatzil	Hifil	future	8	אתן	תַּצֵּלְנָה
2140	5	340	conjugations/hatzil/future-09.mp3	hatzil	Hifil	future	9	הם	יַצִּילוּ
2141	5	341	conjugations/hatzil/future-10.mp3	hatzil	Hifil	future	10	הן	תַּצֵּלְנָה
2142	5	342	conjugations/hatzil/imperative-01.mp3	hatzil	Hifil	imperative	1	אתה	הַצֵּל
2143	5	343	conjugations/hatzil/imperative-02.mp3	hatzil	Hifil	imperative	2	את	הַצִּילִי
2144	5	344	conjugations/hatzil/imperative-03.mp3	hatzil	Hifil	imperative	3	אתם	הַצִּילוּ
2145	5	345	conjugations/hatzil/imperative-04.mp3	hatzil	Hifil	imperative	4	אתן	הַצֵּלְנָה
2146	5	346	conjugations/hatzil/infinitive-01.mp3	hatzil	Hifil	infinitive	1		לְהַצִּיל
2147	5	347	conjugations/haskim/past-01.mp3	haskim	Hifil	past	1	אני	הִסְכַּמְתִּי
2148	5	348	conjugations/haskim/past-02.mp3	haskim	Hifil	past	2	אתה	הִסְכַּמְתָּ
2149	5	349	conjugations/haskim/past-03.mp3	haskim	Hifil	past	3	את	הִסְכַּמְתְּ
2150	5	350	conjugations/haskim/past-04.mp3	haskim	Hifil	past	4	הוא	הִסְכִּים
2151	5	351	conjugations/haskim/past-05.mp3	haskim	Hifil	past	5	היא	הִסְכִּימָה
2152	5	352	conjugations/haskim/past-06.mp3	haskim	Hifil	past	6	אנחנו	הִסְכַּמְנוּ
2153	5	353	conjugations/haskim/past-07.mp3	haskim	Hifil	past	7	אתם	הִסְכַּמְתֶּם
2154	5	354	conjugations/haskim/past-08.mp3	haskim	Hifil	past	8	אתן	הִסְכַּמְתֶּן
2155	5	355	conjugations/haskim/past-09.mp3	haskim	Hifil	past	9	הם	הִסְכִּימוּ
2156	5	356	conjugations/haskim/past-10.mp3	haskim	Hifil	past	10	הן	הִסְכִּימוּ
2157	5	357	conjugations/haskim/present-01.mp3	haskim	Hifil	present	1	אני	מַסְכִּים
2158	5	358	conjugations/haskim/present-02.mp3	haskim	Hifil	present	2	אני	מַסְכִּימָה
2159	5	359	conjugations/haskim/present-03.mp3	haskim	Hifil	present	3	אתה	מַסְכִּים
2160	5	360	conjugations/haskim/present-04.mp3	haskim	Hifil	present	4	את	מַסְכִּימָה
2161	5	361	conjugations/haskim/present-05.mp3	haskim	Hifil	present	5	הוא	מַסְכִּים
2162	5	362	conjugations/haskim/present-06.mp3	haskim	Hifil	present	6	היא	מַסְכִּימָה
2163	5	363	conjugations/haskim/present-07.mp3	haskim	Hifil	present	7	אנחנו	מַסְכִּימִים
2164	5	364	conjugations/haskim/present-08.mp3	haskim	Hifil	present	8	אנחנו	מַסְכִּימוֹת
2165	5	365	conjugations/haskim/present-09.mp3	haskim	Hifil	present	9	אתם	מַסְכִּימִים
2166	5	366	conjugations/haskim/present-10.mp3	haskim	Hifil	present	10	אתן	מַסְכִּימוֹת
2167	5	367	conjugations/haskim/present-11.mp3	haskim	Hifil	present	11	הם	מַסְכִּימִים
2168	5	368	conjugations/haskim/present-12.mp3	haskim	Hifil	present	12	הן	מַסְכִּימוֹת
2169	5	369	conjugations/haskim/future-01.mp3	haskim	Hifil	future	1	אני	אַסְכִּים
2170	5	370	conjugations/haskim/future-02.mp3	haskim	Hifil	future	2	אתה	תַּסְכִּים
2171	5	371	conjugations/haskim/future-03.mp3	haskim	Hifil	future	3	את	תַּסְכִּימִי
2172	5	372	conjugations/haskim/future-04.mp3	haskim	Hifil	future	4	הוא	יַסְכִּים
2173	5	373	conjugations/haskim/future-05.mp3	haskim	Hifil	future	5	היא	תַּסְכִּים
2174	5	374	conjugations/haskim/future-06.mp3	haskim	Hifil	future	6	אנחנו	נַסְכִּים
2175	5	375	conjugations/haskim/future-07.mp3	haskim	Hifil	future	7	אתם	תַּסְכִּימוּ
2176	5	376	conjugations/haskim/future-08.mp3	haskim	Hifil	future	8	אתן	תַּסְכֵּמְנָה
2177	5	377	conjugations/haskim/future-09.mp3	haskim	Hifil	future	9	הם	יַסְכִּימוּ
2178	5	378	conjugations/haskim/future-10.mp3	haskim	Hifil	future	10	הן	תַּסְכֵּמְנָה
2179	5	379	conjugations/haskim/imperative-01.mp3	haskim	Hifil	imperative	1	אתה	הַסְכֵּם
2180	5	380	conjugations/haskim/imperative-02.mp3	haskim	Hifil	imperative	2	את	הַסְכִּימִי
2181	5	381	conjugations/haskim/imperative-03.mp3	haskim	Hifil	imperative	3	אתם	הַסְכִּימוּ
2182	5	382	conjugations/haskim/imperative-04.mp3	haskim	Hifil	imperative	4	אתן	הַסְכֵּמְנָה
2183	5	383	conjugations/haskim/infinitive-01.mp3	haskim	Hifil	infinitive	1		לְהַסְכִּים
2184	5	384	conjugations/anot/past-01.mp3	anot	Paal	past	1	אני	עָנִיתִי
2185	5	385	conjugations/anot/past-02.mp3	anot	Paal	past	2	אתה	עָנִיתָ
2186	5	386	conjugations/anot/past-03.mp3	anot	Paal	past	3	את	עָנִית
2187	5	387	conjugations/anot/past-04.mp3	anot	Paal	past	4	הוא	עָנָה
2188	5	388	conjugations/anot/past-05.mp3	anot	Paal	past	5	היא	עָנְתָה
2189	5	389	conjugations/anot/past-06.mp3	anot	Paal	past	6	אנחנו	עָנִינוּ
2190	5	390	conjugations/anot/past-07.mp3	anot	Paal	past	7	אתם	עֲנִיתֶם
2191	5	391	conjugations/anot/past-08.mp3	anot	Paal	past	8	אתן	עֲנִיתֶן
2192	5	392	conjugations/anot/past-09.mp3	anot	Paal	past	9	הם	עָנוּ
2193	5	393	conjugations/anot/past-10.mp3	anot	Paal	past	10	הן	עָנוּ
2194	5	394	conjugations/anot/present-01.mp3	anot	Paal	present	1	אני	עוֹנֶה
2195	5	395	conjugations/anot/present-02.mp3	anot	Paal	present	2	אני	עוֹנָה
2196	5	396	conjugations/anot/present-03.mp3	anot	Paal	present	3	אתה	עוֹנֶה
2197	5	397	conjugations/anot/present-04.mp3	anot	Paal	present	4	את	עוֹנָה
2198	5	398	conjugations/anot/present-05.mp3	anot	Paal	present	5	הוא	עוֹנֶה
2199	5	399	conjugations/anot/present-06.mp3	anot	Paal	present	6	היא	עוֹנָה
2200	5	400	conjugations/anot/present-07.mp3	anot	Paal	present	7	אנחנו	עוֹנִים
2201	5	401	conjugations/anot/present-08.mp3	anot	Paal	present	8	אנחנו	עוֹנוֹת
2202	5	402	conjugations/anot/present-09.mp3	anot	Paal	present	9	אתם	עוֹנִים
2203	5	403	conjugations/anot/present-10.mp3	anot	Paal	present	10	אתן	עוֹנוֹת
2204	5	404	conjugations/anot/present-11.mp3	anot	Paal	present	11	הם	עוֹנִים
2205	5	405	conjugations/anot/present-12.mp3	anot	Paal	present	12	הן	עוֹנוֹת
2206	5	406	conjugations/anot/future-01.mp3	anot	Paal	future	1	אני	אֶעֱנֶה
2207	5	407	conjugations/anot/future-02.mp3	anot	Paal	future	2	אתה	תַּעֲנֶה
2208	5	408	conjugations/anot/future-03.mp3	anot	Paal	future	3	את	תַּעֲנִי
2209	5	409	conjugations/anot/future-04.mp3	anot	Paal	future	4	הוא	יַעֲנֶה
2210	5	410	conjugations/anot/future-05.mp3	anot	Paal	future	5	היא	תַּעֲנֶה
2211	5	411	conjugations/anot/future-06.mp3	anot	Paal	future	6	אנחנו	נַעֲנֶה
2212	5	412	conjugations/anot/future-07.mp3	anot	Paal	future	7	אתם	תַּעֲנוּ
2213	5	413	conjugations/anot/future-08.mp3	anot	Paal	future	8	אתן	תַּעֲנֶינָה
2214	5	414	conjugations/anot/future-09.mp3	anot	Paal	future	9	הם	יַעֲנוּ
2215	5	415	conjugations/anot/future-10.mp3	anot	Paal	future	10	הן	תַּעֲנֶינָה
2216	5	416	conjugations/anot/imperative-01.mp3	anot	Paal	imperative	1	אתה	עֲנֵה
2217	5	417	conjugations/anot/imperative-02.mp3	anot	Paal	imperative	2	את	עֲנִי
2218	5	418	conjugations/anot/imperative-03.mp3	anot	Paal	imperative	3	אתם	עֲנוּ
2219	5	419	conjugations/anot/imperative-04.mp3	anot	Paal	imperative	4	אתן	עֲנֶינָה
2220	5	420	conjugations/anot/infinitive-01.mp3	anot	Paal	infinitive	1		לַעֲנוֹת
2221	5	421	conjugations/tzor/past-01.mp3	tzor	Paal	past	1	אני	יָצַרְתִּי
2222	5	422	conjugations/tzor/past-02.mp3	tzor	Paal	past	2	אתה	יָצַרְתָּ
2223	5	423	conjugations/tzor/past-03.mp3	tzor	Paal	past	3	את	יָצַרְתְּ
2224	5	424	conjugations/tzor/past-04.mp3	tzor	Paal	past	4	הוא	יָצַר
2225	5	425	conjugations/tzor/past-05.mp3	tzor	Paal	past	5	היא	יָצְרָה
2226	5	426	conjugations/tzor/past-06.mp3	tzor	Paal	past	6	אנחנו	יָצַרְנוּ
2227	5	427	conjugations/tzor/past-07.mp3	tzor	Paal	past	7	אתם	יְצַרְתֶּם
2228	5	428	conjugations/tzor/past-08.mp3	tzor	Paal	past	8	אתן	יְצַרְתֶּן
2229	5	429	conjugations/tzor/past-09.mp3	tzor	Paal	past	9	הם	יָצְרוּ
2230	5	430	conjugations/tzor/past-10.mp3	tzor	Paal	past	10	הן	יָצְרוּ
2231	5	431	conjugations/tzor/present-01.mp3	tzor	Paal	present	1	אני	יוֹצֵר
2232	5	432	conjugations/tzor/present-02.mp3	tzor	Paal	present	2	אני	יוֹצֶרֶת
2233	5	433	conjugations/tzor/present-03.mp3	tzor	Paal	present	3	אתה	יוֹצֵר
2234	5	434	conjugations/tzor/present-04.mp3	tzor	Paal	present	4	את	יוֹצֶרֶת
2235	5	435	conjugations/tzor/present-05.mp3	tzor	Paal	present	5	הוא	יוֹצֵר
2236	5	436	conjugations/tzor/present-06.mp3	tzor	Paal	present	6	היא	יוֹצֶרֶת
2237	5	437	conjugations/tzor/present-07.mp3	tzor	Paal	present	7	אנחנו	יוֹצְרִים
2238	5	438	conjugations/tzor/present-08.mp3	tzor	Paal	present	8	אנחנו	יוֹצְרוֹת
2239	5	439	conjugations/tzor/present-09.mp3	tzor	Paal	present	9	אתם	יוֹצְרִים
2240	5	440	conjugations/tzor/present-10.mp3	tzor	Paal	present	10	אתן	יוֹצְרוֹת
2241	5	441	conjugations/tzor/present-11.mp3	tzor	Paal	present	11	הם	יוֹצְרִים
2242	5	442	conjugations/tzor/present-12.mp3	tzor	Paal	present	12	הן	יוֹצְרוֹת
2243	5	443	conjugations/tzor/future-01.mp3	tzor	Paal	future	1	אני	אֶצוֹר
2244	5	444	conjugations/tzor/future-02.mp3	tzor	Paal	future	2	אתה	תִּצוֹר
2245	5	445	conjugations/tzor/future-03.mp3	tzor	Paal	future	3	את	תִּצְרִי
2246	5	446	conjugations/tzor/future-04.mp3	tzor	Paal	future	4	הוא	יִצוֹר
2247	5	447	conjugations/tzor/future-05.mp3	tzor	Paal	future	5	היא	תִּצוֹר
2248	5	448	conjugations/tzor/future-06.mp3	tzor	Paal	future	6	אנחנו	נִצוֹר
2249	5	449	conjugations/tzor/future-07.mp3	tzor	Paal	future	7	אתם	תִּצְרוּ
2250	5	450	conjugations/tzor/future-08.mp3	tzor	Paal	future	8	אתן	תִּצֹּרְנָה
2251	6	1	conjugations/tzor/future-09.mp3	tzor	Paal	future	9	הם	יִצְרוּ
2252	6	2	conjugations/tzor/future-10.mp3	tzor	Paal	future	10	הן	תִּצֹּרְנָה
2253	6	3	conjugations/tzor/imperative-01.mp3	tzor	Paal	imperative	1	אתה	צוֹר
2254	6	4	conjugations/tzor/imperative-02.mp3	tzor	Paal	imperative	2	את	צְרִי
2255	6	5	conjugations/tzor/imperative-03.mp3	tzor	Paal	imperative	3	אתם	צְרוּ
2256	6	6	conjugations/tzor/imperative-04.mp3	tzor	Paal	imperative	4	אתן	צֹרְנָה
2257	6	7	conjugations/tzor/infinitive-01.mp3	tzor	Paal	infinitive	1		לִיצוֹר
2258	6	8	conjugations/hitztaref/past-01.mp3	hitztaref	Hitpael	past	1	אני	הִצְטָרַפְתִּי
2259	6	9	conjugations/hitztaref/past-02.mp3	hitztaref	Hitpael	past	2	אתה	הִצְטָרַפְתָּ
2260	6	10	conjugations/hitztaref/past-03.mp3	hitztaref	Hitpael	past	3	את	הִצְטָרַפְתְּ
2261	6	11	conjugations/hitztaref/past-04.mp3	hitztaref	Hitpael	past	4	הוא	הִצְטָרֵף
2262	6	12	conjugations/hitztaref/past-05.mp3	hitztaref	Hitpael	past	5	היא	הִצְטָרְפָה
2263	6	13	conjugations/hitztaref/past-06.mp3	hitztaref	Hitpael	past	6	אנחנו	הִצְטָרַפְנוּ
2264	6	14	conjugations/hitztaref/past-07.mp3	hitztaref	Hitpael	past	7	אתם	הִצְטָרַפְתֶּם
2265	6	15	conjugations/hitztaref/past-08.mp3	hitztaref	Hitpael	past	8	אתן	הִצְטָרַפְתֶּן
2266	6	16	conjugations/hitztaref/past-09.mp3	hitztaref	Hitpael	past	9	הם	הִצְטָרְפוּ
2267	6	17	conjugations/hitztaref/past-10.mp3	hitztaref	Hitpael	past	10	הן	הִצְטָרְפוּ
2268	6	18	conjugations/hitztaref/present-01.mp3	hitztaref	Hitpael	present	1	אני	מִצְטָרֵף
2269	6	19	conjugations/hitztaref/present-02.mp3	hitztaref	Hitpael	present	2	אני	מִצְטָרֶפֶת
2270	6	20	conjugations/hitztaref/present-03.mp3	hitztaref	Hitpael	present	3	אתה	מִצְטָרֵף
2271	6	21	conjugations/hitztaref/present-04.mp3	hitztaref	Hitpael	present	4	את	מִצְטָרֶפֶת
2272	6	22	conjugations/hitztaref/present-05.mp3	hitztaref	Hitpael	present	5	הוא	מִצְטָרֵף
2273	6	23	conjugations/hitztaref/present-06.mp3	hitztaref	Hitpael	present	6	היא	מִצְטָרֶפֶת
2274	6	24	conjugations/hitztaref/present-07.mp3	hitztaref	Hitpael	present	7	אנחנו	מִצְטָרְפִים
2275	6	25	conjugations/hitztaref/present-08.mp3	hitztaref	Hitpael	present	8	אנחנו	מִצְטָרְפוֹת
2276	6	26	conjugations/hitztaref/present-09.mp3	hitztaref	Hitpael	present	9	אתם	מִצְטָרְפִים
2277	6	27	conjugations/hitztaref/present-10.mp3	hitztaref	Hitpael	present	10	אתן	מִצְטָרְפוֹת
2278	6	28	conjugations/hitztaref/present-11.mp3	hitztaref	Hitpael	present	11	הם	מִצְטָרְפִים
2279	6	29	conjugations/hitztaref/present-12.mp3	hitztaref	Hitpael	present	12	הן	מִצְטָרְפוֹת
2280	6	30	conjugations/hitztaref/future-01.mp3	hitztaref	Hitpael	future	1	אני	אֶצְטָרֵף
2281	6	31	conjugations/hitztaref/future-02.mp3	hitztaref	Hitpael	future	2	אתה	תִּצְטָרֵף
2282	6	32	conjugations/hitztaref/future-03.mp3	hitztaref	Hitpael	future	3	את	תִּצְטָרְפִי
2283	6	33	conjugations/hitztaref/future-04.mp3	hitztaref	Hitpael	future	4	הוא	יִצְטָרֵף
2284	6	34	conjugations/hitztaref/future-05.mp3	hitztaref	Hitpael	future	5	היא	תִּצְטָרֵף
2285	6	35	conjugations/hitztaref/future-06.mp3	hitztaref	Hitpael	future	6	אנחנו	נִצְטָרֵף
2286	6	36	conjugations/hitztaref/future-07.mp3	hitztaref	Hitpael	future	7	אתם	תִּצְטָרְפוּ
2287	6	37	conjugations/hitztaref/future-08.mp3	hitztaref	Hitpael	future	8	אתן	תִּצְטָרֵפְנָה
2288	6	38	conjugations/hitztaref/future-09.mp3	hitztaref	Hitpael	future	9	הם	יִצְטָרְפוּ
2289	6	39	conjugations/hitztaref/future-10.mp3	hitztaref	Hitpael	future	10	הן	תִּצְטָרֵפְנָה
2290	6	40	conjugations/hitztaref/imperative-01.mp3	hitztaref	Hitpael	imperative	1	אתה	הִצְטָרֵף
2291	6	41	conjugations/hitztaref/imperative-02.mp3	hitztaref	Hitpael	imperative	2	את	הִצְטָרְפִי
2292	6	42	conjugations/hitztaref/imperative-03.mp3	hitztaref	Hitpael	imperative	3	אתם	הִצְטָרְפוּ
2293	6	43	conjugations/hitztaref/imperative-04.mp3	hitztaref	Hitpael	imperative	4	אתן	הִצְטָרֵפְנָה
2294	6	44	conjugations/hitztaref/infinitive-01.mp3	hitztaref	Hitpael	infinitive	1		לְהִצְטָרֵף
2295	6	45	conjugations/akov/past-01.mp3	akov	Paal	past	1	אני	עָקַבְתִּי
2296	6	46	conjugations/akov/past-02.mp3	akov	Paal	past	2	אתה	עָקַבְתָּ
2297	6	47	conjugations/akov/past-03.mp3	akov	Paal	past	3	את	עָקַבְתְּ
2298	6	48	conjugations/akov/past-04.mp3	akov	Paal	past	4	הוא	עָקַב
2299	6	49	conjugations/akov/past-05.mp3	akov	Paal	past	5	היא	עָקְבָה
2300	6	50	conjugations/akov/past-06.mp3	akov	Paal	past	6	אנחנו	עָקַבְנוּ
2301	6	51	conjugations/akov/past-07.mp3	akov	Paal	past	7	אתם	עֲקַבְתֶּם
2302	6	52	conjugations/akov/past-08.mp3	akov	Paal	past	8	אתן	עֲקַבְתֶּן
2303	6	53	conjugations/akov/past-09.mp3	akov	Paal	past	9	הם	עָקְבוּ
2304	6	54	conjugations/akov/past-10.mp3	akov	Paal	past	10	הן	עָקְבוּ
2305	6	55	conjugations/akov/present-01.mp3	akov	Paal	present	1	אני	עוֹקֵב
2306	6	56	conjugations/akov/present-02.mp3	akov	Paal	present	2	אני	עוֹקֶבֶת
2307	6	57	conjugations/akov/present-03.mp3	akov	Paal	present	3	אתה	עוֹקֵב
2308	6	58	conjugations/akov/present-04.mp3	akov	Paal	present	4	את	עוֹקֶבֶת
2309	6	59	conjugations/akov/present-05.mp3	akov	Paal	present	5	הוא	עוֹקֵב
2310	6	60	conjugations/akov/present-06.mp3	akov	Paal	present	6	היא	עוֹקֶבֶת
2311	6	61	conjugations/akov/present-07.mp3	akov	Paal	present	7	אנחנו	עוֹקְבִים
2312	6	62	conjugations/akov/present-08.mp3	akov	Paal	present	8	אנחנו	עוֹקְבוֹת
2313	6	63	conjugations/akov/present-09.mp3	akov	Paal	present	9	אתם	עוֹקְבִים
2314	6	64	conjugations/akov/present-10.mp3	akov	Paal	present	10	אתן	עוֹקְבוֹת
2315	6	65	conjugations/akov/present-11.mp3	akov	Paal	present	11	הם	עוֹקְבִים
2316	6	66	conjugations/akov/present-12.mp3	akov	Paal	present	12	הן	עוֹקְבוֹת
2317	6	67	conjugations/akov/future-01.mp3	akov	Paal	future	1	אני	אֶעֱקֹב
2318	6	68	conjugations/akov/future-02.mp3	akov	Paal	future	2	אתה	תַּעֲקֹב
2319	6	69	conjugations/akov/future-03.mp3	akov	Paal	future	3	את	תַּעַקְבִי
2320	6	70	conjugations/akov/future-04.mp3	akov	Paal	future	4	הוא	יַעֲקֹב
2321	6	71	conjugations/akov/future-05.mp3	akov	Paal	future	5	היא	תַּעֲקֹב
2322	6	72	conjugations/akov/future-06.mp3	akov	Paal	future	6	אנחנו	נַעֲקֹב
2323	6	73	conjugations/akov/future-07.mp3	akov	Paal	future	7	אתם	תַּעַקְבוּ
2324	6	74	conjugations/akov/future-08.mp3	akov	Paal	future	8	אתן	תַּעֲקֹבְנָה
2325	6	75	conjugations/akov/future-09.mp3	akov	Paal	future	9	הם	יַעַקְבוּ
2326	6	76	conjugations/akov/future-10.mp3	akov	Paal	future	10	הן	תַּעֲקֹבְנָה
2327	6	77	conjugations/akov/imperative-01.mp3	akov	Paal	imperative	1	אתה	עֲקֹב
2328	6	78	conjugations/akov/imperative-02.mp3	akov	Paal	imperative	2	את	עַקְבִי
2329	6	79	conjugations/akov/imperative-03.mp3	akov	Paal	imperative	3	אתם	עַקְבוּ
2330	6	80	conjugations/akov/imperative-04.mp3	akov	Paal	imperative	4	אתן	עֲקֹבְנָה
2331	6	81	conjugations/akov/infinitive-01.mp3	akov	Paal	infinitive	1		לַעֲקֹב
2332	6	82	conjugations/hovil/past-01.mp3	hovil	Hifil	past	1	אני	הוֹבַלְתִּי
2333	6	83	conjugations/hovil/past-02.mp3	hovil	Hifil	past	2	אתה	הוֹבַלְתָּ
2334	6	84	conjugations/hovil/past-03.mp3	hovil	Hifil	past	3	את	הוֹבַלְתְּ
2335	6	85	conjugations/hovil/past-04.mp3	hovil	Hifil	past	4	הוא	הוֹבִיל
2336	6	86	conjugations/hovil/past-05.mp3	hovil	Hifil	past	5	היא	הוֹבִילָה
2337	6	87	conjugations/hovil/past-06.mp3	hovil	Hifil	past	6	אנחנו	הוֹבַלְנוּ
2338	6	88	conjugations/hovil/past-07.mp3	hovil	Hifil	past	7	אתם	הוֹבַלְתֶּם
2339	6	89	conjugations/hovil/past-08.mp3	hovil	Hifil	past	8	אתן	הוֹבַלְתֶּן
2340	6	90	conjugations/hovil/past-09.mp3	hovil	Hifil	past	9	הם	הוֹבִילוּ
2341	6	91	conjugations/hovil/past-10.mp3	hovil	Hifil	past	10	הן	הוֹבִילוּ
2342	6	92	conjugations/hovil/present-01.mp3	hovil	Hifil	present	1	אני	מוֹבִיל
2343	6	93	conjugations/hovil/present-02.mp3	hovil	Hifil	present	2	אני	מוֹבִילָה
2344	6	94	conjugations/hovil/present-03.mp3	hovil	Hifil	present	3	אתה	מוֹבִיל
2345	6	95	conjugations/hovil/present-04.mp3	hovil	Hifil	present	4	את	מוֹבִילָה
2346	6	96	conjugations/hovil/present-05.mp3	hovil	Hifil	present	5	הוא	מוֹבִיל
2347	6	97	conjugations/hovil/present-06.mp3	hovil	Hifil	present	6	היא	מוֹבִילָה
2348	6	98	conjugations/hovil/present-07.mp3	hovil	Hifil	present	7	אנחנו	מוֹבִילִים
2349	6	99	conjugations/hovil/present-08.mp3	hovil	Hifil	present	8	אנחנו	מוֹבִילוֹת
2350	6	100	conjugations/hovil/present-09.mp3	hovil	Hifil	present	9	אתם	מוֹבִילִים
2351	6	101	conjugations/hovil/present-10.mp3	hovil	Hifil	present	10	אתן	מוֹבִילוֹת
2352	6	102	conjugations/hovil/present-11.mp3	hovil	Hifil	present	11	הם	מוֹבִילִים
2353	6	103	conjugations/hovil/present-12.mp3	hovil	Hifil	present	12	הן	מוֹבִילוֹת
2354	6	104	conjugations/hovil/future-01.mp3	hovil	Hifil	future	1	אני	אוֹבִיל
2355	6	105	conjugations/hovil/future-02.mp3	hovil	Hifil	future	2	אתה	תּוֹבִיל
2356	6	106	conjugations/hovil/future-03.mp3	hovil	Hifil	future	3	את	תּוֹבִילִי
2357	6	107	conjugations/hovil/future-04.mp3	hovil	Hifil	future	4	הוא	יּוֹבִיל
2358	6	108	conjugations/hovil/future-05.mp3	hovil	Hifil	future	5	היא	תּוֹבִיל
2359	6	109	conjugations/hovil/future-06.mp3	hovil	Hifil	future	6	אנחנו	נוֹבִיל
2360	6	110	conjugations/hovil/future-07.mp3	hovil	Hifil	future	7	אתם	תּוֹבִילוּ
2361	6	111	conjugations/hovil/future-08.mp3	hovil	Hifil	future	8	אתן	תּוֹבֵלְנָה
2362	6	112	conjugations/hovil/future-09.mp3	hovil	Hifil	future	9	הם	יּוֹבִילוּ
2363	6	113	conjugations/hovil/future-10.mp3	hovil	Hifil	future	10	הן	תּוֹבֵלְנָה
2364	6	114	conjugations/hovil/imperative-01.mp3	hovil	Hifil	imperative	1	אתה	הוֹבֵל
2365	6	115	conjugations/hovil/imperative-02.mp3	hovil	Hifil	imperative	2	את	הוֹבִילִי
2366	6	116	conjugations/hovil/imperative-03.mp3	hovil	Hifil	imperative	3	אתם	הוֹבִילוּ
2367	6	117	conjugations/hovil/imperative-04.mp3	hovil	Hifil	imperative	4	אתן	הוֹבֵלְנָה
2368	6	118	conjugations/hovil/infinitive-01.mp3	hovil	Hifil	infinitive	1		לְהוֹבִיל
2369	6	119	conjugations/hagen/past-01.mp3	hagen	Hifil	past	1	אני	הֵגַנְתִּי
2370	6	120	conjugations/hagen/past-02.mp3	hagen	Hifil	past	2	אתה	הֵגַנְתָּ
2371	6	121	conjugations/hagen/past-03.mp3	hagen	Hifil	past	3	את	הֵגַנְתְּ
2372	6	122	conjugations/hagen/past-04.mp3	hagen	Hifil	past	4	הוא	הֵגֵן
2373	6	123	conjugations/hagen/past-05.mp3	hagen	Hifil	past	5	היא	הֵגֵנָּה
2374	6	124	conjugations/hagen/past-06.mp3	hagen	Hifil	past	6	אנחנו	הֵגַנּוּ
2375	6	125	conjugations/hagen/past-07.mp3	hagen	Hifil	past	7	אתם	הֲגַנְתֶּם
2376	6	126	conjugations/hagen/past-08.mp3	hagen	Hifil	past	8	אתן	הֲגַנְתֶּן
2377	6	127	conjugations/hagen/past-09.mp3	hagen	Hifil	past	9	הם	הֵגֵנּוּ
2378	6	128	conjugations/hagen/past-10.mp3	hagen	Hifil	past	10	הן	הֵגֵנּוּ
2379	6	129	conjugations/hagen/present-01.mp3	hagen	Hifil	present	1	אני	מֵגֵן
2380	6	130	conjugations/hagen/present-02.mp3	hagen	Hifil	present	2	אני	מְגִנָּה
2381	6	131	conjugations/hagen/present-03.mp3	hagen	Hifil	present	3	אתה	מֵגֵן
2382	6	132	conjugations/hagen/present-04.mp3	hagen	Hifil	present	4	את	מְגִנָּה
2383	6	133	conjugations/hagen/present-05.mp3	hagen	Hifil	present	5	הוא	מֵגֵן
2384	6	134	conjugations/hagen/present-06.mp3	hagen	Hifil	present	6	היא	מְגִנָּה
2385	6	135	conjugations/hagen/present-07.mp3	hagen	Hifil	present	7	אנחנו	מְגִנִּים
2386	6	136	conjugations/hagen/present-08.mp3	hagen	Hifil	present	8	אנחנו	מְגִנּוֹת
2387	6	137	conjugations/hagen/present-09.mp3	hagen	Hifil	present	9	אתם	מְגִנִּים
2388	6	138	conjugations/hagen/present-10.mp3	hagen	Hifil	present	10	אתן	מְגִנּוֹת
2389	6	139	conjugations/hagen/present-11.mp3	hagen	Hifil	present	11	הם	מְגִנִּים
2390	6	140	conjugations/hagen/present-12.mp3	hagen	Hifil	present	12	הן	מְגִנּוֹת
2391	6	141	conjugations/hagen/future-01.mp3	hagen	Hifil	future	1	אני	אָגֵן
2392	6	142	conjugations/hagen/future-02.mp3	hagen	Hifil	future	2	אתה	תָּגֵן
2393	6	143	conjugations/hagen/future-03.mp3	hagen	Hifil	future	3	את	תָּגֵנִּי
2394	6	144	conjugations/hagen/future-04.mp3	hagen	Hifil	future	4	הוא	יָגֵן
2395	6	145	conjugations/hagen/future-05.mp3	hagen	Hifil	future	5	היא	תָּגֵן
2396	6	146	conjugations/hagen/future-06.mp3	hagen	Hifil	future	6	אנחנו	נָגֵן
2397	6	147	conjugations/hagen/future-07.mp3	hagen	Hifil	future	7	אתם	תָּגֵנּוּ
2398	6	148	conjugations/hagen/future-08.mp3	hagen	Hifil	future	8	אתן	תָּגֵנָּה
2399	6	149	conjugations/hagen/future-09.mp3	hagen	Hifil	future	9	הם	יָגֵנּוּ
2400	6	150	conjugations/hagen/future-10.mp3	hagen	Hifil	future	10	הן	תָּגֵנָּה
2401	6	151	conjugations/hagen/imperative-01.mp3	hagen	Hifil	imperative	1	אתה	הָגֵן
2402	6	152	conjugations/hagen/imperative-02.mp3	hagen	Hifil	imperative	2	את	הָגֵנִּי
2403	6	153	conjugations/hagen/imperative-03.mp3	hagen	Hifil	imperative	3	אתם	הָגֵנּוּ
2404	6	154	conjugations/hagen/imperative-04.mp3	hagen	Hifil	imperative	4	אתן	הָגֵנָּה
2405	6	155	conjugations/hagen/infinitive-01.mp3	hagen	Hifil	infinitive	1		לְהָגֵן
2406	6	156	conjugations/hodia/past-01.mp3	hodia	Hifil	past	1	אני	הוֹדַעְתִּי
2407	6	157	conjugations/hodia/past-02.mp3	hodia	Hifil	past	2	אתה	הוֹדַעְתָּ
2408	6	158	conjugations/hodia/past-03.mp3	hodia	Hifil	past	3	את	הוֹדַעַתְּ
2409	6	159	conjugations/hodia/past-04.mp3	hodia	Hifil	past	4	הוא	הוֹדִיעַ
2410	6	160	conjugations/hodia/past-05.mp3	hodia	Hifil	past	5	היא	הוֹדִיעָה
2411	6	161	conjugations/hodia/past-06.mp3	hodia	Hifil	past	6	אנחנו	הוֹדַעְנוּ
2412	6	162	conjugations/hodia/past-07.mp3	hodia	Hifil	past	7	אתם	הוֹדַעְתֶּם
2413	6	163	conjugations/hodia/past-08.mp3	hodia	Hifil	past	8	אתן	הוֹדַעְתֶּן
2414	6	164	conjugations/hodia/past-09.mp3	hodia	Hifil	past	9	הם	הוֹדִיעוּ
2415	6	165	conjugations/hodia/past-10.mp3	hodia	Hifil	past	10	הן	הוֹדִיעוּ
2416	6	166	conjugations/hodia/present-01.mp3	hodia	Hifil	present	1	אני	מוֹדִיעַ
2417	6	167	conjugations/hodia/present-02.mp3	hodia	Hifil	present	2	אני	מוֹדִיעָה
2418	6	168	conjugations/hodia/present-03.mp3	hodia	Hifil	present	3	אתה	מוֹדִיעַ
2419	6	169	conjugations/hodia/present-04.mp3	hodia	Hifil	present	4	את	מוֹדִיעָה
2420	6	170	conjugations/hodia/present-05.mp3	hodia	Hifil	present	5	הוא	מוֹדִיעַ
2421	6	171	conjugations/hodia/present-06.mp3	hodia	Hifil	present	6	היא	מוֹדִיעָה
2422	6	172	conjugations/hodia/present-07.mp3	hodia	Hifil	present	7	אנחנו	מוֹדִיעִים
2423	6	173	conjugations/hodia/present-08.mp3	hodia	Hifil	present	8	אנחנו	מוֹדִיעוֹת
2424	6	174	conjugations/hodia/present-09.mp3	hodia	Hifil	present	9	אתם	מוֹדִיעִים
2425	6	175	conjugations/hodia/present-10.mp3	hodia	Hifil	present	10	אתן	מוֹדִיעוֹת
2426	6	176	conjugations/hodia/present-11.mp3	hodia	Hifil	present	11	הם	מוֹדִיעִים
2427	6	177	conjugations/hodia/present-12.mp3	hodia	Hifil	present	12	הן	מוֹדִיעוֹת
2428	6	178	conjugations/hodia/future-01.mp3	hodia	Hifil	future	1	אני	אוֹדִיעַ
2429	6	179	conjugations/hodia/future-02.mp3	hodia	Hifil	future	2	אתה	תּוֹדִיעַ
2430	6	180	conjugations/hodia/future-03.mp3	hodia	Hifil	future	3	את	תּוֹדִיעִי
2431	6	181	conjugations/hodia/future-04.mp3	hodia	Hifil	future	4	הוא	יוֹדִיעַ
2432	6	182	conjugations/hodia/future-05.mp3	hodia	Hifil	future	5	היא	תּוֹדִיעַ
2433	6	183	conjugations/hodia/future-06.mp3	hodia	Hifil	future	6	אנחנו	נוֹדִיעַ
2434	6	184	conjugations/hodia/future-07.mp3	hodia	Hifil	future	7	אתם	תּוֹדִיעוּ
2435	6	185	conjugations/hodia/future-08.mp3	hodia	Hifil	future	8	אתן	תּוֹדַעְנָה
2436	6	186	conjugations/hodia/future-09.mp3	hodia	Hifil	future	9	הם	יוֹדִיעוּ
2437	6	187	conjugations/hodia/future-10.mp3	hodia	Hifil	future	10	הן	תּוֹדַעְנָה
2438	6	188	conjugations/hodia/imperative-01.mp3	hodia	Hifil	imperative	1	אתה	הוֹדַע
2439	6	189	conjugations/hodia/imperative-02.mp3	hodia	Hifil	imperative	2	את	הוֹדִיעִי
2440	6	190	conjugations/hodia/imperative-03.mp3	hodia	Hifil	imperative	3	אתם	הוֹדִיעוּ
2441	6	191	conjugations/hodia/imperative-04.mp3	hodia	Hifil	imperative	4	אתן	הוֹדַעְנָה
2442	6	192	conjugations/hodia/infinitive-01.mp3	hodia	Hifil	infinitive	1		לְהוֹדִיעַ
2443	6	193	conjugations/hishtatef/past-01.mp3	hishtatef	Hitpael	past	1	אני	הִשְׁתַּתַּפְתִּי
2444	6	194	conjugations/hishtatef/past-02.mp3	hishtatef	Hitpael	past	2	אתה	הִשְׁתַּתַּפְתָּ
2445	6	195	conjugations/hishtatef/past-03.mp3	hishtatef	Hitpael	past	3	את	הִשְׁתַּתַּפְתְּ
2446	6	196	conjugations/hishtatef/past-04.mp3	hishtatef	Hitpael	past	4	הוא	הִשְׁתַּתֵּף
2447	6	197	conjugations/hishtatef/past-05.mp3	hishtatef	Hitpael	past	5	היא	הִשְׁתַּתְּפָה
2448	6	198	conjugations/hishtatef/past-06.mp3	hishtatef	Hitpael	past	6	אנחנו	הִשְׁתַּתַּפְנוּ
2449	6	199	conjugations/hishtatef/past-07.mp3	hishtatef	Hitpael	past	7	אתם	הִשְׁתַּתַּפְתֶּם
2450	6	200	conjugations/hishtatef/past-08.mp3	hishtatef	Hitpael	past	8	אתן	הִשְׁתַּתַּפְתֶּן
2451	6	201	conjugations/hishtatef/past-09.mp3	hishtatef	Hitpael	past	9	הם	הִשְׁתַּתְּפוּ
2452	6	202	conjugations/hishtatef/past-10.mp3	hishtatef	Hitpael	past	10	הן	הִשְׁתַּתְּפוּ
2453	6	203	conjugations/hishtatef/present-01.mp3	hishtatef	Hitpael	present	1	אני	מִשְׁתַּתֵּף
2454	6	204	conjugations/hishtatef/present-02.mp3	hishtatef	Hitpael	present	2	אני	מִשְׁתַּתֶּפֶת
2455	6	205	conjugations/hishtatef/present-03.mp3	hishtatef	Hitpael	present	3	אתה	מִשְׁתַּתֵּף
2456	6	206	conjugations/hishtatef/present-04.mp3	hishtatef	Hitpael	present	4	את	מִשְׁתַּתֶּפֶת
2457	6	207	conjugations/hishtatef/present-05.mp3	hishtatef	Hitpael	present	5	הוא	מִשְׁתַּתֵּף
2458	6	208	conjugations/hishtatef/present-06.mp3	hishtatef	Hitpael	present	6	היא	מִשְׁתַּתֶּפֶת
2459	6	209	conjugations/hishtatef/present-07.mp3	hishtatef	Hitpael	present	7	אנחנו	מִשְׁתַּתְּפִים
2460	6	210	conjugations/hishtatef/present-08.mp3	hishtatef	Hitpael	present	8	אנחנו	מִשְׁתַּתְּפוֹת
2461	6	211	conjugations/hishtatef/present-09.mp3	hishtatef	Hitpael	present	9	אתם	מִשְׁתַּתְּפִים
2462	6	212	conjugations/hishtatef/present-10.mp3	hishtatef	Hitpael	present	10	אתן	מִשְׁתַּתְּפוֹת
2463	6	213	conjugations/hishtatef/present-11.mp3	hishtatef	Hitpael	present	11	הם	מִשְׁתַּתְּפִים
2464	6	214	conjugations/hishtatef/present-12.mp3	hishtatef	Hitpael	present	12	הן	מִשְׁתַּתְּפוֹת
2465	6	215	conjugations/hishtatef/future-01.mp3	hishtatef	Hitpael	future	1	אני	אֶשְׁתַּתֵּף
2466	6	216	conjugations/hishtatef/future-02.mp3	hishtatef	Hitpael	future	2	אתה	תִּשְׁתַּתֵּף
2467	6	217	conjugations/hishtatef/future-03.mp3	hishtatef	Hitpael	future	3	את	תִּשְׁתַּתְּפִי
2468	6	218	conjugations/hishtatef/future-04.mp3	hishtatef	Hitpael	future	4	הוא	יִשְׁתַּתֵּף
2469	6	219	conjugations/hishtatef/future-05.mp3	hishtatef	Hitpael	future	5	היא	תִּשְׁתַּתֵּף
2470	6	220	conjugations/hishtatef/future-06.mp3	hishtatef	Hitpael	future	6	אנחנו	נִשְׁתַּתֵּף
2471	6	221	conjugations/hishtatef/future-07.mp3	hishtatef	Hitpael	future	7	אתם	תִּשְׁתַּתְּפוּ
2472	6	222	conjugations/hishtatef/future-08.mp3	hishtatef	Hitpael	future	8	אתן	תִּשְׁתַּתֵּפְנָה
2473	6	223	conjugations/hishtatef/future-09.mp3	hishtatef	Hitpael	future	9	הם	יִשְׁתַּתְּפוּ
2474	6	224	conjugations/hishtatef/future-10.mp3	hishtatef	Hitpael	future	10	הן	תִּשְׁתַּתֵּפְנָה
2475	6	225	conjugations/hishtatef/imperative-01.mp3	hishtatef	Hitpael	imperative	1	אתה	הִשְׁתַּתֵּף
2476	6	226	conjugations/hishtatef/imperative-02.mp3	hishtatef	Hitpael	imperative	2	את	הִשְׁתַּתְּפִי
2477	6	227	conjugations/hishtatef/imperative-03.mp3	hishtatef	Hitpael	imperative	3	אתם	הִשְׁתַּתְּפוּ
2478	6	228	conjugations/hishtatef/imperative-04.mp3	hishtatef	Hitpael	imperative	4	אתן	הִשְׁתַּתֵּפְנָה
2479	6	229	conjugations/hishtatef/infinitive-01.mp3	hishtatef	Hitpael	infinitive	1		לְהִשְׁתַּתֵּף
2480	6	230	conjugations/chagot/past-01.mp3	chagot	Paal	past	1	אני	חָגַגְתִּי
2481	6	231	conjugations/chagot/past-02.mp3	chagot	Paal	past	2	אתה	חָגַגְתָּ
2482	6	232	conjugations/chagot/past-03.mp3	chagot	Paal	past	3	את	חָגַגְתְּ
2483	6	233	conjugations/chagot/past-04.mp3	chagot	Paal	past	4	הוא	חָגַג
2484	6	234	conjugations/chagot/past-05.mp3	chagot	Paal	past	5	היא	חָגְגָה
2485	6	235	conjugations/chagot/past-06.mp3	chagot	Paal	past	6	אנחנו	חָגַגְנוּ
2486	6	236	conjugations/chagot/past-07.mp3	chagot	Paal	past	7	אתם	חֲגַגְתֶּם
2487	6	237	conjugations/chagot/past-08.mp3	chagot	Paal	past	8	אתן	חֲגַגְתֶּן
2488	6	238	conjugations/chagot/past-09.mp3	chagot	Paal	past	9	הם	חָגְגוּ
2489	6	239	conjugations/chagot/past-10.mp3	chagot	Paal	past	10	הן	חָגְגוּ
2490	6	240	conjugations/chagot/present-01.mp3	chagot	Paal	present	1	אני	חוֹגֵג
2491	6	241	conjugations/chagot/present-02.mp3	chagot	Paal	present	2	אני	חוֹגֶגֶת
2492	6	242	conjugations/chagot/present-03.mp3	chagot	Paal	present	3	אתה	חוֹגֵג
2493	6	243	conjugations/chagot/present-04.mp3	chagot	Paal	present	4	את	חוֹגֶגֶת
2494	6	244	conjugations/chagot/present-05.mp3	chagot	Paal	present	5	הוא	חוֹגֵג
2495	6	245	conjugations/chagot/present-06.mp3	chagot	Paal	present	6	היא	חוֹגֶגֶת
2496	6	246	conjugations/chagot/present-07.mp3	chagot	Paal	present	7	אנחנו	חוֹגְגִים
2497	6	247	conjugations/chagot/present-08.mp3	chagot	Paal	present	8	אנחנו	חוֹגְגוֹת
2498	6	248	conjugations/chagot/present-09.mp3	chagot	Paal	present	9	אתם	חוֹגְגִים
2499	6	249	conjugations/chagot/present-10.mp3	chagot	Paal	present	10	אתן	חוֹגְגוֹת
2500	6	250	conjugations/chagot/present-11.mp3	chagot	Paal	present	11	הם	חוֹגְגִים
2501	6	251	conjugations/chagot/present-12.mp3	chagot	Paal	present	12	הן	חוֹגְגוֹת
2502	6	252	conjugations/chagot/future-01.mp3	chagot	Paal	future	1	אני	אֶחְגֹּג
2503	6	253	conjugations/chagot/future-02.mp3	chagot	Paal	future	2	אתה	תַּחְגֹּג
2504	6	254	conjugations/chagot/future-03.mp3	chagot	Paal	future	3	את	תַּחְגְּגִי
2505	6	255	conjugations/chagot/future-04.mp3	chagot	Paal	future	4	הוא	יַחְגֹּג
2506	6	256	conjugations/chagot/future-05.mp3	chagot	Paal	future	5	היא	תַּחְגֹּג
2507	6	257	conjugations/chagot/future-06.mp3	chagot	Paal	future	6	אנחנו	נַחְגֹּג
2508	6	258	conjugations/chagot/future-07.mp3	chagot	Paal	future	7	אתם	תַּחְגְּגוּ
2509	6	259	conjugations/chagot/future-08.mp3	chagot	Paal	future	8	אתן	תַּחְגֹּגְנָה
2510	6	260	conjugations/chagot/future-09.mp3	chagot	Paal	future	9	הם	יַחְגְּגוּ
2511	6	261	conjugations/chagot/future-10.mp3	chagot	Paal	future	10	הן	תַּחְגֹּגְנָה
2512	6	262	conjugations/chagot/imperative-01.mp3	chagot	Paal	imperative	1	אתה	חֹג
2513	6	263	conjugations/chagot/imperative-02.mp3	chagot	Paal	imperative	2	את	חֹגִּי
2514	6	264	conjugations/chagot/imperative-03.mp3	chagot	Paal	imperative	3	אתם	חֹגּוּ
2515	6	265	conjugations/chagot/imperative-04.mp3	chagot	Paal	imperative	4	אתן	חֹגְנָה
2516	6	266	conjugations/chagot/infinitive-01.mp3	chagot	Paal	infinitive	1		לַחְגֹּג
2517	6	267	conjugations/damot/past-01.mp3	damot	Paal	past	1	אני	דָּמִיתִי
2518	6	268	conjugations/damot/past-02.mp3	damot	Paal	past	2	אתה	דָּמִיתָ
2519	6	269	conjugations/damot/past-03.mp3	damot	Paal	past	3	את	דָּמִית
2520	6	270	conjugations/damot/past-04.mp3	damot	Paal	past	4	הוא	דָּמָה
2521	6	271	conjugations/damot/past-05.mp3	damot	Paal	past	5	היא	דָּמְתָה
2522	6	272	conjugations/damot/past-06.mp3	damot	Paal	past	6	אנחנו	דָּמִינוּ
2523	6	273	conjugations/damot/past-07.mp3	damot	Paal	past	7	אתם	דְּמִיתֶם
2524	6	274	conjugations/damot/past-08.mp3	damot	Paal	past	8	אתן	דְּמִיתֶן
2525	6	275	conjugations/damot/past-09.mp3	damot	Paal	past	9	הם	דָּמוּ
2526	6	276	conjugations/damot/past-10.mp3	damot	Paal	past	10	הן	דָּמוּ
2527	6	277	conjugations/damot/present-01.mp3	damot	Paal	present	1	אני	דּוֹמֶה
2528	6	278	conjugations/damot/present-02.mp3	damot	Paal	present	2	אני	דּוֹמָה
2529	6	279	conjugations/damot/present-03.mp3	damot	Paal	present	3	אתה	דּוֹמֶה
2530	6	280	conjugations/damot/present-04.mp3	damot	Paal	present	4	את	דּוֹמָה
2531	6	281	conjugations/damot/present-05.mp3	damot	Paal	present	5	הוא	דּוֹמֶה
2532	6	282	conjugations/damot/present-06.mp3	damot	Paal	present	6	היא	דּוֹמָה
2533	6	283	conjugations/damot/present-07.mp3	damot	Paal	present	7	אנחנו	דּוֹמִים
2534	6	284	conjugations/damot/present-08.mp3	damot	Paal	present	8	אנחנו	דּוֹמוֹת
2535	6	285	conjugations/damot/present-09.mp3	damot	Paal	present	9	אתם	דּוֹמִים
2536	6	286	conjugations/damot/present-10.mp3	damot	Paal	present	10	אתן	דּוֹמוֹת
2537	6	287	conjugations/damot/present-11.mp3	damot	Paal	present	11	הם	דּוֹמִים
2538	6	288	conjugations/damot/present-12.mp3	damot	Paal	present	12	הן	דּוֹמוֹת
2539	6	289	conjugations/damot/future-01.mp3	damot	Paal	future	1	אני	אֶדְמֶה
2540	6	290	conjugations/damot/future-02.mp3	damot	Paal	future	2	אתה	תִּדְמֶה
2541	6	291	conjugations/damot/future-03.mp3	damot	Paal	future	3	את	תִּדְמִי
2542	6	292	conjugations/damot/future-04.mp3	damot	Paal	future	4	הוא	יִדְמֶה
2543	6	293	conjugations/damot/future-05.mp3	damot	Paal	future	5	היא	תִּדְמֶה
2544	6	294	conjugations/damot/future-06.mp3	damot	Paal	future	6	אנחנו	נִדְמֶה
2545	6	295	conjugations/damot/future-07.mp3	damot	Paal	future	7	אתם	תִּדְמוּ
2546	6	296	conjugations/damot/future-08.mp3	damot	Paal	future	8	אתן	תִּדְמֶינָה
2547	6	297	conjugations/damot/future-09.mp3	damot	Paal	future	9	הם	יִדְמוּ
2548	6	298	conjugations/damot/future-10.mp3	damot	Paal	future	10	הן	תִּדְמֶינָה
2549	6	299	conjugations/damot/imperative-01.mp3	damot	Paal	imperative	1	אתה	דְּמֵה
2550	6	300	conjugations/damot/imperative-02.mp3	damot	Paal	imperative	2	את	דְּמִי
2551	6	301	conjugations/damot/imperative-03.mp3	damot	Paal	imperative	3	אתם	דְּמוּ
2552	6	302	conjugations/damot/imperative-04.mp3	damot	Paal	imperative	4	אתן	דְּמֶינָה
2553	6	303	conjugations/damot/infinitive-01.mp3	damot	Paal	infinitive	1		לִדְמוֹת
2554	6	304	conjugations/esof/past-01.mp3	esof	Paal	past	1	אני	אָסַפְתִּי
2555	6	305	conjugations/esof/past-02.mp3	esof	Paal	past	2	אתה	אָסַפְתָּ
2556	6	306	conjugations/esof/past-03.mp3	esof	Paal	past	3	את	אָסַפְתְּ
2557	6	307	conjugations/esof/past-04.mp3	esof	Paal	past	4	הוא	אָסַף
2558	6	308	conjugations/esof/past-05.mp3	esof	Paal	past	5	היא	אָסְפָה
2559	6	309	conjugations/esof/past-06.mp3	esof	Paal	past	6	אנחנו	אָסַפְנוּ
2560	6	310	conjugations/esof/past-07.mp3	esof	Paal	past	7	אתם	אֲסַפְתֶּם
2561	6	311	conjugations/esof/past-08.mp3	esof	Paal	past	8	אתן	אֲסַפְתֶּן
2562	6	312	conjugations/esof/past-09.mp3	esof	Paal	past	9	הם	אָסְפוּ
2563	6	313	conjugations/esof/past-10.mp3	esof	Paal	past	10	הן	אָסְפוּ
2564	6	314	conjugations/esof/present-01.mp3	esof	Paal	present	1	אני	אוֹסֵף
2565	6	315	conjugations/esof/present-02.mp3	esof	Paal	present	2	אני	אוֹסֶפֶת
2566	6	316	conjugations/esof/present-03.mp3	esof	Paal	present	3	אתה	אוֹסֵף
2567	6	317	conjugations/esof/present-04.mp3	esof	Paal	present	4	את	אוֹסֶפֶת
2568	6	318	conjugations/esof/present-05.mp3	esof	Paal	present	5	הוא	אוֹסֵף
2569	6	319	conjugations/esof/present-06.mp3	esof	Paal	present	6	היא	אוֹסֶפֶת
2570	6	320	conjugations/esof/present-07.mp3	esof	Paal	present	7	אנחנו	אוֹסְפִים
2571	6	321	conjugations/esof/present-08.mp3	esof	Paal	present	8	אנחנו	אוֹסְפוֹת
2572	6	322	conjugations/esof/present-09.mp3	esof	Paal	present	9	אתם	אוֹסְפִים
2573	6	323	conjugations/esof/present-10.mp3	esof	Paal	present	10	אתן	אוֹסְפוֹת
2574	6	324	conjugations/esof/present-11.mp3	esof	Paal	present	11	הם	אוֹסְפִים
2575	6	325	conjugations/esof/present-12.mp3	esof	Paal	present	12	הן	אוֹסְפוֹת
2576	6	326	conjugations/esof/future-01.mp3	esof	Paal	future	1	אני	אֶאֱסוֹף
2577	6	327	conjugations/esof/future-02.mp3	esof	Paal	future	2	אתה	תַּאֲסוֹף
2578	6	328	conjugations/esof/future-03.mp3	esof	Paal	future	3	את	תַּאַסְפִי
2579	6	329	conjugations/esof/future-04.mp3	esof	Paal	future	4	הוא	יַאֲסוֹף
2580	6	330	conjugations/esof/future-05.mp3	esof	Paal	future	5	היא	תַּאֲסוֹף
2581	6	331	conjugations/esof/future-06.mp3	esof	Paal	future	6	אנחנו	נַאֲסוֹף
2582	6	332	conjugations/esof/future-07.mp3	esof	Paal	future	7	אתם	תַּאַסְפוּ
2583	6	333	conjugations/esof/future-08.mp3	esof	Paal	future	8	אתן	תַּאֲסֹפְנָה
2584	6	334	conjugations/esof/future-09.mp3	esof	Paal	future	9	הם	יַאַסְפוּ
2585	6	335	conjugations/esof/future-10.mp3	esof	Paal	future	10	הן	תַּאֲסֹפְנָה
2586	6	336	conjugations/esof/imperative-01.mp3	esof	Paal	imperative	1	אתה	אֱסוֹף
2587	6	337	conjugations/esof/imperative-02.mp3	esof	Paal	imperative	2	את	אַסְפִי
2588	6	338	conjugations/esof/imperative-03.mp3	esof	Paal	imperative	3	אתם	אַסְפוּ
2589	6	339	conjugations/esof/imperative-04.mp3	esof	Paal	imperative	4	אתן	אֲסֹפְנָה
2590	6	340	conjugations/esof/infinitive-01.mp3	esof	Paal	infinitive	1		לֶאֱסוֹף
2591	6	341	conjugations/chalom/past-01.mp3	chalom	Paal	past	1	אני	חָלַמְתִּי
2592	6	342	conjugations/chalom/past-02.mp3	chalom	Paal	past	2	אתה	חָלַמְתָּ
2593	6	343	conjugations/chalom/past-03.mp3	chalom	Paal	past	3	את	חָלַמְתְּ
2594	6	344	conjugations/chalom/past-04.mp3	chalom	Paal	past	4	הוא	חָלַם
2595	6	345	conjugations/chalom/past-05.mp3	chalom	Paal	past	5	היא	חָלְמָה
2596	6	346	conjugations/chalom/past-06.mp3	chalom	Paal	past	6	אנחנו	חָלַמְנוּ
2597	6	347	conjugations/chalom/past-07.mp3	chalom	Paal	past	7	אתם	חֲלַמְתֶּם
2598	6	348	conjugations/chalom/past-08.mp3	chalom	Paal	past	8	אתן	חֲלַמְתֶּן
2599	6	349	conjugations/chalom/past-09.mp3	chalom	Paal	past	9	הם	חָלְמוּ
2600	6	350	conjugations/chalom/past-10.mp3	chalom	Paal	past	10	הן	חָלְמוּ
2601	6	351	conjugations/chalom/present-01.mp3	chalom	Paal	present	1	אני	חוֹלֵם
2602	6	352	conjugations/chalom/present-02.mp3	chalom	Paal	present	2	אני	חוֹלֶמֶת
2603	6	353	conjugations/chalom/present-03.mp3	chalom	Paal	present	3	אתה	חוֹלֵם
2604	6	354	conjugations/chalom/present-04.mp3	chalom	Paal	present	4	את	חוֹלֶמֶת
2605	6	355	conjugations/chalom/present-05.mp3	chalom	Paal	present	5	הוא	חוֹלֵם
2606	6	356	conjugations/chalom/present-06.mp3	chalom	Paal	present	6	היא	חוֹלֶמֶת
2607	6	357	conjugations/chalom/present-07.mp3	chalom	Paal	present	7	אנחנו	חוֹלְמִים
2608	6	358	conjugations/chalom/present-08.mp3	chalom	Paal	present	8	אנחנו	חוֹלְמוֹת
2609	6	359	conjugations/chalom/present-09.mp3	chalom	Paal	present	9	אתם	חוֹלְמִים
2610	6	360	conjugations/chalom/present-10.mp3	chalom	Paal	present	10	אתן	חוֹלְמוֹת
2611	6	361	conjugations/chalom/present-11.mp3	chalom	Paal	present	11	הם	חוֹלְמִים
2612	6	362	conjugations/chalom/present-12.mp3	chalom	Paal	present	12	הן	חוֹלְמוֹת
2613	6	363	conjugations/chalom/future-01.mp3	chalom	Paal	future	1	אני	אֶחֱלוֹם
2614	6	364	conjugations/chalom/future-02.mp3	chalom	Paal	future	2	אתה	תַּחֲלוֹם
2615	6	365	conjugations/chalom/future-03.mp3	chalom	Paal	future	3	את	תַּחַלְמִי
2616	6	366	conjugations/chalom/future-04.mp3	chalom	Paal	future	4	הוא	יַחֲלוֹם
2617	6	367	conjugations/chalom/future-05.mp3	chalom	Paal	future	5	היא	תַּחֲלוֹם
2618	6	368	conjugations/chalom/future-06.mp3	chalom	Paal	future	6	אנחנו	נַחֲלוֹם
2619	6	369	conjugations/chalom/future-07.mp3	chalom	Paal	future	7	אתם	תַּחַלְמוּ
2620	6	370	conjugations/chalom/future-08.mp3	chalom	Paal	future	8	אתן	תַּחֲלֹמְנָה
2621	6	371	conjugations/chalom/future-09.mp3	chalom	Paal	future	9	הם	יַחַלְמוּ
2622	6	372	conjugations/chalom/future-10.mp3	chalom	Paal	future	10	הן	תַּחֲלֹמְנָה
2623	6	373	conjugations/chalom/imperative-01.mp3	chalom	Paal	imperative	1	אתה	חֲלוֹם
2624	6	374	conjugations/chalom/imperative-02.mp3	chalom	Paal	imperative	2	את	חַלְמִי
2625	6	375	conjugations/chalom/imperative-03.mp3	chalom	Paal	imperative	3	אתם	חַלְמוּ
2626	6	376	conjugations/chalom/imperative-04.mp3	chalom	Paal	imperative	4	אתן	חֲלֹמְנָה
2627	6	377	conjugations/chalom/infinitive-01.mp3	chalom	Paal	infinitive	1		לַחֲלוֹם
2628	6	378	conjugations/ha-ir/past-01.mp3	ha’ir	Hifil	past	1	אני	הֵאַרְתִּי
2629	6	379	conjugations/ha-ir/past-02.mp3	ha’ir	Hifil	past	2	אתה	הֵאַרְתָּ
2630	6	380	conjugations/ha-ir/past-03.mp3	ha’ir	Hifil	past	3	את	הֵאַרְתְּ
2631	6	381	conjugations/ha-ir/past-04.mp3	ha’ir	Hifil	past	4	הוא	הֵאִיר
2632	6	382	conjugations/ha-ir/past-05.mp3	ha’ir	Hifil	past	5	היא	הֵאִירָה
2633	6	383	conjugations/ha-ir/past-06.mp3	ha’ir	Hifil	past	6	אנחנו	הֵאַרְנוּ
2634	6	384	conjugations/ha-ir/past-07.mp3	ha’ir	Hifil	past	7	אתם	הֵאַרְתֶּם
2635	6	385	conjugations/ha-ir/past-08.mp3	ha’ir	Hifil	past	8	אתן	הֵאַרְתֶּן
2636	6	386	conjugations/ha-ir/past-09.mp3	ha’ir	Hifil	past	9	הם	הֵאִירוּ
2637	6	387	conjugations/ha-ir/past-10.mp3	ha’ir	Hifil	past	10	הן	הֵאִירוּ
2638	6	388	conjugations/ha-ir/present-01.mp3	ha’ir	Hifil	present	1	אני	מֵאִיר
2639	6	389	conjugations/ha-ir/present-02.mp3	ha’ir	Hifil	present	2	אני	מְאִירָה
2640	6	390	conjugations/ha-ir/present-03.mp3	ha’ir	Hifil	present	3	אתה	מֵאִיר
2641	6	391	conjugations/ha-ir/present-04.mp3	ha’ir	Hifil	present	4	את	מְאִירָה
2642	6	392	conjugations/ha-ir/present-05.mp3	ha’ir	Hifil	present	5	הוא	מֵאִיר
2643	6	393	conjugations/ha-ir/present-06.mp3	ha’ir	Hifil	present	6	היא	מְאִירָה
2644	6	394	conjugations/ha-ir/present-07.mp3	ha’ir	Hifil	present	7	אנחנו	מְאִירִים
2645	6	395	conjugations/ha-ir/present-08.mp3	ha’ir	Hifil	present	8	אנחנו	מְאִירוֹת
2646	6	396	conjugations/ha-ir/present-09.mp3	ha’ir	Hifil	present	9	אתם	מְאִירִים
2647	6	397	conjugations/ha-ir/present-10.mp3	ha’ir	Hifil	present	10	אתן	מְאִירוֹת
2648	6	398	conjugations/ha-ir/present-11.mp3	ha’ir	Hifil	present	11	הם	מְאִירִים
2649	6	399	conjugations/ha-ir/present-12.mp3	ha’ir	Hifil	present	12	הן	מְאִירוֹת
2650	6	400	conjugations/ha-ir/future-01.mp3	ha’ir	Hifil	future	1	אני	אָאִיר
2651	6	401	conjugations/ha-ir/future-02.mp3	ha’ir	Hifil	future	2	אתה	תָּאִיר
2652	6	402	conjugations/ha-ir/future-03.mp3	ha’ir	Hifil	future	3	את	תָּאִירִי
2653	6	403	conjugations/ha-ir/future-04.mp3	ha’ir	Hifil	future	4	הוא	יָאִיר
2654	6	404	conjugations/ha-ir/future-05.mp3	ha’ir	Hifil	future	5	היא	תָּאִיר
2655	6	405	conjugations/ha-ir/future-06.mp3	ha’ir	Hifil	future	6	אנחנו	נָאִיר
2656	6	406	conjugations/ha-ir/future-07.mp3	ha’ir	Hifil	future	7	אתם	תָּאִירוּ
2657	6	407	conjugations/ha-ir/future-08.mp3	ha’ir	Hifil	future	8	אתן	תָּאֵרְנָה
2658	6	408	conjugations/ha-ir/future-09.mp3	ha’ir	Hifil	future	9	הם	יָאִירוּ
2659	6	409	conjugations/ha-ir/future-10.mp3	ha’ir	Hifil	future	10	הן	תָּאֵרְנָה
2660	6	410	conjugations/ha-ir/imperative-01.mp3	ha’ir	Hifil	imperative	1	אתה	הָאֵר
2661	6	411	conjugations/ha-ir/imperative-02.mp3	ha’ir	Hifil	imperative	2	את	הָאִירִי
2662	6	412	conjugations/ha-ir/imperative-03.mp3	ha’ir	Hifil	imperative	3	אתם	הָאִירוּ
2663	6	413	conjugations/ha-ir/imperative-04.mp3	ha’ir	Hifil	imperative	4	אתן	הָאֵרְנָה
2664	6	414	conjugations/ha-ir/infinitive-01.mp3	ha’ir	Hifil	infinitive	1		לְהָאִיר
2665	6	415	conjugations/machar/past-01.mp3	machar	Paal	past	1	אני	מָכַרְתִּי
2666	6	416	conjugations/machar/past-02.mp3	machar	Paal	past	2	אתה	מָכַרְתָּ
2667	6	417	conjugations/machar/past-03.mp3	machar	Paal	past	3	את	מָכַרְתְּ
2668	6	418	conjugations/machar/past-04.mp3	machar	Paal	past	4	הוא	מָכַר
2669	6	419	conjugations/machar/past-05.mp3	machar	Paal	past	5	היא	מָכְרָה
2670	6	420	conjugations/machar/past-06.mp3	machar	Paal	past	6	אנחנו	מָכַרְנוּ
2671	6	421	conjugations/machar/past-07.mp3	machar	Paal	past	7	אתם	מְכַרְתֶּם
2672	6	422	conjugations/machar/past-08.mp3	machar	Paal	past	8	אתן	מְכַרְתֶּן
2673	6	423	conjugations/machar/past-09.mp3	machar	Paal	past	9	הם	מָכְרוּ
2674	6	424	conjugations/machar/past-10.mp3	machar	Paal	past	10	הן	מָכְרוּ
2675	6	425	conjugations/machar/present-01.mp3	machar	Paal	present	1	אני	מוֹכֵר
2676	6	426	conjugations/machar/present-02.mp3	machar	Paal	present	2	אני	מוֹכֶרֶת
2677	6	427	conjugations/machar/present-03.mp3	machar	Paal	present	3	אתה	מוֹכֵר
2678	6	428	conjugations/machar/present-04.mp3	machar	Paal	present	4	את	מוֹכֶרֶת
2679	6	429	conjugations/machar/present-05.mp3	machar	Paal	present	5	הוא	מוֹכֵר
2680	6	430	conjugations/machar/present-06.mp3	machar	Paal	present	6	היא	מוֹכֶרֶת
2681	6	431	conjugations/machar/present-07.mp3	machar	Paal	present	7	אנחנו	מוֹכְרִים
2682	6	432	conjugations/machar/present-08.mp3	machar	Paal	present	8	אנחנו	מוֹכְרוֹת
2683	6	433	conjugations/machar/present-09.mp3	machar	Paal	present	9	אתם	מוֹכְרִים
2684	6	434	conjugations/machar/present-10.mp3	machar	Paal	present	10	אתן	מוֹכְרוֹת
2685	6	435	conjugations/machar/present-11.mp3	machar	Paal	present	11	הם	מוֹכְרִים
2686	6	436	conjugations/machar/present-12.mp3	machar	Paal	present	12	הן	מוֹכְרוֹת
2687	6	437	conjugations/machar/future-01.mp3	machar	Paal	future	1	אני	אֶמְכּוֹר
2688	6	438	conjugations/machar/future-02.mp3	machar	Paal	future	2	אתה	תִּמְכּוֹר
2689	6	439	conjugations/machar/future-03.mp3	machar	Paal	future	3	את	תִּמְכְּרִי
2690	6	440	conjugations/machar/future-04.mp3	machar	Paal	future	4	הוא	יִמְכּוֹר
2691	6	441	conjugations/machar/future-05.mp3	machar	Paal	future	5	היא	תִּמְכּוֹר
2692	6	442	conjugations/machar/future-06.mp3	machar	Paal	future	6	אנחנו	נִמְכּוֹר
2693	6	443	conjugations/machar/future-07.mp3	machar	Paal	future	7	אתם	תִּמְכְּרוּ
2694	6	444	conjugations/machar/future-08.mp3	machar	Paal	future	8	אתן	תִּמְכֹּרְנָה
2695	6	445	conjugations/machar/future-09.mp3	machar	Paal	future	9	הם	יִמְכְּרוּ
2696	6	446	conjugations/machar/future-10.mp3	machar	Paal	future	10	הן	תִּמְכֹּרְנָה
2697	6	447	conjugations/machar/imperative-01.mp3	machar	Paal	imperative	1	אתה	מְכֹר
2698	6	448	conjugations/machar/imperative-02.mp3	machar	Paal	imperative	2	את	מִכְרִי
2699	6	449	conjugations/machar/imperative-03.mp3	machar	Paal	imperative	3	אתם	מִכְרוּ
2700	6	450	conjugations/machar/imperative-04.mp3	machar	Paal	imperative	4	אתן	מְכֹרְנָה
2701	7	1	conjugations/machar/infinitive-01.mp3	machar	Paal	infinitive	1		לִמְכּוֹר
2702	7	2	conjugations/taar/past-01.mp3	taar	Piel	past	1	אני	תֵּאַרְתִּי
2703	7	3	conjugations/taar/past-02.mp3	taar	Piel	past	2	אתה	תֵּאַרְתָּ
2704	7	4	conjugations/taar/past-03.mp3	taar	Piel	past	3	את	תֵּאַרְתְּ
2705	7	5	conjugations/taar/past-04.mp3	taar	Piel	past	4	הוא	תֵּאֵר
2706	7	6	conjugations/taar/past-05.mp3	taar	Piel	past	5	היא	תֵּאֲרָה
2707	7	7	conjugations/taar/past-06.mp3	taar	Piel	past	6	אנחנו	תֵּאַרְנוּ
2708	7	8	conjugations/taar/past-07.mp3	taar	Piel	past	7	אתם	תֵּאַרְתֶּם
2709	7	9	conjugations/taar/past-08.mp3	taar	Piel	past	8	אתן	תֵּאַרְתֶּן
2710	7	10	conjugations/taar/past-09.mp3	taar	Piel	past	9	הם	תֵּאֲרוּ
2711	7	11	conjugations/taar/past-10.mp3	taar	Piel	past	10	הן	תֵּאֲרוּ
2712	7	12	conjugations/taar/present-01.mp3	taar	Piel	present	1	אני	מְתָאֵר
2713	7	13	conjugations/taar/present-02.mp3	taar	Piel	present	2	אני	מְתָאֶרֶת
2714	7	14	conjugations/taar/present-03.mp3	taar	Piel	present	3	אתה	מְתָאֵר
2715	7	15	conjugations/taar/present-04.mp3	taar	Piel	present	4	את	מְתָאֶרֶת
2716	7	16	conjugations/taar/present-05.mp3	taar	Piel	present	5	הוא	מְתָאֵר
2717	7	17	conjugations/taar/present-06.mp3	taar	Piel	present	6	היא	מְתָאֶרֶת
2718	7	18	conjugations/taar/present-07.mp3	taar	Piel	present	7	אנחנו	מְתָאֲרִים
2719	7	19	conjugations/taar/present-08.mp3	taar	Piel	present	8	אנחנו	מְתָאֲרוֹת
2720	7	20	conjugations/taar/present-09.mp3	taar	Piel	present	9	אתם	מְתָאֲרִים
2721	7	21	conjugations/taar/present-10.mp3	taar	Piel	present	10	אתן	מְתָאֲרוֹת
2722	7	22	conjugations/taar/present-11.mp3	taar	Piel	present	11	הם	מְתָאֲרִים
2723	7	23	conjugations/taar/present-12.mp3	taar	Piel	present	12	הן	מְתָאֲרוֹת
2724	7	24	conjugations/taar/future-01.mp3	taar	Piel	future	1	אני	אֲתָאֵר
2725	7	25	conjugations/taar/future-02.mp3	taar	Piel	future	2	אתה	תְּתָאֵר
2726	7	26	conjugations/taar/future-03.mp3	taar	Piel	future	3	את	תְּתָאֲרִי
2727	7	27	conjugations/taar/future-04.mp3	taar	Piel	future	4	הוא	יְתָאֵר
2728	7	28	conjugations/taar/future-05.mp3	taar	Piel	future	5	היא	תְּתָאֵר
2729	7	29	conjugations/taar/future-06.mp3	taar	Piel	future	6	אנחנו	נְתָאֵר
2730	7	30	conjugations/taar/future-07.mp3	taar	Piel	future	7	אתם	תְּתָאֲרוּ
2731	7	31	conjugations/taar/future-08.mp3	taar	Piel	future	8	אתן	תְּתָאֵרְנָה
2732	7	32	conjugations/taar/future-09.mp3	taar	Piel	future	9	הם	יְתָאֲרוּ
2733	7	33	conjugations/taar/future-10.mp3	taar	Piel	future	10	הן	תְּתָאֵרְנָה
2734	7	34	conjugations/taar/imperative-01.mp3	taar	Piel	imperative	1	אתה	תָּאֵר
2735	7	35	conjugations/taar/imperative-02.mp3	taar	Piel	imperative	2	את	תָּאֲרִי
2736	7	36	conjugations/taar/imperative-03.mp3	taar	Piel	imperative	3	אתם	תָּאֲרוּ
2737	7	37	conjugations/taar/imperative-04.mp3	taar	Piel	imperative	4	אתן	תָּאֵרְנָה
2738	7	38	conjugations/taar/infinitive-01.mp3	taar	Piel	infinitive	1		לְתָאֵר
2739	7	39	conjugations/lehavi/past-01.mp3	lehavi	Hifil	past	1	אני	הֵבֵאתִי
2740	7	40	conjugations/lehavi/past-02.mp3	lehavi	Hifil	past	2	אתה	הֵבֵאתָ
2741	7	41	conjugations/lehavi/past-03.mp3	lehavi	Hifil	past	3	את	הֵבֵאת
2742	7	42	conjugations/lehavi/past-04.mp3	lehavi	Hifil	past	4	הוא	הֵבִיא
2743	7	43	conjugations/lehavi/past-05.mp3	lehavi	Hifil	past	5	היא	הֵבִיאָה
2744	7	44	conjugations/lehavi/past-06.mp3	lehavi	Hifil	past	6	אנחנו	הֵבֵאנוּ
2745	7	45	conjugations/lehavi/past-07.mp3	lehavi	Hifil	past	7	אתם	הֵבֵאתֶם
2746	7	46	conjugations/lehavi/past-08.mp3	lehavi	Hifil	past	8	אתן	הֵבֵאתֶן
2747	7	47	conjugations/lehavi/past-09.mp3	lehavi	Hifil	past	9	הם	הֵבִיאוּ
2748	7	48	conjugations/lehavi/past-10.mp3	lehavi	Hifil	past	10	הן	הֵבִיאוּ
2749	7	49	conjugations/lehavi/present-01.mp3	lehavi	Hifil	present	1	אני	מֵבִיא
2750	7	50	conjugations/lehavi/present-02.mp3	lehavi	Hifil	present	2	אני	מְבִיאָה
2751	7	51	conjugations/lehavi/present-03.mp3	lehavi	Hifil	present	3	אתה	מֵבִיא
2752	7	52	conjugations/lehavi/present-04.mp3	lehavi	Hifil	present	4	את	מְבִיאָה
2753	7	53	conjugations/lehavi/present-05.mp3	lehavi	Hifil	present	5	הוא	מֵבִיא
2754	7	54	conjugations/lehavi/present-06.mp3	lehavi	Hifil	present	6	היא	מְבִיאָה
2755	7	55	conjugations/lehavi/present-07.mp3	lehavi	Hifil	present	7	אנחנו	מְבִיאִים
2756	7	56	conjugations/lehavi/present-08.mp3	lehavi	Hifil	present	8	אנחנו	מְבִיאוֹת
2757	7	57	conjugations/lehavi/present-09.mp3	lehavi	Hifil	present	9	אתם	מְבִיאִים
2758	7	58	conjugations/lehavi/present-10.mp3	lehavi	Hifil	present	10	אתן	מְבִיאוֹת
2759	7	59	conjugations/lehavi/present-11.mp3	lehavi	Hifil	present	11	הם	מְבִיאִים
2760	7	60	conjugations/lehavi/present-12.mp3	lehavi	Hifil	present	12	הן	מְבִיאוֹת
2761	7	61	conjugations/lehavi/future-01.mp3	lehavi	Hifil	future	1	אני	אָבִיא
2762	7	62	conjugations/lehavi/future-02.mp3	lehavi	Hifil	future	2	אתה	תָּבִיא
2763	7	63	conjugations/lehavi/future-03.mp3	lehavi	Hifil	future	3	את	תָּבִיאִי
2764	7	64	conjugations/lehavi/future-04.mp3	lehavi	Hifil	future	4	הוא	יָבִיא
2765	7	65	conjugations/lehavi/future-05.mp3	lehavi	Hifil	future	5	היא	תָּבִיא
2766	7	66	conjugations/lehavi/future-06.mp3	lehavi	Hifil	future	6	אנחנו	נָבִיא
2767	7	67	conjugations/lehavi/future-07.mp3	lehavi	Hifil	future	7	אתם	תָּבִיאוּ
2768	7	68	conjugations/lehavi/future-08.mp3	lehavi	Hifil	future	8	אתן	תָּבֵאנָה
2769	7	69	conjugations/lehavi/future-09.mp3	lehavi	Hifil	future	9	הם	יָבִיאוּ
2770	7	70	conjugations/lehavi/future-10.mp3	lehavi	Hifil	future	10	הן	תָּבֵאנָה
2771	7	71	conjugations/lehavi/imperative-01.mp3	lehavi	Hifil	imperative	1	אתה	הָבֵא
2772	7	72	conjugations/lehavi/imperative-02.mp3	lehavi	Hifil	imperative	2	את	הָבִיאִי
2773	7	73	conjugations/lehavi/imperative-03.mp3	lehavi	Hifil	imperative	3	אתם	הָבִיאוּ
2774	7	74	conjugations/lehavi/imperative-04.mp3	lehavi	Hifil	imperative	4	אתן	הָבֵאנָה
2775	7	75	conjugations/lehavi/infinitive-01.mp3	lehavi	Hifil	infinitive	1		לְהָבִיא
2776	7	76	conjugations/levaker/past-01.mp3	levaker	Piel	past	1	אני	בִּקַּרְתִּי
2777	7	77	conjugations/levaker/past-02.mp3	levaker	Piel	past	2	אתה	בִּקַּרְתָּ
2778	7	78	conjugations/levaker/past-03.mp3	levaker	Piel	past	3	את	בִּקַּרְתְּ
2779	7	79	conjugations/levaker/past-04.mp3	levaker	Piel	past	4	הוא	בִּקֵּר
2780	7	80	conjugations/levaker/past-05.mp3	levaker	Piel	past	5	היא	בִּקְּרָה
2781	7	81	conjugations/levaker/past-06.mp3	levaker	Piel	past	6	אנחנו	בִּקַּרְנוּ
2782	7	82	conjugations/levaker/past-07.mp3	levaker	Piel	past	7	אתם	בִּקַּרְתֶּם
2783	7	83	conjugations/levaker/past-08.mp3	levaker	Piel	past	8	אתן	בִּקַּרְתֶּן
2784	7	84	conjugations/levaker/past-09.mp3	levaker	Piel	past	9	הם	בִּקְּרוּ
2785	7	85	conjugations/levaker/past-10.mp3	levaker	Piel	past	10	הן	בִּקְּרוּ
2786	7	86	conjugations/levaker/present-01.mp3	levaker	Piel	present	1	אני	מְבַקֵּר
2787	7	87	conjugations/levaker/present-02.mp3	levaker	Piel	present	2	אני	מְבַקֶּרֶת
2788	7	88	conjugations/levaker/present-03.mp3	levaker	Piel	present	3	אתה	מְבַקֵּר
2789	7	89	conjugations/levaker/present-04.mp3	levaker	Piel	present	4	את	מְבַקֶּרֶת
2790	7	90	conjugations/levaker/present-05.mp3	levaker	Piel	present	5	הוא	מְבַקֵּר
2791	7	91	conjugations/levaker/present-06.mp3	levaker	Piel	present	6	היא	מְבַקֶּרֶת
2792	7	92	conjugations/levaker/present-07.mp3	levaker	Piel	present	7	אנחנו	מְבַקְּרִים
2793	7	93	conjugations/levaker/present-08.mp3	levaker	Piel	present	8	אנחנו	מְבַקְּרוֹת
2794	7	94	conjugations/levaker/present-09.mp3	levaker	Piel	present	9	אתם	מְבַקְּרִים
2795	7	95	conjugations/levaker/present-10.mp3	levaker	Piel	present	10	אתן	מְבַקְּרוֹת
2796	7	96	conjugations/levaker/present-11.mp3	levaker	Piel	present	11	הם	מְבַקְּרִים
2797	7	97	conjugations/levaker/present-12.mp3	levaker	Piel	present	12	הן	מְבַקְּרוֹת
2798	7	98	conjugations/levaker/future-01.mp3	levaker	Piel	future	1	אני	אֲבַקֵּר
2799	7	99	conjugations/levaker/future-02.mp3	levaker	Piel	future	2	אתה	תְּבַקֵּר
2800	7	100	conjugations/levaker/future-03.mp3	levaker	Piel	future	3	את	תְּבַקְּרִי
2801	7	101	conjugations/levaker/future-04.mp3	levaker	Piel	future	4	הוא	יְבַקֵּר
2802	7	102	conjugations/levaker/future-05.mp3	levaker	Piel	future	5	היא	תְּבַקֵּר
2803	7	103	conjugations/levaker/future-06.mp3	levaker	Piel	future	6	אנחנו	נְבַקֵּר
2804	7	104	conjugations/levaker/future-07.mp3	levaker	Piel	future	7	אתם	תְּבַקְּרוּ
2805	7	105	conjugations/levaker/future-08.mp3	levaker	Piel	future	8	אתן	תְּבַקֵּרְנָה
2806	7	106	conjugations/levaker/future-09.mp3	levaker	Piel	future	9	הם	יְבַקְּרוּ
2807	7	107	conjugations/levaker/future-10.mp3	levaker	Piel	future	10	הן	תְּבַקֵּרְנָה
2808	7	108	conjugations/levaker/imperative-01.mp3	levaker	Piel	imperative	1	אתה	בַּקֵּר
2809	7	109	conjugations/levaker/imperative-02.mp3	levaker	Piel	imperative	2	את	בַּקְּרִי
2810	7	110	conjugations/levaker/imperative-03.mp3	levaker	Piel	imperative	3	אתם	בַּקְּרוּ
2811	7	111	conjugations/levaker/imperative-04.mp3	levaker	Piel	imperative	4	אתן	בַּקֵּרְנָה
2812	7	112	conjugations/levaker/infinitive-01.mp3	levaker	Piel	infinitive	1		לְבַקֵּר
2813	7	113	conjugations/litzpot/past-01.mp3	litzpot	Paal	past	1	אני	צָפִיתִי
2814	7	114	conjugations/litzpot/past-02.mp3	litzpot	Paal	past	2	אתה	צָפִיתָ
2815	7	115	conjugations/litzpot/past-03.mp3	litzpot	Paal	past	3	את	צָפִית
2816	7	116	conjugations/litzpot/past-04.mp3	litzpot	Paal	past	4	הוא	צָפָה
2817	7	117	conjugations/litzpot/past-05.mp3	litzpot	Paal	past	5	היא	צָפְתָה
2818	7	118	conjugations/litzpot/past-06.mp3	litzpot	Paal	past	6	אנחנו	צָפִינוּ
2819	7	119	conjugations/litzpot/past-07.mp3	litzpot	Paal	past	7	אתם	צְפִיתֶם
2820	7	120	conjugations/litzpot/past-08.mp3	litzpot	Paal	past	8	אתן	צְפִיתֶן
2821	7	121	conjugations/litzpot/past-09.mp3	litzpot	Paal	past	9	הם	צָפוּ
2822	7	122	conjugations/litzpot/past-10.mp3	litzpot	Paal	past	10	הן	צָפוּ
2823	7	123	conjugations/litzpot/present-01.mp3	litzpot	Paal	present	1	אני	צוֹפֶה
2824	7	124	conjugations/litzpot/present-02.mp3	litzpot	Paal	present	2	אני	צוֹפָה
2825	7	125	conjugations/litzpot/present-03.mp3	litzpot	Paal	present	3	אתה	צוֹפֶה
2826	7	126	conjugations/litzpot/present-04.mp3	litzpot	Paal	present	4	את	צוֹפָה
2827	7	127	conjugations/litzpot/present-05.mp3	litzpot	Paal	present	5	הוא	צוֹפֶה
2828	7	128	conjugations/litzpot/present-06.mp3	litzpot	Paal	present	6	היא	צוֹפָה
2829	7	129	conjugations/litzpot/present-07.mp3	litzpot	Paal	present	7	אנחנו	צוֹפִים
2830	7	130	conjugations/litzpot/present-08.mp3	litzpot	Paal	present	8	אנחנו	צוֹפוֹת
2831	7	131	conjugations/litzpot/present-09.mp3	litzpot	Paal	present	9	אתם	צוֹפִים
2832	7	132	conjugations/litzpot/present-10.mp3	litzpot	Paal	present	10	אתן	צוֹפוֹת
2833	7	133	conjugations/litzpot/present-11.mp3	litzpot	Paal	present	11	הם	צוֹפִים
2834	7	134	conjugations/litzpot/present-12.mp3	litzpot	Paal	present	12	הן	צוֹפוֹת
2835	7	135	conjugations/litzpot/future-01.mp3	litzpot	Paal	future	1	אני	אֶצְפֶּה
2836	7	136	conjugations/litzpot/future-02.mp3	litzpot	Paal	future	2	אתה	תִּצְפֶּה
2837	7	137	conjugations/litzpot/future-03.mp3	litzpot	Paal	future	3	את	תִּצְפִּי
2838	7	138	conjugations/litzpot/future-04.mp3	litzpot	Paal	future	4	הוא	יִצְפֶּה
2839	7	139	conjugations/litzpot/future-05.mp3	litzpot	Paal	future	5	היא	תִּצְפֶּה
2840	7	140	conjugations/litzpot/future-06.mp3	litzpot	Paal	future	6	אנחנו	נִצְפֶּה
2841	7	141	conjugations/litzpot/future-07.mp3	litzpot	Paal	future	7	אתם	תִּצְפּוּ
2842	7	142	conjugations/litzpot/future-08.mp3	litzpot	Paal	future	8	אתן	תִּצְפּוּ
2843	7	143	conjugations/litzpot/future-09.mp3	litzpot	Paal	future	9	הם	יִצְפּוּ
2844	7	144	conjugations/litzpot/future-10.mp3	litzpot	Paal	future	10	הן	יִצְפּוּ
2845	7	145	conjugations/litzpot/imperative-01.mp3	litzpot	Paal	imperative	1	אתה	צְפֵה
2846	7	146	conjugations/litzpot/imperative-02.mp3	litzpot	Paal	imperative	2	את	צְפִי
2847	7	147	conjugations/litzpot/imperative-03.mp3	litzpot	Paal	imperative	3	אתם	צְפוּ
2848	7	148	conjugations/litzpot/imperative-04.mp3	litzpot	Paal	imperative	4	אתן	צְפוּ
2849	7	149	conjugations/litzpot/infinitive-01.mp3	litzpot	Paal	infinitive	1		לִצְפּוֹת
2850	7	150	conjugations/linhog/past-01.mp3	linhog	Paal	past	1	אני	נָהַגְתִּי
2851	7	151	conjugations/linhog/past-02.mp3	linhog	Paal	past	2	אתה	נָהַגְתָּ
2852	7	152	conjugations/linhog/past-03.mp3	linhog	Paal	past	3	את	נָהַגְתְּ
2853	7	153	conjugations/linhog/past-04.mp3	linhog	Paal	past	4	הוא	נָהַג
2854	7	154	conjugations/linhog/past-05.mp3	linhog	Paal	past	5	היא	נָהֲגָה
2855	7	155	conjugations/linhog/past-06.mp3	linhog	Paal	past	6	אנחנו	נָהַגְנוּ
2856	7	156	conjugations/linhog/past-07.mp3	linhog	Paal	past	7	אתם	נְהַגְתֶּם
2857	7	157	conjugations/linhog/past-08.mp3	linhog	Paal	past	8	אתן	נְהַגְתֶּן
2858	7	158	conjugations/linhog/past-09.mp3	linhog	Paal	past	9	הם	נָהֲגוּ
2859	7	159	conjugations/linhog/past-10.mp3	linhog	Paal	past	10	הן	נָהֲגוּ
2860	7	160	conjugations/linhog/present-01.mp3	linhog	Paal	present	1	אני	נוֹהֵג
2861	7	161	conjugations/linhog/present-02.mp3	linhog	Paal	present	2	אני	נוֹהֶגֶת
2862	7	162	conjugations/linhog/present-03.mp3	linhog	Paal	present	3	אתה	נוֹהֵג
2863	7	163	conjugations/linhog/present-04.mp3	linhog	Paal	present	4	את	נוֹהֶגֶת
2864	7	164	conjugations/linhog/present-05.mp3	linhog	Paal	present	5	הוא	נוֹהֵג
2865	7	165	conjugations/linhog/present-06.mp3	linhog	Paal	present	6	היא	נוֹהֶגֶת
2866	7	166	conjugations/linhog/present-07.mp3	linhog	Paal	present	7	אנחנו	נוֹהֲגִים
2867	7	167	conjugations/linhog/present-08.mp3	linhog	Paal	present	8	אנחנו	נוֹהֲגוֹת
2868	7	168	conjugations/linhog/present-09.mp3	linhog	Paal	present	9	אתם	נוֹהֲגִים
2869	7	169	conjugations/linhog/present-10.mp3	linhog	Paal	present	10	אתן	נוֹהֲגוֹת
2870	7	170	conjugations/linhog/present-11.mp3	linhog	Paal	present	11	הם	נוֹהֲגִים
2871	7	171	conjugations/linhog/present-12.mp3	linhog	Paal	present	12	הן	נוֹהֲגוֹת
2872	7	172	conjugations/linhog/future-01.mp3	linhog	Paal	future	1	אני	אֶנְהַג
2873	7	173	conjugations/linhog/future-02.mp3	linhog	Paal	future	2	אתה	תִּנְהַג
2874	7	174	conjugations/linhog/future-03.mp3	linhog	Paal	future	3	את	תִּנְהֲגִי
2875	7	175	conjugations/linhog/future-04.mp3	linhog	Paal	future	4	הוא	יִנְהַג
2876	7	176	conjugations/linhog/future-05.mp3	linhog	Paal	future	5	היא	תִּנְהַג
2877	7	177	conjugations/linhog/future-06.mp3	linhog	Paal	future	6	אנחנו	נִנְהַג
2878	7	178	conjugations/linhog/future-07.mp3	linhog	Paal	future	7	אתם	תִּנְהֲגוּ
2879	7	179	conjugations/linhog/future-08.mp3	linhog	Paal	future	8	אתן	תִּנְהַגְנָה
2880	7	180	conjugations/linhog/future-09.mp3	linhog	Paal	future	9	הם	יִנְהֲגוּ
2881	7	181	conjugations/linhog/future-10.mp3	linhog	Paal	future	10	הן	תִּנְהַגְנָה
2882	7	182	conjugations/linhog/imperative-01.mp3	linhog	Paal	imperative	1	אתה	נְהַג
2883	7	183	conjugations/linhog/imperative-02.mp3	linhog	Paal	imperative	2	את	נַהֲגִי
2884	7	184	conjugations/linhog/imperative-03.mp3	linhog	Paal	imperative	3	אתם	נַהֲגוּ
2885	7	185	conjugations/linhog/imperative-04.mp3	linhog	Paal	imperative	4	אתן	נְהַגְנָה
2886	7	186	conjugations/linhog/infinitive-01.mp3	linhog	Paal	infinitive	1		לִנְהוֹג
2887	7	187	conjugations/litpos/past-01.mp3	litpos	Paal	past	1	אני	תָּפַסְתִּי
2888	7	188	conjugations/litpos/past-02.mp3	litpos	Paal	past	2	אתה	תָּפַסְתָּ
2889	7	189	conjugations/litpos/past-03.mp3	litpos	Paal	past	3	את	תָּפַסְתְּ
2890	7	190	conjugations/litpos/past-04.mp3	litpos	Paal	past	4	הוא	תָּפַס
2891	7	191	conjugations/litpos/past-05.mp3	litpos	Paal	past	5	היא	תָּפְסָה
2892	7	192	conjugations/litpos/past-06.mp3	litpos	Paal	past	6	אנחנו	תָּפַסְנוּ
2893	7	193	conjugations/litpos/past-07.mp3	litpos	Paal	past	7	אתם	תְּפַסְתֶּם
2894	7	194	conjugations/litpos/past-08.mp3	litpos	Paal	past	8	אתן	תְּפַסְתֶּן
2895	7	195	conjugations/litpos/past-09.mp3	litpos	Paal	past	9	הם	תָּפְסוּ
2896	7	196	conjugations/litpos/past-10.mp3	litpos	Paal	past	10	הן	תָּפְסוּ
2897	7	197	conjugations/litpos/present-01.mp3	litpos	Paal	present	1	אני	תּוֹפֵס
2898	7	198	conjugations/litpos/present-02.mp3	litpos	Paal	present	2	אני	תּוֹפֶסֶת
2899	7	199	conjugations/litpos/present-03.mp3	litpos	Paal	present	3	אתה	תּוֹפֵס
2900	7	200	conjugations/litpos/present-04.mp3	litpos	Paal	present	4	את	תּוֹפֶסֶת
2901	7	201	conjugations/litpos/present-05.mp3	litpos	Paal	present	5	הוא	תּוֹפֵס
2902	7	202	conjugations/litpos/present-06.mp3	litpos	Paal	present	6	היא	תּוֹפֶסֶת
2903	7	203	conjugations/litpos/present-07.mp3	litpos	Paal	present	7	אנחנו	תּוֹפְסִים
2904	7	204	conjugations/litpos/present-08.mp3	litpos	Paal	present	8	אנחנו	תּוֹפְסוֹת
2905	7	205	conjugations/litpos/present-09.mp3	litpos	Paal	present	9	אתם	תּוֹפְסִים
2906	7	206	conjugations/litpos/present-10.mp3	litpos	Paal	present	10	אתן	תּוֹפְסוֹת
2907	7	207	conjugations/litpos/present-11.mp3	litpos	Paal	present	11	הם	תּוֹפְסִים
2908	7	208	conjugations/litpos/present-12.mp3	litpos	Paal	present	12	הן	תּוֹפְסוֹת
2909	7	209	conjugations/litpos/future-01.mp3	litpos	Paal	future	1	אני	אֶתְפּוֹס
2910	7	210	conjugations/litpos/future-02.mp3	litpos	Paal	future	2	אתה	תִּתְפּוֹס
2911	7	211	conjugations/litpos/future-03.mp3	litpos	Paal	future	3	את	תִּתְפְּסִי
2912	7	212	conjugations/litpos/future-04.mp3	litpos	Paal	future	4	הוא	יִתְפּוֹס
2913	7	213	conjugations/litpos/future-05.mp3	litpos	Paal	future	5	היא	תִּתְפּוֹס
2914	7	214	conjugations/litpos/future-06.mp3	litpos	Paal	future	6	אנחנו	נִתְפּוֹס
2915	7	215	conjugations/litpos/future-07.mp3	litpos	Paal	future	7	אתם	תִּתְפְּסוּ
2916	7	216	conjugations/litpos/future-08.mp3	litpos	Paal	future	8	אתן	תִּתְפֹּסְנָה
2917	7	217	conjugations/litpos/future-09.mp3	litpos	Paal	future	9	הם	יִתְפְּסוּ
2918	7	218	conjugations/litpos/future-10.mp3	litpos	Paal	future	10	הן	תִּתְפֹּסְנָה
2919	7	219	conjugations/litpos/imperative-01.mp3	litpos	Paal	imperative	1	אתה	תְּפוֹס
2920	7	220	conjugations/litpos/imperative-02.mp3	litpos	Paal	imperative	2	את	תִּפְסִי
2921	7	221	conjugations/litpos/imperative-03.mp3	litpos	Paal	imperative	3	אתם	תִּפְסוּ
2922	7	222	conjugations/litpos/imperative-04.mp3	litpos	Paal	imperative	4	אתן	תְּפֹסְנָה
2923	7	223	conjugations/litpos/infinitive-01.mp3	litpos	Paal	infinitive	1		לִתְפּוֹס
2924	7	224	conjugations/limshoch/past-01.mp3	limshoch	Paal	past	1	אני	מָשַׁכְתִּי
2925	7	225	conjugations/limshoch/past-02.mp3	limshoch	Paal	past	2	אתה	מָשַׁכְתָּ
2926	7	226	conjugations/limshoch/past-03.mp3	limshoch	Paal	past	3	את	מָשַׁכְתְּ
2927	7	227	conjugations/limshoch/past-04.mp3	limshoch	Paal	past	4	הוא	מָשַׁךְ
2928	7	228	conjugations/limshoch/past-05.mp3	limshoch	Paal	past	5	היא	מָשְׁכָה
2929	7	229	conjugations/limshoch/past-06.mp3	limshoch	Paal	past	6	אנחנו	מָשַׁכְנוּ
2930	7	230	conjugations/limshoch/past-07.mp3	limshoch	Paal	past	7	אתם	מְשַׁכְתֶּם
2931	7	231	conjugations/limshoch/past-08.mp3	limshoch	Paal	past	8	אתן	מְשַׁכְתֶּן
2932	7	232	conjugations/limshoch/past-09.mp3	limshoch	Paal	past	9	הם	מָשְׁכוּ
2933	7	233	conjugations/limshoch/past-10.mp3	limshoch	Paal	past	10	הן	מָשְׁכוּ
2934	7	234	conjugations/limshoch/present-01.mp3	limshoch	Paal	present	1	אני	מוֹשֵׁךְ
2935	7	235	conjugations/limshoch/present-02.mp3	limshoch	Paal	present	2	אני	מוֹשֶׁכֶת
2936	7	236	conjugations/limshoch/present-03.mp3	limshoch	Paal	present	3	אתה	מוֹשֵׁךְ
2937	7	237	conjugations/limshoch/present-04.mp3	limshoch	Paal	present	4	את	מוֹשֶׁכֶת
2938	7	238	conjugations/limshoch/present-05.mp3	limshoch	Paal	present	5	הוא	מוֹשֵׁךְ
2939	7	239	conjugations/limshoch/present-06.mp3	limshoch	Paal	present	6	היא	מוֹשֶׁכֶת
2940	7	240	conjugations/limshoch/present-07.mp3	limshoch	Paal	present	7	אנחנו	מוֹשְׁכִים
2941	7	241	conjugations/limshoch/present-08.mp3	limshoch	Paal	present	8	אנחנו	מוֹשְׁכוֹת
2942	7	242	conjugations/limshoch/present-09.mp3	limshoch	Paal	present	9	אתם	מוֹשְׁכִים
2943	7	243	conjugations/limshoch/present-10.mp3	limshoch	Paal	present	10	אתן	מוֹשְׁכוֹת
2944	7	244	conjugations/limshoch/present-11.mp3	limshoch	Paal	present	11	הם	מוֹשְׁכִים
2945	7	245	conjugations/limshoch/present-12.mp3	limshoch	Paal	present	12	הן	מוֹשְׁכוֹת
2946	7	246	conjugations/limshoch/future-01.mp3	limshoch	Paal	future	1	אני	אֶמְשׁוֹךְ
2947	7	247	conjugations/limshoch/future-02.mp3	limshoch	Paal	future	2	אתה	תִּמְשׁוֹךְ
2948	7	248	conjugations/limshoch/future-03.mp3	limshoch	Paal	future	3	את	תִּמְשְׁכִי
2949	7	249	conjugations/limshoch/future-04.mp3	limshoch	Paal	future	4	הוא	יִמְשׁוֹךְ
2950	7	250	conjugations/limshoch/future-05.mp3	limshoch	Paal	future	5	היא	תִּמְשׁוֹךְ
2951	7	251	conjugations/limshoch/future-06.mp3	limshoch	Paal	future	6	אנחנו	נִמְשׁוֹךְ
2952	7	252	conjugations/limshoch/future-07.mp3	limshoch	Paal	future	7	אתם	תִּמְשְׁכוּ
2953	7	253	conjugations/limshoch/future-08.mp3	limshoch	Paal	future	8	אתן	תִּמְשֹׁכְנָה
2954	7	254	conjugations/limshoch/future-09.mp3	limshoch	Paal	future	9	הם	יִמְשְׁכוּ
2955	7	255	conjugations/limshoch/future-10.mp3	limshoch	Paal	future	10	הן	תִּמְשֹׁכְנָה
2956	7	256	conjugations/limshoch/imperative-01.mp3	limshoch	Paal	imperative	1	אתה	מְשׁוֹךְ
2957	7	257	conjugations/limshoch/imperative-02.mp3	limshoch	Paal	imperative	2	את	מִשְׁכִי
2958	7	258	conjugations/limshoch/imperative-03.mp3	limshoch	Paal	imperative	3	אתם	מִשְׁכוּ
2959	7	259	conjugations/limshoch/imperative-04.mp3	limshoch	Paal	imperative	4	אתן	מְשֹׁכְנָה
2960	7	260	conjugations/limshoch/infinitive-01.mp3	limshoch	Paal	infinitive	1		לִמְשׁוֹךְ
2961	7	261	conjugations/leharim/past-01.mp3	leharim	Hifil	past	1	אני	הֲרִימוֹתִי
2962	7	262	conjugations/leharim/past-02.mp3	leharim	Hifil	past	2	אתה	הֲרִימוֹתָ
2963	7	263	conjugations/leharim/past-03.mp3	leharim	Hifil	past	3	את	הֲרִימוֹת
2964	7	264	conjugations/leharim/past-04.mp3	leharim	Hifil	past	4	הוא	הֵרִים
2965	7	265	conjugations/leharim/past-05.mp3	leharim	Hifil	past	5	היא	הֵרִימָה
2966	7	266	conjugations/leharim/past-06.mp3	leharim	Hifil	past	6	אנחנו	הֲרִימוֹנוּ
2967	7	267	conjugations/leharim/past-07.mp3	leharim	Hifil	past	7	אתם	הֲרִימוֹתֶם
2968	7	268	conjugations/leharim/past-08.mp3	leharim	Hifil	past	8	אתן	הֲרִימוֹתֶן
2969	7	269	conjugations/leharim/past-09.mp3	leharim	Hifil	past	9	הם	הֵרִימוּ
2970	7	270	conjugations/leharim/past-10.mp3	leharim	Hifil	past	10	הן	הֵרִימוּ
2971	7	271	conjugations/leharim/present-01.mp3	leharim	Hifil	present	1	אני	מָרִים
2972	7	272	conjugations/leharim/present-02.mp3	leharim	Hifil	present	2	אני	מְרִימָה
2973	7	273	conjugations/leharim/present-03.mp3	leharim	Hifil	present	3	אתה	מָרִים
2974	7	274	conjugations/leharim/present-04.mp3	leharim	Hifil	present	4	את	מְרִימָה
2975	7	275	conjugations/leharim/present-05.mp3	leharim	Hifil	present	5	הוא	מָרִים
2976	7	276	conjugations/leharim/present-06.mp3	leharim	Hifil	present	6	היא	מְרִימָה
2977	7	277	conjugations/leharim/present-07.mp3	leharim	Hifil	present	7	אנחנו	מְרִימִים
2978	7	278	conjugations/leharim/present-08.mp3	leharim	Hifil	present	8	אנחנו	מְרִימוֹת
2979	7	279	conjugations/leharim/present-09.mp3	leharim	Hifil	present	9	אתם	מְרִימִים
2980	7	280	conjugations/leharim/present-10.mp3	leharim	Hifil	present	10	אתן	מְרִימוֹת
2981	7	281	conjugations/leharim/present-11.mp3	leharim	Hifil	present	11	הם	מְרִימִים
2982	7	282	conjugations/leharim/present-12.mp3	leharim	Hifil	present	12	הן	מְרִימוֹת
2983	7	283	conjugations/leharim/future-01.mp3	leharim	Hifil	future	1	אני	אָרִים
2984	7	284	conjugations/leharim/future-02.mp3	leharim	Hifil	future	2	אתה	תָּרִים
2985	7	285	conjugations/leharim/future-03.mp3	leharim	Hifil	future	3	את	תְּרִימִי
2986	7	286	conjugations/leharim/future-04.mp3	leharim	Hifil	future	4	הוא	יָרִים
2987	7	287	conjugations/leharim/future-05.mp3	leharim	Hifil	future	5	היא	תָּרִים
2988	7	288	conjugations/leharim/future-06.mp3	leharim	Hifil	future	6	אנחנו	נָרִים
2989	7	289	conjugations/leharim/future-07.mp3	leharim	Hifil	future	7	אתם	תְּרִימוּ
2990	7	290	conjugations/leharim/future-08.mp3	leharim	Hifil	future	8	אתן	תְּרֵמְנָה
2991	7	291	conjugations/leharim/future-09.mp3	leharim	Hifil	future	9	הם	יְרִימוּ
2992	7	292	conjugations/leharim/future-10.mp3	leharim	Hifil	future	10	הן	תְּרֵמְנָה
2993	7	293	conjugations/leharim/imperative-01.mp3	leharim	Hifil	imperative	1	אתה	הָרֵם
2994	7	294	conjugations/leharim/imperative-02.mp3	leharim	Hifil	imperative	2	את	הֲרִימִי
2995	7	295	conjugations/leharim/imperative-03.mp3	leharim	Hifil	imperative	3	אתם	הֲרִימוּ
2996	7	296	conjugations/leharim/imperative-04.mp3	leharim	Hifil	imperative	4	אתן	הֲרֵמְנָה
2997	7	297	conjugations/leharim/infinitive-01.mp3	leharim	Hifil	infinitive	1		לְהָרִים
2998	7	298	conjugations/nikra-nifal/past-01.mp3	nikra_nifal	Nifal	past	1	אני	נִקְרֵאתִי
2999	7	299	conjugations/nikra-nifal/past-02.mp3	nikra_nifal	Nifal	past	2	אתה	נִקְרֵאתָ
3000	7	300	conjugations/nikra-nifal/past-03.mp3	nikra_nifal	Nifal	past	3	את	נִקְרֵאתְ
3001	7	301	conjugations/nikra-nifal/past-04.mp3	nikra_nifal	Nifal	past	4	הוא	נִקְרָא
3002	7	302	conjugations/nikra-nifal/past-05.mp3	nikra_nifal	Nifal	past	5	היא	נִקְרֵאָה
3003	7	303	conjugations/nikra-nifal/past-06.mp3	nikra_nifal	Nifal	past	6	אנחנו	נִקְרֵאנוּ
3004	7	304	conjugations/nikra-nifal/past-07.mp3	nikra_nifal	Nifal	past	7	אתם	נִקְרֵאתֶם
3005	7	305	conjugations/nikra-nifal/past-08.mp3	nikra_nifal	Nifal	past	8	אתן	נִקְרֵאתֶן
3006	7	306	conjugations/nikra-nifal/past-09.mp3	nikra_nifal	Nifal	past	9	הם	נִקְרְאוּ
3007	7	307	conjugations/nikra-nifal/past-10.mp3	nikra_nifal	Nifal	past	10	הן	נִקְרְאוּ
3008	7	308	conjugations/nikra-nifal/present-01.mp3	nikra_nifal	Nifal	present	1	אני	נִקְרָא
3009	7	309	conjugations/nikra-nifal/present-02.mp3	nikra_nifal	Nifal	present	2	אני	נִקְרֵאָה
3010	7	310	conjugations/nikra-nifal/present-03.mp3	nikra_nifal	Nifal	present	3	אתה	נִקְרָא
3011	7	311	conjugations/nikra-nifal/present-04.mp3	nikra_nifal	Nifal	present	4	את	נִקְרֵאָה
3012	7	312	conjugations/nikra-nifal/present-05.mp3	nikra_nifal	Nifal	present	5	הוא	נִקְרָא
3013	7	313	conjugations/nikra-nifal/present-06.mp3	nikra_nifal	Nifal	present	6	היא	נִקְרֵאָה
3014	7	314	conjugations/nikra-nifal/present-07.mp3	nikra_nifal	Nifal	present	7	אנחנו	נִקְרְאִים
3015	7	315	conjugations/nikra-nifal/present-08.mp3	nikra_nifal	Nifal	present	8	אנחנו	נִקְרְאוֹת
3016	7	316	conjugations/nikra-nifal/present-09.mp3	nikra_nifal	Nifal	present	9	אתם	נִקְרְאִים
3017	7	317	conjugations/nikra-nifal/present-10.mp3	nikra_nifal	Nifal	present	10	אתן	נִקְרְאוֹת
3018	7	318	conjugations/nikra-nifal/present-11.mp3	nikra_nifal	Nifal	present	11	הם	נִקְרְאִים
3019	7	319	conjugations/nikra-nifal/present-12.mp3	nikra_nifal	Nifal	present	12	הן	נִקְרְאוֹת
3020	7	320	conjugations/nikra-nifal/future-01.mp3	nikra_nifal	Nifal	future	1	אני	אֶקָּרֵא
3021	7	321	conjugations/nikra-nifal/future-02.mp3	nikra_nifal	Nifal	future	2	אתה	תִּקָּרֵא
3022	7	322	conjugations/nikra-nifal/future-03.mp3	nikra_nifal	Nifal	future	3	את	תִּקְרֵאי
3023	7	323	conjugations/nikra-nifal/future-04.mp3	nikra_nifal	Nifal	future	4	הוא	יִקָּרֵא
3024	7	324	conjugations/nikra-nifal/future-05.mp3	nikra_nifal	Nifal	future	5	היא	תִּקָּרֵא
3025	7	325	conjugations/nikra-nifal/future-06.mp3	nikra_nifal	Nifal	future	6	אנחנו	נִקָּרֵא
3026	7	326	conjugations/nikra-nifal/future-07.mp3	nikra_nifal	Nifal	future	7	אתם	תִּקְרְאוּ
3027	7	327	conjugations/nikra-nifal/future-08.mp3	nikra_nifal	Nifal	future	8	אתן	תִּקְרְאוּ
3028	7	328	conjugations/nikra-nifal/future-09.mp3	nikra_nifal	Nifal	future	9	הם	יִקְרְאוּ
3029	7	329	conjugations/nikra-nifal/future-10.mp3	nikra_nifal	Nifal	future	10	הן	יִקְרְאוּ
3030	7	330	conjugations/nikra-nifal/imperative-01.mp3	nikra_nifal	Nifal	imperative	1	אתה	הִקְרֵא
3031	7	331	conjugations/nikra-nifal/imperative-02.mp3	nikra_nifal	Nifal	imperative	2	את	הִקְרֵאי
3032	7	332	conjugations/nikra-nifal/imperative-03.mp3	nikra_nifal	Nifal	imperative	3	אתם	הִקְרְאוּ
3033	7	333	conjugations/nikra-nifal/imperative-04.mp3	nikra_nifal	Nifal	imperative	4	אתן	הִקְרֵאנָה
3034	7	334	conjugations/nikra-nifal/infinitive-01.mp3	nikra_nifal	Nifal	infinitive	1		לְהִקָּרֵא
3035	7	335	conjugations/nikhtav/past-01.mp3	nikhtav	Nifal	past	1	אני	נִכְתַּבְתִּי
3036	7	336	conjugations/nikhtav/past-02.mp3	nikhtav	Nifal	past	2	אתה	נִכְתַּבְתָּ
3037	7	337	conjugations/nikhtav/past-03.mp3	nikhtav	Nifal	past	3	את	נִכְתַּבְתְּ
3038	7	338	conjugations/nikhtav/past-04.mp3	nikhtav	Nifal	past	4	הוא	נִכְתַּב
3039	7	339	conjugations/nikhtav/past-05.mp3	nikhtav	Nifal	past	5	היא	נִכְתְּבָה
3040	7	340	conjugations/nikhtav/past-06.mp3	nikhtav	Nifal	past	6	אנחנו	נִכְתַּבְנוּ
3041	7	341	conjugations/nikhtav/past-07.mp3	nikhtav	Nifal	past	7	אתם	נִכְתַּבְתֶּם
3042	7	342	conjugations/nikhtav/past-08.mp3	nikhtav	Nifal	past	8	אתן	נִכְתַּבְתֶּן
3043	7	343	conjugations/nikhtav/past-09.mp3	nikhtav	Nifal	past	9	הם	נִכְתְּבוּ
3044	7	344	conjugations/nikhtav/past-10.mp3	nikhtav	Nifal	past	10	הן	נִכְתְּבוּ
3045	7	345	conjugations/nikhtav/present-01.mp3	nikhtav	Nifal	present	1	אני	נִכְתָּב
3046	7	346	conjugations/nikhtav/present-02.mp3	nikhtav	Nifal	present	2	אני	נִכְתֶּבֶת
3047	7	347	conjugations/nikhtav/present-03.mp3	nikhtav	Nifal	present	3	אתה	נִכְתָּב
3048	7	348	conjugations/nikhtav/present-04.mp3	nikhtav	Nifal	present	4	את	נִכְתֶּבֶת
3049	7	349	conjugations/nikhtav/present-05.mp3	nikhtav	Nifal	present	5	הוא	נִכְתָּב
3050	7	350	conjugations/nikhtav/present-06.mp3	nikhtav	Nifal	present	6	היא	נִכְתֶּבֶת
3051	7	351	conjugations/nikhtav/present-07.mp3	nikhtav	Nifal	present	7	אנחנו	נִכְתָּבִים
3052	7	352	conjugations/nikhtav/present-08.mp3	nikhtav	Nifal	present	8	אנחנו	נִכְתָּבוֹת
3053	7	353	conjugations/nikhtav/present-09.mp3	nikhtav	Nifal	present	9	אתם	נִכְתָּבִים
3054	7	354	conjugations/nikhtav/present-10.mp3	nikhtav	Nifal	present	10	אתן	נִכְתָּבוֹת
3055	7	355	conjugations/nikhtav/present-11.mp3	nikhtav	Nifal	present	11	הם	נִכְתָּבִים
3056	7	356	conjugations/nikhtav/present-12.mp3	nikhtav	Nifal	present	12	הן	נִכְתָּבוֹת
3057	7	357	conjugations/nikhtav/future-01.mp3	nikhtav	Nifal	future	1	אני	אֶכָּתֵב
3058	7	358	conjugations/nikhtav/future-02.mp3	nikhtav	Nifal	future	2	אתה	תִּכָּתֵב
3059	7	359	conjugations/nikhtav/future-03.mp3	nikhtav	Nifal	future	3	את	תִּכָּתְבִי
3060	7	360	conjugations/nikhtav/future-04.mp3	nikhtav	Nifal	future	4	הוא	יִכָּתֵב
3061	7	361	conjugations/nikhtav/future-05.mp3	nikhtav	Nifal	future	5	היא	תִּכָּתֵב
3062	7	362	conjugations/nikhtav/future-06.mp3	nikhtav	Nifal	future	6	אנחנו	נִכָּתֵב
3063	7	363	conjugations/nikhtav/future-07.mp3	nikhtav	Nifal	future	7	אתם	תִּכָּתְבוּ
3064	7	364	conjugations/nikhtav/future-08.mp3	nikhtav	Nifal	future	8	אתן	תִּכָּתֵבְנָה
3065	7	365	conjugations/nikhtav/future-09.mp3	nikhtav	Nifal	future	9	הם	יִכָּתְבוּ
3066	7	366	conjugations/nikhtav/future-10.mp3	nikhtav	Nifal	future	10	הן	תִּכָּתֵבְנָה
3067	7	367	conjugations/nikhtav/infinitive-01.mp3	nikhtav	Nifal	infinitive	1		לְהִכָּתֵב
3068	7	368	conjugations/hiktiv/past-01.mp3	hiktiv	Hifil	past	1	אני	הִכְתַּבְתִּי
3069	7	369	conjugations/hiktiv/past-02.mp3	hiktiv	Hifil	past	2	אתה	הִכְתַּבְתָּ
3070	7	370	conjugations/hiktiv/past-03.mp3	hiktiv	Hifil	past	3	את	הִכְתַּבְתְּ
3071	7	371	conjugations/hiktiv/past-04.mp3	hiktiv	Hifil	past	4	הוא	הִכְתִּיב
3072	7	372	conjugations/hiktiv/past-05.mp3	hiktiv	Hifil	past	5	היא	הִכְתִּיבָה
3073	7	373	conjugations/hiktiv/past-06.mp3	hiktiv	Hifil	past	6	אנחנו	הִכְתַּבְנוּ
3074	7	374	conjugations/hiktiv/past-07.mp3	hiktiv	Hifil	past	7	אתם	הִכְתַּבְתֶּם
3075	7	375	conjugations/hiktiv/past-08.mp3	hiktiv	Hifil	past	8	אתן	הִכְתַּבְתֶּן
3076	7	376	conjugations/hiktiv/past-09.mp3	hiktiv	Hifil	past	9	הם	הִכְתִּיבוּ
3077	7	377	conjugations/hiktiv/past-10.mp3	hiktiv	Hifil	past	10	הן	הִכְתִּיבוּ
3078	7	378	conjugations/hiktiv/present-01.mp3	hiktiv	Hifil	present	1	אני	מַכְתִּיב
3079	7	379	conjugations/hiktiv/present-02.mp3	hiktiv	Hifil	present	2	אני	מַכְתִּיבָה
3080	7	380	conjugations/hiktiv/present-03.mp3	hiktiv	Hifil	present	3	אתה	מַכְתִּיב
3081	7	381	conjugations/hiktiv/present-04.mp3	hiktiv	Hifil	present	4	את	מַכְתִּיבָה
3082	7	382	conjugations/hiktiv/present-05.mp3	hiktiv	Hifil	present	5	הוא	מַכְתִּיב
3083	7	383	conjugations/hiktiv/present-06.mp3	hiktiv	Hifil	present	6	היא	מַכְתִּיבָה
3084	7	384	conjugations/hiktiv/present-07.mp3	hiktiv	Hifil	present	7	אנחנו	מַכְתִּיבִים
3085	7	385	conjugations/hiktiv/present-08.mp3	hiktiv	Hifil	present	8	אנחנו	מַכְתִּיבוֹת
3086	7	386	conjugations/hiktiv/present-09.mp3	hiktiv	Hifil	present	9	אתם	מַכְתִּיבִים
3087	7	387	conjugations/hiktiv/present-10.mp3	hiktiv	Hifil	present	10	אתן	מַכְתִּיבוֹת
3088	7	388	conjugations/hiktiv/present-11.mp3	hiktiv	Hifil	present	11	הם	מַכְתִּיבִים
3089	7	389	conjugations/hiktiv/present-12.mp3	hiktiv	Hifil	present	12	הן	מַכְתִּיבוֹת
3090	7	390	conjugations/hiktiv/future-01.mp3	hiktiv	Hifil	future	1	אני	אַכְתִּיב
3091	7	391	conjugations/hiktiv/future-02.mp3	hiktiv	Hifil	future	2	אתה	תַּכְתִּיב
3092	7	392	conjugations/hiktiv/future-03.mp3	hiktiv	Hifil	future	3	את	תַּכְתִּיבִי
3093	7	393	conjugations/hiktiv/future-04.mp3	hiktiv	Hifil	future	4	הוא	יַכְתִּיב
3094	7	394	conjugations/hiktiv/future-05.mp3	hiktiv	Hifil	future	5	היא	תַּכְתִּיב
3095	7	395	conjugations/hiktiv/future-06.mp3	hiktiv	Hifil	future	6	אנחנו	נַכְתִּיב
3096	7	396	conjugations/hiktiv/future-07.mp3	hiktiv	Hifil	future	7	אתם	תַּכְתִּיבוּ
3097	7	397	conjugations/hiktiv/future-08.mp3	hiktiv	Hifil	future	8	אתן	תַּכְתֵּבְנָה
3098	7	398	conjugations/hiktiv/future-09.mp3	hiktiv	Hifil	future	9	הם	יַכְתִּיבוּ
3099	7	399	conjugations/hiktiv/future-10.mp3	hiktiv	Hifil	future	10	הן	תַּכְתֵּבְנָה
3100	7	400	conjugations/hiktiv/imperative-01.mp3	hiktiv	Hifil	imperative	1	אתה	הַכְתֵּב
3101	7	401	conjugations/hiktiv/imperative-02.mp3	hiktiv	Hifil	imperative	2	את	הַכְתִּיבִי
3102	7	402	conjugations/hiktiv/imperative-03.mp3	hiktiv	Hifil	imperative	3	אתם	הַכְתִּיבוּ
3103	7	403	conjugations/hiktiv/imperative-04.mp3	hiktiv	Hifil	imperative	4	אתן	הַכְתֵּבְנָה
3104	7	404	conjugations/hiktiv/infinitive-01.mp3	hiktiv	Hifil	infinitive	1		לְהַכְתִּיב
3105	7	405	conjugations/hakria/past-01.mp3	hakria	Hifil	past	1	אני	הִקְרֵאתִי
3106	7	406	conjugations/hakria/past-02.mp3	hakria	Hifil	past	2	אתה	הִקְרֵאתָ
3107	7	407	conjugations/hakria/past-03.mp3	hakria	Hifil	past	3	את	הִקְרֵאתְ
3108	7	408	conjugations/hakria/past-04.mp3	hakria	Hifil	past	4	הוא	הִקְרִיא
3109	7	409	conjugations/hakria/past-05.mp3	hakria	Hifil	past	5	היא	הִקְרִיאָה
3110	7	410	conjugations/hakria/past-06.mp3	hakria	Hifil	past	6	אנחנו	הִקְרֵאנוּ
3111	7	411	conjugations/hakria/past-07.mp3	hakria	Hifil	past	7	אתם	הִקְרֵאתֶם
3112	7	412	conjugations/hakria/past-08.mp3	hakria	Hifil	past	8	אתן	הִקְרֵאתֶן
3113	7	413	conjugations/hakria/past-09.mp3	hakria	Hifil	past	9	הם	הִקְרִיאוּ
3114	7	414	conjugations/hakria/past-10.mp3	hakria	Hifil	past	10	הן	הִקְרִיאוּ
3115	7	415	conjugations/hakria/present-01.mp3	hakria	Hifil	present	1	אני	מַקְרִיא
3116	7	416	conjugations/hakria/present-02.mp3	hakria	Hifil	present	2	אני	מַקְרִיאָה
3117	7	417	conjugations/hakria/present-03.mp3	hakria	Hifil	present	3	אתה	מַקְרִיא
3118	7	418	conjugations/hakria/present-04.mp3	hakria	Hifil	present	4	את	מַקְרִיאָה
3119	7	419	conjugations/hakria/present-05.mp3	hakria	Hifil	present	5	הוא	מַקְרִיא
3120	7	420	conjugations/hakria/present-06.mp3	hakria	Hifil	present	6	היא	מַקְרִיאָה
3121	7	421	conjugations/hakria/present-07.mp3	hakria	Hifil	present	7	אנחנו	מַקְרִיאִים
3122	7	422	conjugations/hakria/present-08.mp3	hakria	Hifil	present	8	אנחנו	מַקְרִיאוֹת
3123	7	423	conjugations/hakria/present-09.mp3	hakria	Hifil	present	9	אתם	מַקְרִיאִים
3124	7	424	conjugations/hakria/present-10.mp3	hakria	Hifil	present	10	אתן	מַקְרִיאוֹת
3125	7	425	conjugations/hakria/present-11.mp3	hakria	Hifil	present	11	הם	מַקְרִיאִים
3126	7	426	conjugations/hakria/present-12.mp3	hakria	Hifil	present	12	הן	מַקְרִיאוֹת
3127	7	427	conjugations/hakria/future-01.mp3	hakria	Hifil	future	1	אני	אַקְרִיא
3128	7	428	conjugations/hakria/future-02.mp3	hakria	Hifil	future	2	אתה	תַּקְרִיא
3129	7	429	conjugations/hakria/future-03.mp3	hakria	Hifil	future	3	את	תַּקְרִיאִי
3130	7	430	conjugations/hakria/future-04.mp3	hakria	Hifil	future	4	הוא	יַקְרִיא
3131	7	431	conjugations/hakria/future-05.mp3	hakria	Hifil	future	5	היא	תַּקְרִיא
3132	7	432	conjugations/hakria/future-06.mp3	hakria	Hifil	future	6	אנחנו	נַקְרִיא
3133	7	433	conjugations/hakria/future-07.mp3	hakria	Hifil	future	7	אתם	תַּקְרִיאוּ
3134	7	434	conjugations/hakria/future-08.mp3	hakria	Hifil	future	8	אתן	תַּקְרֶאנָה
3135	7	435	conjugations/hakria/future-09.mp3	hakria	Hifil	future	9	הם	יַקְרִיאוּ
3136	7	436	conjugations/hakria/future-10.mp3	hakria	Hifil	future	10	הן	תַּקְרֶאנָה
3137	7	437	conjugations/hakria/imperative-01.mp3	hakria	Hifil	imperative	1	אתה	הַקְרֵא
3138	7	438	conjugations/hakria/imperative-02.mp3	hakria	Hifil	imperative	2	את	הַקְרִיאִי
3139	7	439	conjugations/hakria/imperative-03.mp3	hakria	Hifil	imperative	3	אתם	הַקְרִיאוּ
3140	7	440	conjugations/hakria/imperative-04.mp3	hakria	Hifil	imperative	4	אתן	הַקְרֶאנָה
3141	7	441	conjugations/hakria/infinitive-01.mp3	hakria	Hifil	infinitive	1		לְהַקְרִיא
3142	7	442	conjugations/davar/past-01.mp3	davar	Piel	past	1	אני	דִּבַּרְתִּי
3143	7	443	conjugations/davar/past-02.mp3	davar	Piel	past	2	אתה	דִּבַּרְתָּ
3144	7	444	conjugations/davar/past-03.mp3	davar	Piel	past	3	את	דִּבַּרְתְּ
3145	7	445	conjugations/davar/past-04.mp3	davar	Piel	past	4	הוא	דִּבֵּר
3146	7	446	conjugations/davar/past-05.mp3	davar	Piel	past	5	היא	דִּבְּרָה
3147	7	447	conjugations/davar/past-06.mp3	davar	Piel	past	6	אנחנו	דִּבַּרְנוּ
3148	7	448	conjugations/davar/past-07.mp3	davar	Piel	past	7	אתם	דִּבַּרְתֶּם
3149	7	449	conjugations/davar/past-08.mp3	davar	Piel	past	8	אתן	דִּבַּרְתֶּן
3150	7	450	conjugations/davar/past-09.mp3	davar	Piel	past	9	הם	דִּבְּרוּ
3151	8	1	conjugations/davar/past-10.mp3	davar	Piel	past	10	הן	דִּבְּרוּ
3152	8	2	conjugations/davar/present-01.mp3	davar	Piel	present	1	אני	מְדַבֵּר
3153	8	3	conjugations/davar/present-02.mp3	davar	Piel	present	2	אני	מְדַבֶּרֶת
3154	8	4	conjugations/davar/present-03.mp3	davar	Piel	present	3	אתה	מְדַבֵּר
3155	8	5	conjugations/davar/present-04.mp3	davar	Piel	present	4	את	מְדַבֶּרֶת
3156	8	6	conjugations/davar/present-05.mp3	davar	Piel	present	5	הוא	מְדַבֵּר
3157	8	7	conjugations/davar/present-06.mp3	davar	Piel	present	6	היא	מְדַבֶּרֶת
3158	8	8	conjugations/davar/present-07.mp3	davar	Piel	present	7	אנחנו	מְדַבְּרִים
3159	8	9	conjugations/davar/present-08.mp3	davar	Piel	present	8	אנחנו	מְדַבְּרוֹת
3160	8	10	conjugations/davar/present-09.mp3	davar	Piel	present	9	אתם	מְדַבְּרִים
3161	8	11	conjugations/davar/present-10.mp3	davar	Piel	present	10	אתן	מְדַבְּרוֹת
3162	8	12	conjugations/davar/present-11.mp3	davar	Piel	present	11	הם	מְדַבְּרִים
3163	8	13	conjugations/davar/present-12.mp3	davar	Piel	present	12	הן	מְדַבְּרוֹת
3164	8	14	conjugations/davar/future-01.mp3	davar	Piel	future	1	אני	אֲדַבֵּר
3165	8	15	conjugations/davar/future-02.mp3	davar	Piel	future	2	אתה	תְּדַבֵּר
3166	8	16	conjugations/davar/future-03.mp3	davar	Piel	future	3	את	תְּדַבְּרִי
3167	8	17	conjugations/davar/future-04.mp3	davar	Piel	future	4	הוא	יְדַבֵּר
3168	8	18	conjugations/davar/future-05.mp3	davar	Piel	future	5	היא	תְּדַבֵּר
3169	8	19	conjugations/davar/future-06.mp3	davar	Piel	future	6	אנחנו	נְדַבֵּר
3170	8	20	conjugations/davar/future-07.mp3	davar	Piel	future	7	אתם	תְּדַבְּרוּ
3171	8	21	conjugations/davar/future-08.mp3	davar	Piel	future	8	אתן	תְּדַבְּרוּ
3172	8	22	conjugations/davar/future-09.mp3	davar	Piel	future	9	הם	יְדַבְּרוּ
3173	8	23	conjugations/davar/future-10.mp3	davar	Piel	future	10	הן	יְדַבְּרוּ
3174	8	24	conjugations/davar/imperative-01.mp3	davar	Piel	imperative	1	אתה	דַּבֵּר
3175	8	25	conjugations/davar/imperative-02.mp3	davar	Piel	imperative	2	את	דַּבְּרִי
3176	8	26	conjugations/davar/imperative-03.mp3	davar	Piel	imperative	3	אתם	דַּבְּרוּ
3177	8	27	conjugations/davar/infinitive-01.mp3	davar	Piel	infinitive	1		לְדַבֵּר
3178	8	28	conjugations/naasah/past-01.mp3	naasah	Nifal	past	1	אני	נַעֲשֵׂיתִי
3179	8	29	conjugations/naasah/past-02.mp3	naasah	Nifal	past	2	אתה	נַעֲשֵׂיתָ
3180	8	30	conjugations/naasah/past-03.mp3	naasah	Nifal	past	3	את	נַעֲשֵׂיתְ
3181	8	31	conjugations/naasah/past-04.mp3	naasah	Nifal	past	4	הוא	נַעֲשָׂה
3182	8	32	conjugations/naasah/past-05.mp3	naasah	Nifal	past	5	היא	נַעֲשְׂתָה
3183	8	33	conjugations/naasah/past-06.mp3	naasah	Nifal	past	6	אנחנו	נַעֲשֵׂינוּ
3184	8	34	conjugations/naasah/past-07.mp3	naasah	Nifal	past	7	אתם	נַעֲשֵׂיתֶם
3185	8	35	conjugations/naasah/past-08.mp3	naasah	Nifal	past	8	אתן	נַעֲשֵׂיתֶן
3186	8	36	conjugations/naasah/past-09.mp3	naasah	Nifal	past	9	הם	נַעֲשׂוּ
3187	8	37	conjugations/naasah/past-10.mp3	naasah	Nifal	past	10	הן	נַעֲשׂוּ
3188	8	38	conjugations/naasah/present-01.mp3	naasah	Nifal	present	1	אני	נַעֲשֶׂה
3189	8	39	conjugations/naasah/present-02.mp3	naasah	Nifal	present	2	אני	נַעֲשֵׂית
3190	8	40	conjugations/naasah/present-03.mp3	naasah	Nifal	present	3	אתה	נַעֲשֶׂה
3191	8	41	conjugations/naasah/present-04.mp3	naasah	Nifal	present	4	את	נַעֲשֵׂית
3192	8	42	conjugations/naasah/present-05.mp3	naasah	Nifal	present	5	הוא	נַעֲשֶׂה
3193	8	43	conjugations/naasah/present-06.mp3	naasah	Nifal	present	6	היא	נַעֲשֵׂית
3194	8	44	conjugations/naasah/present-07.mp3	naasah	Nifal	present	7	אנחנו	נַעֲשִׂים
3195	8	45	conjugations/naasah/present-08.mp3	naasah	Nifal	present	8	אנחנו	נַעֲשׂוֹת
3196	8	46	conjugations/naasah/present-09.mp3	naasah	Nifal	present	9	אתם	נַעֲשִׂים
3197	8	47	conjugations/naasah/present-10.mp3	naasah	Nifal	present	10	אתן	נַעֲשׂוֹת
3198	8	48	conjugations/naasah/present-11.mp3	naasah	Nifal	present	11	הם	נַעֲשִׂים
3199	8	49	conjugations/naasah/present-12.mp3	naasah	Nifal	present	12	הן	נַעֲשׂוֹת
3200	8	50	conjugations/naasah/future-01.mp3	naasah	Nifal	future	1	אני	אֵעָשֶׂה
3201	8	51	conjugations/naasah/future-02.mp3	naasah	Nifal	future	2	אתה	תֵּעָשֶׂה
3202	8	52	conjugations/naasah/future-03.mp3	naasah	Nifal	future	3	את	תֵּעָשִׂי
3203	8	53	conjugations/naasah/future-04.mp3	naasah	Nifal	future	4	הוא	יֵעָשֶׂה
3204	8	54	conjugations/naasah/future-05.mp3	naasah	Nifal	future	5	היא	תֵּעָשֶׂה
3205	8	55	conjugations/naasah/future-06.mp3	naasah	Nifal	future	6	אנחנו	נֵעָשֶׂה
3206	8	56	conjugations/naasah/future-07.mp3	naasah	Nifal	future	7	אתם	תֵּעָשׂוּ
3207	8	57	conjugations/naasah/future-08.mp3	naasah	Nifal	future	8	אתן	תֵּעָשֶׂינָה
3208	8	58	conjugations/naasah/future-09.mp3	naasah	Nifal	future	9	הם	יֵעָשׂוּ
3209	8	59	conjugations/naasah/future-10.mp3	naasah	Nifal	future	10	הן	תֵּעָשֶׂינָה
3210	8	60	conjugations/naasah/infinitive-01.mp3	naasah	Nifal	infinitive	1		לְהֵעָשׂוֹת
3211	8	61	conjugations/nechshav/past-01.mp3	nechshav	Nifal	past	1	אני	נֶחְשַׁבְתִּי
3212	8	62	conjugations/nechshav/past-02.mp3	nechshav	Nifal	past	2	אתה	נֶחְשַׁבְתָּ
3213	8	63	conjugations/nechshav/past-03.mp3	nechshav	Nifal	past	3	את	נֶחְשַׁבְתְּ
3214	8	64	conjugations/nechshav/past-04.mp3	nechshav	Nifal	past	4	הוא	נֶחְשַׁב
3215	8	65	conjugations/nechshav/past-05.mp3	nechshav	Nifal	past	5	היא	נֶחְשְׁבָה
3216	8	66	conjugations/nechshav/past-06.mp3	nechshav	Nifal	past	6	אנחנו	נֶחְשַׁבְנוּ
3217	8	67	conjugations/nechshav/past-07.mp3	nechshav	Nifal	past	7	אתם	נֶחְשַׁבְתֶּם
3218	8	68	conjugations/nechshav/past-08.mp3	nechshav	Nifal	past	8	אתן	נֶחְשַׁבְתֶּן
3219	8	69	conjugations/nechshav/past-09.mp3	nechshav	Nifal	past	9	הם	נֶחְשְׁבוּ
3220	8	70	conjugations/nechshav/past-10.mp3	nechshav	Nifal	past	10	הן	נֶחְשְׁבוּ
3221	8	71	conjugations/nechshav/present-01.mp3	nechshav	Nifal	present	1	אני	נֶחְשָׁב
3222	8	72	conjugations/nechshav/present-02.mp3	nechshav	Nifal	present	2	אני	נֶחְשֶׁבֶת
3223	8	73	conjugations/nechshav/present-03.mp3	nechshav	Nifal	present	3	אתה	נֶחְשָׁב
3224	8	74	conjugations/nechshav/present-04.mp3	nechshav	Nifal	present	4	את	נֶחְשֶׁבֶת
3225	8	75	conjugations/nechshav/present-05.mp3	nechshav	Nifal	present	5	הוא	נֶחְשָׁב
3226	8	76	conjugations/nechshav/present-06.mp3	nechshav	Nifal	present	6	היא	נֶחְשֶׁבֶת
3227	8	77	conjugations/nechshav/present-07.mp3	nechshav	Nifal	present	7	אנחנו	נֶחְשָׁבִים
3228	8	78	conjugations/nechshav/present-08.mp3	nechshav	Nifal	present	8	אנחנו	נֶחְשָׁבוֹת
3229	8	79	conjugations/nechshav/present-09.mp3	nechshav	Nifal	present	9	אתם	נֶחְשָׁבִים
3230	8	80	conjugations/nechshav/present-10.mp3	nechshav	Nifal	present	10	אתן	נֶחְשָׁבוֹת
3231	8	81	conjugations/nechshav/present-11.mp3	nechshav	Nifal	present	11	הם	נֶחְשָׁבִים
3232	8	82	conjugations/nechshav/present-12.mp3	nechshav	Nifal	present	12	הן	נֶחְשָׁבוֹת
3233	8	83	conjugations/nechshav/future-01.mp3	nechshav	Nifal	future	1	אני	אֵחָשֵׁב
3234	8	84	conjugations/nechshav/future-02.mp3	nechshav	Nifal	future	2	אתה	תֵּחָשֵׁב
3235	8	85	conjugations/nechshav/future-03.mp3	nechshav	Nifal	future	3	את	תֵּחָשְׁבִי
3236	8	86	conjugations/nechshav/future-04.mp3	nechshav	Nifal	future	4	הוא	יֵחָשֵׁב
3237	8	87	conjugations/nechshav/future-05.mp3	nechshav	Nifal	future	5	היא	תֵּחָשֵׁב
3238	8	88	conjugations/nechshav/future-06.mp3	nechshav	Nifal	future	6	אנחנו	נֵחָשֵׁב
3239	8	89	conjugations/nechshav/future-07.mp3	nechshav	Nifal	future	7	אתם	תֵּחָשְׁבוּ
3240	8	90	conjugations/nechshav/future-08.mp3	nechshav	Nifal	future	8	אתן	תֵּחָשַׁבְנָה
3241	8	91	conjugations/nechshav/future-09.mp3	nechshav	Nifal	future	9	הם	יֵחָשְׁבוּ
3242	8	92	conjugations/nechshav/future-10.mp3	nechshav	Nifal	future	10	הן	תֵּחָשַׁבְנָה
3243	8	93	conjugations/nechshav/infinitive-01.mp3	nechshav	Nifal	infinitive	1		לְהֵחָשֵׁב
3244	8	94	conjugations/hashir/past-01.mp3	hashir	Hifil	past	1	אני	הִשַּׁרְתִּי
3245	8	95	conjugations/hashir/past-02.mp3	hashir	Hifil	past	2	אתה	הִשַּׁרְתָּ
3246	8	96	conjugations/hashir/past-03.mp3	hashir	Hifil	past	3	את	הִשַּׁרְתְּ
3247	8	97	conjugations/hashir/past-04.mp3	hashir	Hifil	past	4	הוא	הִשִּׁיר
3248	8	98	conjugations/hashir/past-05.mp3	hashir	Hifil	past	5	היא	הִשִּׁירָה
3249	8	99	conjugations/hashir/past-06.mp3	hashir	Hifil	past	6	אנחנו	הִשַּׁרְנוּ
3250	8	100	conjugations/hashir/past-07.mp3	hashir	Hifil	past	7	אתם	הִשַּׁרְתֶּם
3251	8	101	conjugations/hashir/past-08.mp3	hashir	Hifil	past	8	אתן	הִשַּׁרְתֶּן
3252	8	102	conjugations/hashir/past-09.mp3	hashir	Hifil	past	9	הם	הִשִּׁירוּ
3253	8	103	conjugations/hashir/past-10.mp3	hashir	Hifil	past	10	הן	הִשִּׁירוּ
3254	8	104	conjugations/hashir/present-01.mp3	hashir	Hifil	present	1	אני	מַשִּׁיר
3255	8	105	conjugations/hashir/present-02.mp3	hashir	Hifil	present	2	אני	מַשִּׁירָה
3256	8	106	conjugations/hashir/present-03.mp3	hashir	Hifil	present	3	אתה	מַשִּׁיר
3257	8	107	conjugations/hashir/present-04.mp3	hashir	Hifil	present	4	את	מַשִּׁירָה
3258	8	108	conjugations/hashir/present-05.mp3	hashir	Hifil	present	5	הוא	מַשִּׁיר
3259	8	109	conjugations/hashir/present-06.mp3	hashir	Hifil	present	6	היא	מַשִּׁירָה
3260	8	110	conjugations/hashir/present-07.mp3	hashir	Hifil	present	7	אנחנו	מַשִּׁירִים
3261	8	111	conjugations/hashir/present-08.mp3	hashir	Hifil	present	8	אנחנו	מַשִּׁירוֹת
3262	8	112	conjugations/hashir/present-09.mp3	hashir	Hifil	present	9	אתם	מַשִּׁירִים
3263	8	113	conjugations/hashir/present-10.mp3	hashir	Hifil	present	10	אתן	מַשִּׁירוֹת
3264	8	114	conjugations/hashir/present-11.mp3	hashir	Hifil	present	11	הם	מַשִּׁירִים
3265	8	115	conjugations/hashir/present-12.mp3	hashir	Hifil	present	12	הן	מַשִּׁירוֹת
3266	8	116	conjugations/hashir/future-01.mp3	hashir	Hifil	future	1	אני	אַשִּׁיר
3267	8	117	conjugations/hashir/future-02.mp3	hashir	Hifil	future	2	אתה	תַּשִּׁיר
3268	8	118	conjugations/hashir/future-03.mp3	hashir	Hifil	future	3	את	תַּשִּׁירִי
3269	8	119	conjugations/hashir/future-04.mp3	hashir	Hifil	future	4	הוא	יַשִּׁיר
3270	8	120	conjugations/hashir/future-05.mp3	hashir	Hifil	future	5	היא	תַּשִּׁיר
3271	8	121	conjugations/hashir/future-06.mp3	hashir	Hifil	future	6	אנחנו	נַשִּׁיר
3272	8	122	conjugations/hashir/future-07.mp3	hashir	Hifil	future	7	אתם	תַּשִּׁירוּ
3273	8	123	conjugations/hashir/future-08.mp3	hashir	Hifil	future	8	אתן	תַּשֵּׁרְנָה
3274	8	124	conjugations/hashir/future-09.mp3	hashir	Hifil	future	9	הם	יַשִּׁירוּ
3275	8	125	conjugations/hashir/future-10.mp3	hashir	Hifil	future	10	הן	תַּשֵּׁרְנָה
3276	8	126	conjugations/hashir/imperative-01.mp3	hashir	Hifil	imperative	1	אתה	הַשֵּׁר
3277	8	127	conjugations/hashir/imperative-02.mp3	hashir	Hifil	imperative	2	את	הַשִּׁירִי
3278	8	128	conjugations/hashir/imperative-03.mp3	hashir	Hifil	imperative	3	אתם	הַשִּׁירוּ
3279	8	129	conjugations/hashir/imperative-04.mp3	hashir	Hifil	imperative	4	אתן	הַשֵּׁרְנָה
3280	8	130	conjugations/hashir/infinitive-01.mp3	hashir	Hifil	infinitive	1		לְהַשִּׁיר
3281	8	131	conjugations/haritz/past-01.mp3	haritz	Hifil	past	1	אני	הֲרַצְתִּי
3282	8	132	conjugations/haritz/past-02.mp3	haritz	Hifil	past	2	אתה	הֲרַצָּתָּ
3283	8	133	conjugations/haritz/past-03.mp3	haritz	Hifil	past	3	את	הֲרַצְתְּ
3284	8	134	conjugations/haritz/past-04.mp3	haritz	Hifil	past	4	הוא	הֵרִיץ
3285	8	135	conjugations/haritz/past-05.mp3	haritz	Hifil	past	5	היא	הֵרִיצָה
3286	8	136	conjugations/haritz/past-06.mp3	haritz	Hifil	past	6	אנחנו	הֲרַצְנוּ
3287	8	137	conjugations/haritz/past-07.mp3	haritz	Hifil	past	7	אתם	הֲרַצְתֶּם
3288	8	138	conjugations/haritz/past-08.mp3	haritz	Hifil	past	8	אתן	הֲרַצְתֶּן
3289	8	139	conjugations/haritz/past-09.mp3	haritz	Hifil	past	9	הם	הֵרִיצוּ
3290	8	140	conjugations/haritz/past-10.mp3	haritz	Hifil	past	10	הן	הֵרִיצוּ
3291	8	141	conjugations/haritz/present-01.mp3	haritz	Hifil	present	1	אני	מֵרִיץ
3292	8	142	conjugations/haritz/present-02.mp3	haritz	Hifil	present	2	אני	מֵרִיצָה
3293	8	143	conjugations/haritz/present-03.mp3	haritz	Hifil	present	3	אתה	מֵרִיץ
3294	8	144	conjugations/haritz/present-04.mp3	haritz	Hifil	present	4	את	מֵרִיצָה
3295	8	145	conjugations/haritz/present-05.mp3	haritz	Hifil	present	5	הוא	מֵרִיץ
3296	8	146	conjugations/haritz/present-06.mp3	haritz	Hifil	present	6	היא	מֵרִיצָה
3297	8	147	conjugations/haritz/present-07.mp3	haritz	Hifil	present	7	אנחנו	מֵרִיצִים
3298	8	148	conjugations/haritz/present-08.mp3	haritz	Hifil	present	8	אנחנו	מֵרִיצוֹת
3299	8	149	conjugations/haritz/present-09.mp3	haritz	Hifil	present	9	אתם	מֵרִיצִים
3300	8	150	conjugations/haritz/present-10.mp3	haritz	Hifil	present	10	אתן	מֵרִיצוֹת
3301	8	151	conjugations/haritz/present-11.mp3	haritz	Hifil	present	11	הם	מֵרִיצִים
3302	8	152	conjugations/haritz/present-12.mp3	haritz	Hifil	present	12	הן	מֵרִיצוֹת
3303	8	153	conjugations/haritz/future-01.mp3	haritz	Hifil	future	1	אני	אָרִיץ
3304	8	154	conjugations/haritz/future-02.mp3	haritz	Hifil	future	2	אתה	תָּרִיץ
3305	8	155	conjugations/haritz/future-03.mp3	haritz	Hifil	future	3	את	תָּרִיצִי
3306	8	156	conjugations/haritz/future-04.mp3	haritz	Hifil	future	4	הוא	יָרִיץ
3307	8	157	conjugations/haritz/future-05.mp3	haritz	Hifil	future	5	היא	תָּרִיץ
3308	8	158	conjugations/haritz/future-06.mp3	haritz	Hifil	future	6	אנחנו	נָרִיץ
3309	8	159	conjugations/haritz/future-07.mp3	haritz	Hifil	future	7	אתם	תָּרִיצוּ
3310	8	160	conjugations/haritz/future-08.mp3	haritz	Hifil	future	8	אתן	תָּרֵצְנָה
3311	8	161	conjugations/haritz/future-09.mp3	haritz	Hifil	future	9	הם	יָרִיצוּ
3312	8	162	conjugations/haritz/future-10.mp3	haritz	Hifil	future	10	הן	תָּרֵצְנָה
3313	8	163	conjugations/haritz/imperative-01.mp3	haritz	Hifil	imperative	1	אתה	הָרֵץ
3314	8	164	conjugations/haritz/imperative-02.mp3	haritz	Hifil	imperative	2	את	הֲרִיצִי
3315	8	165	conjugations/haritz/imperative-03.mp3	haritz	Hifil	imperative	3	אתם	הֲרִיצוּ
3316	8	166	conjugations/haritz/imperative-04.mp3	haritz	Hifil	imperative	4	אתן	הֲרֵצְנָה
3317	8	167	conjugations/haritz/infinitive-01.mp3	haritz	Hifil	infinitive	1		לְהָרִיץ
3318	8	168	conjugations/hitahev/past-01.mp3	hitahev	Hitpael	past	1	אני	הִתְאַהַבְתִּי
3319	8	169	conjugations/hitahev/past-02.mp3	hitahev	Hitpael	past	2	אתה	הִתְאַהַבְתָּ
3320	8	170	conjugations/hitahev/past-03.mp3	hitahev	Hitpael	past	3	את	הִתְאַהַבְתְּ
3321	8	171	conjugations/hitahev/past-04.mp3	hitahev	Hitpael	past	4	הוא	הִתְאַהֵב
3322	8	172	conjugations/hitahev/past-05.mp3	hitahev	Hitpael	past	5	היא	הִתְאַהֲבָה
3323	8	173	conjugations/hitahev/past-06.mp3	hitahev	Hitpael	past	6	אנחנו	הִתְאַהַבְנוּ
3324	8	174	conjugations/hitahev/past-07.mp3	hitahev	Hitpael	past	7	אתם	הִתְאַהַבְתֶּם
3325	8	175	conjugations/hitahev/past-08.mp3	hitahev	Hitpael	past	8	אתן	הִתְאַהַבְתֶּן
3326	8	176	conjugations/hitahev/past-09.mp3	hitahev	Hitpael	past	9	הם	הִתְאַהֲבוּ
3327	8	177	conjugations/hitahev/past-10.mp3	hitahev	Hitpael	past	10	הן	הִתְאַהֲבוּ
3328	8	178	conjugations/hitahev/present-01.mp3	hitahev	Hitpael	present	1	אני	מִתְאַהֵב
3329	8	179	conjugations/hitahev/present-02.mp3	hitahev	Hitpael	present	2	אני	מִתְאַהֶבֶת
3330	8	180	conjugations/hitahev/present-03.mp3	hitahev	Hitpael	present	3	אתה	מִתְאַהֵב
3331	8	181	conjugations/hitahev/present-04.mp3	hitahev	Hitpael	present	4	את	מִתְאַהֶבֶת
3332	8	182	conjugations/hitahev/present-05.mp3	hitahev	Hitpael	present	5	הוא	מִתְאַהֵב
3333	8	183	conjugations/hitahev/present-06.mp3	hitahev	Hitpael	present	6	היא	מִתְאַהֶבֶת
3334	8	184	conjugations/hitahev/present-07.mp3	hitahev	Hitpael	present	7	אנחנו	מִתְאַהֲבִים
3335	8	185	conjugations/hitahev/present-08.mp3	hitahev	Hitpael	present	8	אנחנו	מִתְאַהֲבוֹת
3336	8	186	conjugations/hitahev/present-09.mp3	hitahev	Hitpael	present	9	אתם	מִתְאַהֲבִים
3337	8	187	conjugations/hitahev/present-10.mp3	hitahev	Hitpael	present	10	אתן	מִתְאַהֲבוֹת
3338	8	188	conjugations/hitahev/present-11.mp3	hitahev	Hitpael	present	11	הם	מִתְאַהֲבִים
3339	8	189	conjugations/hitahev/present-12.mp3	hitahev	Hitpael	present	12	הן	מִתְאַהֲבוֹת
3340	8	190	conjugations/hitahev/future-01.mp3	hitahev	Hitpael	future	1	אני	אֶתְאַהֵב
3341	8	191	conjugations/hitahev/future-02.mp3	hitahev	Hitpael	future	2	אתה	תִּתְאַהֵב
3342	8	192	conjugations/hitahev/future-03.mp3	hitahev	Hitpael	future	3	את	תִּתְאַהֲבִי
3343	8	193	conjugations/hitahev/future-04.mp3	hitahev	Hitpael	future	4	הוא	יִתְאַהֵב
3344	8	194	conjugations/hitahev/future-05.mp3	hitahev	Hitpael	future	5	היא	תִּתְאַהֵב
3345	8	195	conjugations/hitahev/future-06.mp3	hitahev	Hitpael	future	6	אנחנו	נִתְאַהֵב
3346	8	196	conjugations/hitahev/future-07.mp3	hitahev	Hitpael	future	7	אתם	תִּתְאַהֲבוּ
3347	8	197	conjugations/hitahev/future-08.mp3	hitahev	Hitpael	future	8	אתן	תִּתְאַהֵבְנָה
3348	8	198	conjugations/hitahev/future-09.mp3	hitahev	Hitpael	future	9	הם	יִתְאַהֲבוּ
3349	8	199	conjugations/hitahev/future-10.mp3	hitahev	Hitpael	future	10	הן	תִּתְאַהֵבְנָה
3350	8	200	conjugations/hitahev/imperative-01.mp3	hitahev	Hitpael	imperative	1	אתה	הִתְאַהֵב
3351	8	201	conjugations/hitahev/imperative-02.mp3	hitahev	Hitpael	imperative	2	את	הִתְאַהֲבִי
3352	8	202	conjugations/hitahev/imperative-03.mp3	hitahev	Hitpael	imperative	3	אתם	הִתְאַהֲבוּ
3353	8	203	conjugations/hitahev/imperative-04.mp3	hitahev	Hitpael	imperative	4	אתן	הִתְאַהֵבְנָה
3354	8	204	conjugations/hitahev/infinitive-01.mp3	hitahev	Hitpael	infinitive	1		לְהִתְאַהֵב
3355	8	205	conjugations/hifagesh/past-01.mp3	hifagesh	Nifal	past	1	אני	נִפְגַּשְׁתִּי
3356	8	206	conjugations/hifagesh/past-02.mp3	hifagesh	Nifal	past	2	אתה	נִפְגַּשְׁתָּ
3357	8	207	conjugations/hifagesh/past-03.mp3	hifagesh	Nifal	past	3	את	נִפְגַּשְׁתְּ
3358	8	208	conjugations/hifagesh/past-04.mp3	hifagesh	Nifal	past	4	הוא	נִפְגַּשׁ
3359	8	209	conjugations/hifagesh/past-05.mp3	hifagesh	Nifal	past	5	היא	נִפְגְּשָׁה
3360	8	210	conjugations/hifagesh/past-06.mp3	hifagesh	Nifal	past	6	אנחנו	נִפְגַּשְׁנוּ
3361	8	211	conjugations/hifagesh/past-07.mp3	hifagesh	Nifal	past	7	אתם	נִפְגַּשְׁתֶּם
3362	8	212	conjugations/hifagesh/past-08.mp3	hifagesh	Nifal	past	8	אתן	נִפְגַּשְׁתֶּן
3363	8	213	conjugations/hifagesh/past-09.mp3	hifagesh	Nifal	past	9	הם	נִפְגְּשׁוּ
3364	8	214	conjugations/hifagesh/past-10.mp3	hifagesh	Nifal	past	10	הן	נִפְגְּשׁוּ
3365	8	215	conjugations/hifagesh/present-01.mp3	hifagesh	Nifal	present	1	אני	נִפְגָּשׁ
3366	8	216	conjugations/hifagesh/present-02.mp3	hifagesh	Nifal	present	2	אני	נִפְגֶּשֶׁת
3367	8	217	conjugations/hifagesh/present-03.mp3	hifagesh	Nifal	present	3	אתה	נִפְגָּשׁ
3368	8	218	conjugations/hifagesh/present-04.mp3	hifagesh	Nifal	present	4	את	נִפְגֶּשֶׁת
3369	8	219	conjugations/hifagesh/present-05.mp3	hifagesh	Nifal	present	5	הוא	נִפְגָּשׁ
3370	8	220	conjugations/hifagesh/present-06.mp3	hifagesh	Nifal	present	6	היא	נִפְגֶּשֶׁת
3371	8	221	conjugations/hifagesh/present-07.mp3	hifagesh	Nifal	present	7	אנחנו	נִפְגָּשִׁים
3372	8	222	conjugations/hifagesh/present-08.mp3	hifagesh	Nifal	present	8	אנחנו	נִפְגָּשׁוֹת
3373	8	223	conjugations/hifagesh/present-09.mp3	hifagesh	Nifal	present	9	אתם	נִפְגָּשִׁים
3374	8	224	conjugations/hifagesh/present-10.mp3	hifagesh	Nifal	present	10	אתן	נִפְגָּשׁוֹת
3375	8	225	conjugations/hifagesh/present-11.mp3	hifagesh	Nifal	present	11	הם	נִפְגָּשִׁים
3376	8	226	conjugations/hifagesh/present-12.mp3	hifagesh	Nifal	present	12	הן	נִפְגָּשׁוֹת
3377	8	227	conjugations/hifagesh/future-01.mp3	hifagesh	Nifal	future	1	אני	אִפָּגֵשׁ
3378	8	228	conjugations/hifagesh/future-02.mp3	hifagesh	Nifal	future	2	אתה	תִּפָּגֵשׁ
3379	8	229	conjugations/hifagesh/future-03.mp3	hifagesh	Nifal	future	3	את	תִּפָּגְשִׁי
3380	8	230	conjugations/hifagesh/future-04.mp3	hifagesh	Nifal	future	4	הוא	יִפָּגֵשׁ
3381	8	231	conjugations/hifagesh/future-05.mp3	hifagesh	Nifal	future	5	היא	תִּפָּגֵשׁ
3382	8	232	conjugations/hifagesh/future-06.mp3	hifagesh	Nifal	future	6	אנחנו	נִפָּגֵשׁ
3383	8	233	conjugations/hifagesh/future-07.mp3	hifagesh	Nifal	future	7	אתם	תִּפָּגְשׁוּ
3384	8	234	conjugations/hifagesh/future-08.mp3	hifagesh	Nifal	future	8	אתן	תִּפָּגֵשְׁנָה
3385	8	235	conjugations/hifagesh/future-09.mp3	hifagesh	Nifal	future	9	הם	יִפָּגְשׁוּ
3386	8	236	conjugations/hifagesh/future-10.mp3	hifagesh	Nifal	future	10	הן	תִּפָּגֵשְׁנָה
3387	8	237	conjugations/hifagesh/imperative-01.mp3	hifagesh	Nifal	imperative	1	אתה	הִפָּגֵשׁ
3388	8	238	conjugations/hifagesh/imperative-02.mp3	hifagesh	Nifal	imperative	2	את	הִפָּגְשִׁי
3389	8	239	conjugations/hifagesh/imperative-03.mp3	hifagesh	Nifal	imperative	3	אתם	הִפָּגְשׁוּ
3390	8	240	conjugations/hifagesh/imperative-04.mp3	hifagesh	Nifal	imperative	4	אתן	הִפָּגֵשְׁנָה
3391	8	241	conjugations/hifagesh/infinitive-01.mp3	hifagesh	Nifal	infinitive	1		לְהִפָּגֵשׁ
3392	8	242	conjugations/hivacher/past-01.mp3	hivacher	Nifal	past	1	אני	נִבְחַרְתִּי
3393	8	243	conjugations/hivacher/past-02.mp3	hivacher	Nifal	past	2	אתה	נִבְחַרְתָּ
3394	8	244	conjugations/hivacher/past-03.mp3	hivacher	Nifal	past	3	את	נִבְחַרְתְּ
3395	8	245	conjugations/hivacher/past-04.mp3	hivacher	Nifal	past	4	הוא	נִבְחַר
3396	8	246	conjugations/hivacher/past-05.mp3	hivacher	Nifal	past	5	היא	נִבְחֲרָה
3397	8	247	conjugations/hivacher/past-06.mp3	hivacher	Nifal	past	6	אנחנו	נִבְחַרְנוּ
3398	8	248	conjugations/hivacher/past-07.mp3	hivacher	Nifal	past	7	אתם	נִבְחַרְתֶּם
3399	8	249	conjugations/hivacher/past-08.mp3	hivacher	Nifal	past	8	אתן	נִבְחַרְתֶּן
3400	8	250	conjugations/hivacher/past-09.mp3	hivacher	Nifal	past	9	הם	נִבְחֲרוּ
3401	8	251	conjugations/hivacher/past-10.mp3	hivacher	Nifal	past	10	הן	נִבְחֲרוּ
3402	8	252	conjugations/hivacher/present-01.mp3	hivacher	Nifal	present	1	אני/אתה/הוא	נִבְחָר
3403	8	253	conjugations/hivacher/present-02.mp3	hivacher	Nifal	present	2	אני/את/היא	נִבְחֶרֶת
3404	8	254	conjugations/hivacher/present-03.mp3	hivacher	Nifal	present	3	אנחנו/אתם/הם	נִבְחָרִים
3405	8	255	conjugations/hivacher/present-04.mp3	hivacher	Nifal	present	4	אנחנו/אתן/הן	נִבְחָרוֹת
3406	8	256	conjugations/hivacher/future-01.mp3	hivacher	Nifal	future	1	אני	אִבָּחֵר
3407	8	257	conjugations/hivacher/future-02.mp3	hivacher	Nifal	future	2	אתה	תִּבָּחֵר
3408	8	258	conjugations/hivacher/future-03.mp3	hivacher	Nifal	future	3	את	תִּבָּחֲרִי
3409	8	259	conjugations/hivacher/future-04.mp3	hivacher	Nifal	future	4	הוא	יִבָּחֵר
3410	8	260	conjugations/hivacher/future-05.mp3	hivacher	Nifal	future	5	היא	תִּבָּחֵר
3411	8	261	conjugations/hivacher/future-06.mp3	hivacher	Nifal	future	6	אנחנו	נִבָּחֵר
3412	8	262	conjugations/hivacher/future-07.mp3	hivacher	Nifal	future	7	אתם	תִּבָּחֲרוּ
3413	8	263	conjugations/hivacher/future-08.mp3	hivacher	Nifal	future	8	אתן	תִּבָּחֵרְנָה
3414	8	264	conjugations/hivacher/future-09.mp3	hivacher	Nifal	future	9	הם	יִבָּחֲרוּ
3415	8	265	conjugations/hivacher/future-10.mp3	hivacher	Nifal	future	10	הן	תִּבָּחֵרְנָה
3416	8	266	conjugations/hivacher/imperative-01.mp3	hivacher	Nifal	imperative	1	אתה	הִבָּחֵר
3417	8	267	conjugations/hivacher/imperative-02.mp3	hivacher	Nifal	imperative	2	את	הִבָּחֲרִי
3418	8	268	conjugations/hivacher/imperative-03.mp3	hivacher	Nifal	imperative	3	אתם	הִבָּחֲרוּ
3419	8	269	conjugations/hivacher/imperative-04.mp3	hivacher	Nifal	imperative	4	אתן	הִבָּחֵרְנָה
3420	8	270	conjugations/hivacher/infinitive-01.mp3	hivacher	Nifal	infinitive	1		לְהִבָּחֵר
3421	8	271	conjugations/lehatzchik/past-01.mp3	lehatzchik	Hifil	past	1	אני	הִצְחַקְתִּי
3422	8	272	conjugations/lehatzchik/past-02.mp3	lehatzchik	Hifil	past	2	אתה	הִצְחַקְתָּ
3423	8	273	conjugations/lehatzchik/past-03.mp3	lehatzchik	Hifil	past	3	את	הִצְחַקְתְּ
3424	8	274	conjugations/lehatzchik/past-04.mp3	lehatzchik	Hifil	past	4	הוא	הִצְחִיק
3425	8	275	conjugations/lehatzchik/past-05.mp3	lehatzchik	Hifil	past	5	היא	הִצְחִיקָה
3426	8	276	conjugations/lehatzchik/past-06.mp3	lehatzchik	Hifil	past	6	אנחנו	הִצְחַקְנוּ
3427	8	277	conjugations/lehatzchik/past-07.mp3	lehatzchik	Hifil	past	7	אתם	הִצְחַקְתֶּם
3428	8	278	conjugations/lehatzchik/past-08.mp3	lehatzchik	Hifil	past	8	אתן	הִצְחַקְתֶּן
3429	8	279	conjugations/lehatzchik/past-09.mp3	lehatzchik	Hifil	past	9	הם	הִצְחִיקוּ
3430	8	280	conjugations/lehatzchik/past-10.mp3	lehatzchik	Hifil	past	10	הן	הִצְחִיקוּ
3431	8	281	conjugations/lehatzchik/present-01.mp3	lehatzchik	Hifil	present	1	אני/אתה/הוא	מַצְחִיק
3432	8	282	conjugations/lehatzchik/present-02.mp3	lehatzchik	Hifil	present	2	אני/את/היא	מַצְחִיקָה
3433	8	283	conjugations/lehatzchik/present-03.mp3	lehatzchik	Hifil	present	3	אנחנו/אתם/הם	מַצְחִיקִים
3434	8	284	conjugations/lehatzchik/present-04.mp3	lehatzchik	Hifil	present	4	אנחנו/אתן/הן	מַצְחִיקוֹת
3435	8	285	conjugations/lehatzchik/future-01.mp3	lehatzchik	Hifil	future	1	אני	אַצְחִיק
3436	8	286	conjugations/lehatzchik/future-02.mp3	lehatzchik	Hifil	future	2	אתה	תַּצְחִיק
3437	8	287	conjugations/lehatzchik/future-03.mp3	lehatzchik	Hifil	future	3	את	תַּצְחִיקִי
3438	8	288	conjugations/lehatzchik/future-04.mp3	lehatzchik	Hifil	future	4	הוא	יַצְחִיק
3439	8	289	conjugations/lehatzchik/future-05.mp3	lehatzchik	Hifil	future	5	היא	תַּצְחִיק
3440	8	290	conjugations/lehatzchik/future-06.mp3	lehatzchik	Hifil	future	6	אנחנו	נַצְחִיק
3441	8	291	conjugations/lehatzchik/future-07.mp3	lehatzchik	Hifil	future	7	אתם	תַּצְחִיקוּ
3442	8	292	conjugations/lehatzchik/future-08.mp3	lehatzchik	Hifil	future	8	אתן	תַּצְחֵקְנָה
3443	8	293	conjugations/lehatzchik/future-09.mp3	lehatzchik	Hifil	future	9	הם	יַצְחִיקוּ
3444	8	294	conjugations/lehatzchik/future-10.mp3	lehatzchik	Hifil	future	10	הן	תַּצְחֵקְנָה
3445	8	295	conjugations/lehatzchik/imperative-01.mp3	lehatzchik	Hifil	imperative	1	אתה	הַצְחֵק
3446	8	296	conjugations/lehatzchik/imperative-02.mp3	lehatzchik	Hifil	imperative	2	את	הַצְחִיקִי
3447	8	297	conjugations/lehatzchik/imperative-03.mp3	lehatzchik	Hifil	imperative	3	אתם	הַצְחִיקוּ
3448	8	298	conjugations/lehatzchik/imperative-04.mp3	lehatzchik	Hifil	imperative	4	אתן	הַצְחֵקְנָה
3449	8	299	conjugations/lehatzchik/infinitive-01.mp3	lehatzchik	Hifil	infinitive	1		לְהַצְחִיק
3450	8	300	conjugations/leheraot/past-01.mp3	leheraot	Nifal	past	1	אני	נִרְאֵיתִי
3451	8	301	conjugations/leheraot/past-02.mp3	leheraot	Nifal	past	2	אתה	נִרְאֵיתָ
3452	8	302	conjugations/leheraot/past-03.mp3	leheraot	Nifal	past	3	את	נִרְאֵית
3453	8	303	conjugations/leheraot/past-04.mp3	leheraot	Nifal	past	4	הוא	נִרְאָה
3454	8	304	conjugations/leheraot/past-05.mp3	leheraot	Nifal	past	5	היא	נִרְאֲתָה
3455	8	305	conjugations/leheraot/past-06.mp3	leheraot	Nifal	past	6	אנחנו	נִרְאֵינוּ
3456	8	306	conjugations/leheraot/past-07.mp3	leheraot	Nifal	past	7	אתם	נִרְאֵיתֶם
3457	8	307	conjugations/leheraot/past-08.mp3	leheraot	Nifal	past	8	אתן	נִרְאֵיתֶן
3458	8	308	conjugations/leheraot/past-09.mp3	leheraot	Nifal	past	9	הם	נִרְאוּ
3459	8	309	conjugations/leheraot/past-10.mp3	leheraot	Nifal	past	10	הן	נִרְאוּ
3460	8	310	conjugations/leheraot/present-01.mp3	leheraot	Nifal	present	1	אני/אתה/הוא	נִרְאֶה
3461	8	311	conjugations/leheraot/present-02.mp3	leheraot	Nifal	present	2	אני/את/היא	נִרְאֵית
3462	8	312	conjugations/leheraot/present-03.mp3	leheraot	Nifal	present	3	אנחנו/אתם/הם	נִרְאִים
3463	8	313	conjugations/leheraot/present-04.mp3	leheraot	Nifal	present	4	אנחנו/אתן/הן	נִרְאוֹת
3464	8	314	conjugations/leheraot/future-01.mp3	leheraot	Nifal	future	1	אני	אֵרָאֶה
3465	8	315	conjugations/leheraot/future-02.mp3	leheraot	Nifal	future	2	אתה	תֵּרָאֶה
3466	8	316	conjugations/leheraot/future-03.mp3	leheraot	Nifal	future	3	את	תֵּרָאִי
3467	8	317	conjugations/leheraot/future-04.mp3	leheraot	Nifal	future	4	הוא	יֵרָאֶה
3468	8	318	conjugations/leheraot/future-05.mp3	leheraot	Nifal	future	5	היא	תֵּרָאֶה
3469	8	319	conjugations/leheraot/future-06.mp3	leheraot	Nifal	future	6	אנחנו	נֵרָאֶה
3470	8	320	conjugations/leheraot/future-07.mp3	leheraot	Nifal	future	7	אתם	תֵּרָאוּ
3471	8	321	conjugations/leheraot/future-08.mp3	leheraot	Nifal	future	8	אתן	תֵּרָאֶינָה
3472	8	322	conjugations/leheraot/future-09.mp3	leheraot	Nifal	future	9	הם	יֵרָאוּ
3473	8	323	conjugations/leheraot/future-10.mp3	leheraot	Nifal	future	10	הן	תֵּרָאֶינָה
3474	8	324	conjugations/leheraot/imperative-01.mp3	leheraot	Nifal	imperative	1	אתה	הֵרָאֵה
3475	8	325	conjugations/leheraot/imperative-02.mp3	leheraot	Nifal	imperative	2	את	הֵרָאִי
3476	8	326	conjugations/leheraot/imperative-03.mp3	leheraot	Nifal	imperative	3	אתם	הֵרָאוּ
3477	8	327	conjugations/leheraot/imperative-04.mp3	leheraot	Nifal	imperative	4	אתן	הֵרָאֶינָה
3478	8	328	conjugations/leheraot/infinitive-01.mp3	leheraot	Nifal	infinitive	1		לְהֵרָאוֹת
3479	8	329	conjugations/lehaf-il/past-01.mp3	lehaf'il	Hifil	past	1	אני	הִפְעַלְתִּי
3480	8	330	conjugations/lehaf-il/past-02.mp3	lehaf'il	Hifil	past	2	אתה	הִפְעַלְתָּ
3481	8	331	conjugations/lehaf-il/past-03.mp3	lehaf'il	Hifil	past	3	את	הִפְעַלְתְּ
3482	8	332	conjugations/lehaf-il/past-04.mp3	lehaf'il	Hifil	past	4	הוא	הִפְעִיל
3483	8	333	conjugations/lehaf-il/past-05.mp3	lehaf'il	Hifil	past	5	היא	הִפְעִילָה
3484	8	334	conjugations/lehaf-il/past-06.mp3	lehaf'il	Hifil	past	6	אנחנו	הִפְעַלְנוּ
3485	8	335	conjugations/lehaf-il/past-07.mp3	lehaf'il	Hifil	past	7	אתם	הִפְעַלְתֶּם
3486	8	336	conjugations/lehaf-il/past-08.mp3	lehaf'il	Hifil	past	8	אתן	הִפְעַלְתֶּן
3487	8	337	conjugations/lehaf-il/past-09.mp3	lehaf'il	Hifil	past	9	הם	הִפְעִילוּ
3488	8	338	conjugations/lehaf-il/past-10.mp3	lehaf'il	Hifil	past	10	הן	הִפְעִילוּ
3489	8	339	conjugations/lehaf-il/present-01.mp3	lehaf'il	Hifil	present	1	אני/אתה/הוא	מַפְעִיל
3490	8	340	conjugations/lehaf-il/present-02.mp3	lehaf'il	Hifil	present	2	אני/את/היא	מַפְעִילָה
3491	8	341	conjugations/lehaf-il/present-03.mp3	lehaf'il	Hifil	present	3	אנחנו/אתם/הם	מַפְעִילִים
3492	8	342	conjugations/lehaf-il/present-04.mp3	lehaf'il	Hifil	present	4	אנחנו/אתן/הן	מַפְעִילוֹת
3493	8	343	conjugations/lehaf-il/future-01.mp3	lehaf'il	Hifil	future	1	אני	אַפְעִיל
3494	8	344	conjugations/lehaf-il/future-02.mp3	lehaf'il	Hifil	future	2	אתה	תַּפְעִיל
3495	8	345	conjugations/lehaf-il/future-03.mp3	lehaf'il	Hifil	future	3	את	תַּפְעִילִי
3496	8	346	conjugations/lehaf-il/future-04.mp3	lehaf'il	Hifil	future	4	הוא	יַפְעִיל
3497	8	347	conjugations/lehaf-il/future-05.mp3	lehaf'il	Hifil	future	5	היא	תַּפְעִיל
3498	8	348	conjugations/lehaf-il/future-06.mp3	lehaf'il	Hifil	future	6	אנחנו	נַפְעִיל
3499	8	349	conjugations/lehaf-il/future-07.mp3	lehaf'il	Hifil	future	7	אתם	תַּפְעִילוּ
3500	8	350	conjugations/lehaf-il/future-08.mp3	lehaf'il	Hifil	future	8	אתן	תַּפְעֵלְנָה
3501	8	351	conjugations/lehaf-il/future-09.mp3	lehaf'il	Hifil	future	9	הם	יַפְעִילוּ
3502	8	352	conjugations/lehaf-il/future-10.mp3	lehaf'il	Hifil	future	10	הן	תַּפְעֵלְנָה
3503	8	353	conjugations/lehaf-il/imperative-01.mp3	lehaf'il	Hifil	imperative	1	אתה	הַפְעֵל
3504	8	354	conjugations/lehaf-il/imperative-02.mp3	lehaf'il	Hifil	imperative	2	את	הַפְעִילִי
3505	8	355	conjugations/lehaf-il/imperative-03.mp3	lehaf'il	Hifil	imperative	3	אתם	הַפְעִילוּ
3506	8	356	conjugations/lehaf-il/imperative-04.mp3	lehaf'il	Hifil	imperative	4	אתן	הַפְעֵלְנָה
3507	8	357	conjugations/lehaf-il/infinitive-01.mp3	lehaf'il	Hifil	infinitive	1		לְהַפְעִיל
3508	8	358	conjugations/le-amer/past-01.mp3	le'amer	Nifal	past	1	אני	נֶאֱמַרְתִּי
3509	8	359	conjugations/le-amer/past-02.mp3	le'amer	Nifal	past	2	אתה	נֶאֱמַרְתָּ
3510	8	360	conjugations/le-amer/past-03.mp3	le'amer	Nifal	past	3	את	נֶאֱמַרְתְּ
3511	8	361	conjugations/le-amer/past-04.mp3	le'amer	Nifal	past	4	הוא	נֶאֱמַר
3512	8	362	conjugations/le-amer/past-05.mp3	le'amer	Nifal	past	5	היא	נֶאֱמְרָה
3513	8	363	conjugations/le-amer/past-06.mp3	le'amer	Nifal	past	6	אנחנו	נֶאֱמַרְנוּ
3514	8	364	conjugations/le-amer/past-07.mp3	le'amer	Nifal	past	7	אתם	נֶאֱמַרְתֶּם
3515	8	365	conjugations/le-amer/past-08.mp3	le'amer	Nifal	past	8	אתן	נֶאֱמַרְתֶּן
3516	8	366	conjugations/le-amer/past-09.mp3	le'amer	Nifal	past	9	הם	נֶאֱמְרוּ
3517	8	367	conjugations/le-amer/past-10.mp3	le'amer	Nifal	past	10	הן	נֶאֱמְרוּ
3518	8	368	conjugations/le-amer/present-01.mp3	le'amer	Nifal	present	1	אני/אתה/הוא	נֶאֱמָר
3519	8	369	conjugations/le-amer/present-02.mp3	le'amer	Nifal	present	2	אני/את/היא	נֶאֱמֶרֶת
3520	8	370	conjugations/le-amer/present-03.mp3	le'amer	Nifal	present	3	אנחנו/אתם/הם	נֶאֱמָרִים
3521	8	371	conjugations/le-amer/present-04.mp3	le'amer	Nifal	present	4	אנחנו/אתן/הן	נֶאֱמָרוֹת
3522	8	372	conjugations/le-amer/future-01.mp3	le'amer	Nifal	future	1	אני	אֵאָמֵר
3523	8	373	conjugations/le-amer/future-02.mp3	le'amer	Nifal	future	2	אתה	תֵּאָמֵר
3524	8	374	conjugations/le-amer/future-03.mp3	le'amer	Nifal	future	3	את	תֵּאָמְרִי
3525	8	375	conjugations/le-amer/future-04.mp3	le'amer	Nifal	future	4	הוא	יֵאָמֵר
3526	8	376	conjugations/le-amer/future-05.mp3	le'amer	Nifal	future	5	היא	תֵּאָמֵר
3527	8	377	conjugations/le-amer/future-06.mp3	le'amer	Nifal	future	6	אנחנו	נֵאָמֵר
3528	8	378	conjugations/le-amer/future-07.mp3	le'amer	Nifal	future	7	אתם	תֵּאָמְרוּ
3529	8	379	conjugations/le-amer/future-08.mp3	le'amer	Nifal	future	8	אתן	תֵּאָמַרְנָה
3530	8	380	conjugations/le-amer/future-09.mp3	le'amer	Nifal	future	9	הם	יֵאָמְרוּ
3531	8	381	conjugations/le-amer/future-10.mp3	le'amer	Nifal	future	10	הן	תֵּאָמַרְנָה
3532	8	382	conjugations/le-amer/imperative-01.mp3	le'amer	Nifal	imperative	1	אתה	הֵאָמֵר
3533	8	383	conjugations/le-amer/imperative-02.mp3	le'amer	Nifal	imperative	2	את	הֵאָמְרִי
3534	8	384	conjugations/le-amer/imperative-03.mp3	le'amer	Nifal	imperative	3	אתם	הֵאָמְרוּ
3535	8	385	conjugations/le-amer/imperative-04.mp3	le'amer	Nifal	imperative	4	אתן	הֵאָמַרְנָה
3536	8	386	conjugations/le-amer/infinitive-01.mp3	le'amer	Nifal	infinitive	1		לְהֵיאָמֵר
3537	8	387	conjugations/leheamen/past-01.mp3	leheamen	Nifal	past	1	אני	נֶאֱמַנְתִּי
3538	8	388	conjugations/leheamen/past-02.mp3	leheamen	Nifal	past	2	אתה	נֶאֱמַנְתָּ
3539	8	389	conjugations/leheamen/past-03.mp3	leheamen	Nifal	past	3	את	נֶאֱמַנְתְּ
3540	8	390	conjugations/leheamen/past-04.mp3	leheamen	Nifal	past	4	הוא	נֶאֱמַן
3541	8	391	conjugations/leheamen/past-05.mp3	leheamen	Nifal	past	5	היא	נֶאֱמְנָה
3542	8	392	conjugations/leheamen/past-06.mp3	leheamen	Nifal	past	6	אנחנו	נֶאֱמַנּוּ
3543	8	393	conjugations/leheamen/past-07.mp3	leheamen	Nifal	past	7	אתם	נֶאֱמַנְתֶּם
3544	8	394	conjugations/leheamen/past-08.mp3	leheamen	Nifal	past	8	אתן	נֶאֱמַנְתֶּן
3545	8	395	conjugations/leheamen/past-09.mp3	leheamen	Nifal	past	9	הם	נֶאֱמְנוּ
3546	8	396	conjugations/leheamen/past-10.mp3	leheamen	Nifal	past	10	הן	נֶאֱמְנוּ
3547	8	397	conjugations/leheamen/present-01.mp3	leheamen	Nifal	present	1	אני/אתה/הוא	נֶאֱמָן
3548	8	398	conjugations/leheamen/present-02.mp3	leheamen	Nifal	present	2	אני/את/היא	נֶאֱמֶנֶת
3549	8	399	conjugations/leheamen/present-03.mp3	leheamen	Nifal	present	3	אנחנו/אתם/הם	נֶאֱמָנִים
3550	8	400	conjugations/leheamen/present-04.mp3	leheamen	Nifal	present	4	אנחנו/אתן/הן	נֶאֱמָנוֹת
3551	8	401	conjugations/leheamen/future-01.mp3	leheamen	Nifal	future	1	אני	אֵאָמֵן
3552	8	402	conjugations/leheamen/future-02.mp3	leheamen	Nifal	future	2	אתה	תֵּאָמֵן
3553	8	403	conjugations/leheamen/future-03.mp3	leheamen	Nifal	future	3	את	תֵּאָמְנִי
3554	8	404	conjugations/leheamen/future-04.mp3	leheamen	Nifal	future	4	הוא	יֵאָמֵן
3555	8	405	conjugations/leheamen/future-05.mp3	leheamen	Nifal	future	5	היא	תֵּאָמֵן
3556	8	406	conjugations/leheamen/future-06.mp3	leheamen	Nifal	future	6	אנחנו	נֵאָמֵן
3557	8	407	conjugations/leheamen/future-07.mp3	leheamen	Nifal	future	7	אתם	תֵּאָמְנוּ
3558	8	408	conjugations/leheamen/future-08.mp3	leheamen	Nifal	future	8	אתן	תֵּאָמֵנָּה
3559	8	409	conjugations/leheamen/future-09.mp3	leheamen	Nifal	future	9	הם	יֵאָמְנוּ
3560	8	410	conjugations/leheamen/future-10.mp3	leheamen	Nifal	future	10	הן	תֵּאָמֵנָּה
3561	8	411	conjugations/leheamen/imperative-01.mp3	leheamen	Nifal	imperative	1	אתה	הֵאָמֵן
3562	8	412	conjugations/leheamen/imperative-02.mp3	leheamen	Nifal	imperative	2	את	הֵאָמְנִי
3563	8	413	conjugations/leheamen/imperative-03.mp3	leheamen	Nifal	imperative	3	אתם	הֵאָמְנוּ
3564	8	414	conjugations/leheamen/imperative-04.mp3	leheamen	Nifal	imperative	4	אתן	הֵאָמֵנָּה
3565	8	415	conjugations/leheamen/infinitive-01.mp3	leheamen	Nifal	infinitive	1		לְהֵאָמֵן
3566	8	416	conjugations/leharot/past-01.mp3	leharot	Hifil	past	1	אני	הִרְאֵיתִי
3567	8	417	conjugations/leharot/past-02.mp3	leharot	Hifil	past	2	אתה	הִרְאֵיתָ
3568	8	418	conjugations/leharot/past-03.mp3	leharot	Hifil	past	3	את	הִרְאֵיתְ
3569	8	419	conjugations/leharot/past-04.mp3	leharot	Hifil	past	4	הוא	הִרְאָה
3570	8	420	conjugations/leharot/past-05.mp3	leharot	Hifil	past	5	היא	הִרְאֲתָה
3571	8	421	conjugations/leharot/past-06.mp3	leharot	Hifil	past	6	אנחנו	הִרְאֵינוּ
3572	8	422	conjugations/leharot/past-07.mp3	leharot	Hifil	past	7	אתם	הִרְאֵיתֶם
3573	8	423	conjugations/leharot/past-08.mp3	leharot	Hifil	past	8	אתן	הִרְאֵיתֶן
3574	8	424	conjugations/leharot/past-09.mp3	leharot	Hifil	past	9	הם	הִרְאוּ
3575	8	425	conjugations/leharot/past-10.mp3	leharot	Hifil	past	10	הן	הִרְאוּ
3576	8	426	conjugations/leharot/present-01.mp3	leharot	Hifil	present	1	אני/אתה/הוא	מַרְאֶה
3577	8	427	conjugations/leharot/present-02.mp3	leharot	Hifil	present	2	אני/את/היא	מַרְאָה
3578	8	428	conjugations/leharot/present-03.mp3	leharot	Hifil	present	3	אנחנו/אתם/הם	מַרְאִים
3579	8	429	conjugations/leharot/present-04.mp3	leharot	Hifil	present	4	אנחנו/אתן/הן	מַרְאוֹת
3580	8	430	conjugations/leharot/future-01.mp3	leharot	Hifil	future	1	אני	אַרְאֶה
3581	8	431	conjugations/leharot/future-02.mp3	leharot	Hifil	future	2	אתה	תַּרְאֶה
3582	8	432	conjugations/leharot/future-03.mp3	leharot	Hifil	future	3	את	תַּרְאִי
3583	8	433	conjugations/leharot/future-04.mp3	leharot	Hifil	future	4	הוא	יַרְאֶה
3584	8	434	conjugations/leharot/future-05.mp3	leharot	Hifil	future	5	היא	תַּרְאֶה
3585	8	435	conjugations/leharot/future-06.mp3	leharot	Hifil	future	6	אנחנו	נַרְאֶה
3586	8	436	conjugations/leharot/future-07.mp3	leharot	Hifil	future	7	אתם	תַּרְאוּ
3587	8	437	conjugations/leharot/future-08.mp3	leharot	Hifil	future	8	אתן	תַּרְאֶינָה
3588	8	438	conjugations/leharot/future-09.mp3	leharot	Hifil	future	9	הם	יַרְאוּ
3589	8	439	conjugations/leharot/future-10.mp3	leharot	Hifil	future	10	הן	תַּרְאֶינָה
3590	8	440	conjugations/leharot/imperative-01.mp3	leharot	Hifil	imperative	1	אתה	הַרְאֵה
3591	8	441	conjugations/leharot/imperative-02.mp3	leharot	Hifil	imperative	2	את	הַרְאִי
3592	8	442	conjugations/leharot/imperative-03.mp3	leharot	Hifil	imperative	3	אתם	הַרְאוּ
3593	8	443	conjugations/leharot/imperative-04.mp3	leharot	Hifil	imperative	4	אתן	הַרְאֶינָה
3594	8	444	conjugations/leharot/infinitive-01.mp3	leharot	Hifil	infinitive	1		לְהַרְאוֹת
3595	8	445	conjugations/lehafgish/past-01.mp3	lehafgish	Hifil	past	1	אני	הִפְגַּשְׁתִּי
3596	8	446	conjugations/lehafgish/past-02.mp3	lehafgish	Hifil	past	2	אתה	הִפְגַּשְׁתָּ
3597	8	447	conjugations/lehafgish/past-03.mp3	lehafgish	Hifil	past	3	את	הִפְגַּשְׁתְּ
3598	8	448	conjugations/lehafgish/past-04.mp3	lehafgish	Hifil	past	4	הוא	הִפְגִּישׁ
3599	8	449	conjugations/lehafgish/past-05.mp3	lehafgish	Hifil	past	5	היא	הִפְגִּישָׁה
3600	8	450	conjugations/lehafgish/present-01.mp3	lehafgish	Hifil	present	1	אני/אתה/הוא	מַפְגִּישׁ
3601	9	1	conjugations/lehafgish/present-02.mp3	lehafgish	Hifil	present	2	אני/את/היא	מַפְגִּישָׁה
3602	9	2	conjugations/lehafgish/future-01.mp3	lehafgish	Hifil	future	1	אני	אַפְגִּישׁ
3603	9	3	conjugations/lehafgish/future-02.mp3	lehafgish	Hifil	future	2	אתה	תַּפְגִּישׁ
3604	9	4	conjugations/lehafgish/imperative-01.mp3	lehafgish	Hifil	imperative	1	אתה	הַפְגֵּשׁ
3605	9	5	conjugations/lehafgish/infinitive-01.mp3	lehafgish	Hifil	infinitive	1		לְהַפְגִּישׁ
3606	9	6	conjugations/leshamesh/past-01.mp3	leshamesh	Piel	past	1	אני	שִׁמַּשְׁתִּי
3607	9	7	conjugations/leshamesh/past-02.mp3	leshamesh	Piel	past	2	אתה	שִׁמַּשְׁתָּ
3608	9	8	conjugations/leshamesh/past-03.mp3	leshamesh	Piel	past	3	הוא	שִׁמֵּשׁ
3609	9	9	conjugations/leshamesh/present-01.mp3	leshamesh	Piel	present	1	אני/אתה/הוא	מְשַׁמֵּשׁ
3610	9	10	conjugations/leshamesh/future-01.mp3	leshamesh	Piel	future	1	אני	אֲשַׁמֵּשׁ
3611	9	11	conjugations/leshamesh/imperative-01.mp3	leshamesh	Piel	imperative	1	אתה	שַׁמֵּשׁ
3612	9	12	conjugations/leshamesh/infinitive-01.mp3	leshamesh	Piel	infinitive	1		לְשַׁמֵּשׁ
3613	9	13	conjugations/lehachnis/past-01.mp3	lehachnis	Hifil	past	1	אני	הִכְנַסְתִּי
3614	9	14	conjugations/lehachnis/past-02.mp3	lehachnis	Hifil	past	2	הוא	הִכְנִיס
3615	9	15	conjugations/lehachnis/present-01.mp3	lehachnis	Hifil	present	1	אני/אתה/הוא	מַכְנִיס
3616	9	16	conjugations/lehachnis/future-01.mp3	lehachnis	Hifil	future	1	אני	אַכְנִיס
3617	9	17	conjugations/lehachnis/imperative-01.mp3	lehachnis	Hifil	imperative	1	אתה	הַכְנֵס
3618	9	18	conjugations/lehachnis/infinitive-01.mp3	lehachnis	Hifil	infinitive	1		לְהַכְנִיס
3619	9	19	conjugations/lesader/past-01.mp3	lesader	Piel	past	1	אני	סִדַּרְתִּי
3620	9	20	conjugations/lesader/past-02.mp3	lesader	Piel	past	2	אתה	סִדַּרְתָּ
3621	9	21	conjugations/lesader/past-03.mp3	lesader	Piel	past	3	את	סִדַּרְתְּ
3622	9	22	conjugations/lesader/past-04.mp3	lesader	Piel	past	4	הוא	סִדֵּר
3623	9	23	conjugations/lesader/past-05.mp3	lesader	Piel	past	5	היא	סִדְּרָה
3624	9	24	conjugations/lesader/past-06.mp3	lesader	Piel	past	6	אנחנו	סִדַּרְנוּ
3625	9	25	conjugations/lesader/past-07.mp3	lesader	Piel	past	7	אתם	סִדַּרְתֶּם
3626	9	26	conjugations/lesader/past-08.mp3	lesader	Piel	past	8	אתן	סִדַּרְתֶּן
3627	9	27	conjugations/lesader/past-09.mp3	lesader	Piel	past	9	הם	סִדְּרוּ
3628	9	28	conjugations/lesader/past-10.mp3	lesader	Piel	past	10	הן	סִדְּרוּ
3629	9	29	conjugations/lesader/present-01.mp3	lesader	Piel	present	1	אני/אתה/הוא	מְסַדֵּר
3630	9	30	conjugations/lesader/present-02.mp3	lesader	Piel	present	2	אני/את/היא	מְסַדֶּרֶת
3631	9	31	conjugations/lesader/present-03.mp3	lesader	Piel	present	3	אנחנו/אתם/הם	מְסַדְּרִים
3632	9	32	conjugations/lesader/present-04.mp3	lesader	Piel	present	4	אנחנו/אתן/הן	מְסַדְּרוֹת
3633	9	33	conjugations/lesader/future-01.mp3	lesader	Piel	future	1	אני	אֲסַדֵּר
3634	9	34	conjugations/lesader/future-02.mp3	lesader	Piel	future	2	אתה	תְּסַדֵּר
3635	9	35	conjugations/lesader/future-03.mp3	lesader	Piel	future	3	את	תְּסַדְּרִי
3636	9	36	conjugations/lesader/future-04.mp3	lesader	Piel	future	4	הוא	יְסַדֵּר
3637	9	37	conjugations/lesader/future-05.mp3	lesader	Piel	future	5	היא	תְּסַדֵּר
3638	9	38	conjugations/lesader/future-06.mp3	lesader	Piel	future	6	אנחנו	נְסַדֵּר
3639	9	39	conjugations/lesader/future-07.mp3	lesader	Piel	future	7	אתם	תְּסַדְּרוּ
3640	9	40	conjugations/lesader/future-08.mp3	lesader	Piel	future	8	אתן	תְּסַדֵּרְנָה
3641	9	41	conjugations/lesader/future-09.mp3	lesader	Piel	future	9	הם	יְסַדְּרוּ
3642	9	42	conjugations/lesader/future-10.mp3	lesader	Piel	future	10	הן	תְּסַדֵּרְנָה
3643	9	43	conjugations/lesader/imperative-01.mp3	lesader	Piel	imperative	1	אתה	סַדֵּר
3644	9	44	conjugations/lesader/imperative-02.mp3	lesader	Piel	imperative	2	את	סַדְּרִי
3645	9	45	conjugations/lesader/imperative-03.mp3	lesader	Piel	imperative	3	אתם	סַדְּרוּ
3646	9	46	conjugations/lesader/imperative-04.mp3	lesader	Piel	imperative	4	אתן	סַדֵּרְנָה
3647	9	47	conjugations/lesader/infinitive-01.mp3	lesader	Piel	infinitive	1		לְסַדֵּר
3648	9	48	conjugations/likdom/past-01.mp3	likdom	Paal	past	1	אני	קָדַמְתִּי
3649	9	49	conjugations/likdom/past-02.mp3	likdom	Paal	past	2	אתה	קָדַמְתָּ
3650	9	50	conjugations/likdom/past-03.mp3	likdom	Paal	past	3	את	קָדַמְתְּ
3651	9	51	conjugations/likdom/past-04.mp3	likdom	Paal	past	4	הוא	קָדַם
3652	9	52	conjugations/likdom/past-05.mp3	likdom	Paal	past	5	היא	קָדְמָה
3653	9	53	conjugations/likdom/past-06.mp3	likdom	Paal	past	6	אנחנו	קָדַמְנוּ
3654	9	54	conjugations/likdom/past-07.mp3	likdom	Paal	past	7	אתם	קְדַמְתֶּם
3655	9	55	conjugations/likdom/past-08.mp3	likdom	Paal	past	8	אתן	קְדַמְתֶּן
3656	9	56	conjugations/likdom/past-09.mp3	likdom	Paal	past	9	הם	קָדְמוּ
3657	9	57	conjugations/likdom/past-10.mp3	likdom	Paal	past	10	הן	קָדְמוּ
3658	9	58	conjugations/likdom/present-01.mp3	likdom	Paal	present	1	אני/אתה/הוא	קוֹדֵם
3659	9	59	conjugations/likdom/present-02.mp3	likdom	Paal	present	2	אני/את/היא	קוֹדֶמֶת
3660	9	60	conjugations/likdom/present-03.mp3	likdom	Paal	present	3	אנחנו/אתם/הם	קוֹדְמִים
3661	9	61	conjugations/likdom/present-04.mp3	likdom	Paal	present	4	אנחנו/אתן/הן	קוֹדְמוֹת
3662	9	62	conjugations/likdom/future-01.mp3	likdom	Paal	future	1	אני	אֶקְדֹּם
3663	9	63	conjugations/likdom/future-02.mp3	likdom	Paal	future	2	אתה	תִּקְדֹּם
3664	9	64	conjugations/likdom/future-03.mp3	likdom	Paal	future	3	את	תִּקְדְּמִי
3665	9	65	conjugations/likdom/future-04.mp3	likdom	Paal	future	4	הוא	יִקְדֹּם
3666	9	66	conjugations/likdom/future-05.mp3	likdom	Paal	future	5	היא	תִּקְדֹּם
3667	9	67	conjugations/likdom/future-06.mp3	likdom	Paal	future	6	אנחנו	נִקְדֹּם
3668	9	68	conjugations/likdom/future-07.mp3	likdom	Paal	future	7	אתם	תִּקְדְּמוּ
3669	9	69	conjugations/likdom/future-08.mp3	likdom	Paal	future	8	אתן	תִּקְדֹּמְנָה
3670	9	70	conjugations/likdom/future-09.mp3	likdom	Paal	future	9	הם	יִקְדְּמוּ
3671	9	71	conjugations/likdom/future-10.mp3	likdom	Paal	future	10	הן	תִּקְדֹּמְנָה
3672	9	72	conjugations/likdom/imperative-01.mp3	likdom	Paal	imperative	1	אתה	קְדֹם
3673	9	73	conjugations/likdom/imperative-02.mp3	likdom	Paal	imperative	2	את	קִדְמִי
3674	9	74	conjugations/likdom/imperative-03.mp3	likdom	Paal	imperative	3	אתם	קִדְמוּ
3675	9	75	conjugations/likdom/imperative-04.mp3	likdom	Paal	imperative	4	אתן	קְדֹמְנָה
3676	9	76	conjugations/likdom/infinitive-01.mp3	likdom	Paal	infinitive	1		לִקְדֹּם
3677	9	77	conjugations/pasek/past-01.mp3	pasek	Paal	past	1	אני	פָּסַקְתִּי
3678	9	78	conjugations/pasek/past-02.mp3	pasek	Paal	past	2	אתה	פָּסַקְתָּ
3679	9	79	conjugations/pasek/past-03.mp3	pasek	Paal	past	3	את	פָּסַקְתְּ
3680	9	80	conjugations/pasek/past-04.mp3	pasek	Paal	past	4	הוא	פָּסַק
3681	9	81	conjugations/pasek/past-05.mp3	pasek	Paal	past	5	היא	פָּסְקָה
3682	9	82	conjugations/pasek/past-06.mp3	pasek	Paal	past	6	אנחנו	פָּסַקְנוּ
3683	9	83	conjugations/pasek/past-07.mp3	pasek	Paal	past	7	אתם	פְּסַקְתֶּם
3684	9	84	conjugations/pasek/past-08.mp3	pasek	Paal	past	8	אתן	פְּסַקְתֶּן
3685	9	85	conjugations/pasek/past-09.mp3	pasek	Paal	past	9	הם	פָּסְקוּ
3686	9	86	conjugations/pasek/past-10.mp3	pasek	Paal	past	10	הן	פָּסְקוּ
3687	9	87	conjugations/pasek/present-01.mp3	pasek	Paal	present	1	אני	פּוֹסֵק
3688	9	88	conjugations/pasek/present-02.mp3	pasek	Paal	present	2	אני	פּוֹסֶקֶת
3689	9	89	conjugations/pasek/present-03.mp3	pasek	Paal	present	3	אתה	פּוֹסֵק
3690	9	90	conjugations/pasek/present-04.mp3	pasek	Paal	present	4	את	פּוֹסֶקֶת
3691	9	91	conjugations/pasek/present-05.mp3	pasek	Paal	present	5	הוא	פּוֹסֵק
3692	9	92	conjugations/pasek/present-06.mp3	pasek	Paal	present	6	היא	פּוֹסֶקֶת
3693	9	93	conjugations/pasek/present-07.mp3	pasek	Paal	present	7	אנחנו	פּוֹסְקִים
3694	9	94	conjugations/pasek/present-08.mp3	pasek	Paal	present	8	אנחנו	פּוֹסְקוֹת
3695	9	95	conjugations/pasek/present-09.mp3	pasek	Paal	present	9	אתם	פּוֹסְקִים
3696	9	96	conjugations/pasek/present-10.mp3	pasek	Paal	present	10	אתן	פּוֹסְקוֹת
3697	9	97	conjugations/pasek/present-11.mp3	pasek	Paal	present	11	הם	פּוֹסְקִים
3698	9	98	conjugations/pasek/present-12.mp3	pasek	Paal	present	12	הן	פּוֹסְקוֹת
3699	9	99	conjugations/pasek/future-01.mp3	pasek	Paal	future	1	אני	אֶפְסֹק
3700	9	100	conjugations/pasek/future-02.mp3	pasek	Paal	future	2	אתה	תִּפְסֹק
3701	9	101	conjugations/pasek/future-03.mp3	pasek	Paal	future	3	את	תִּפְסְקִי
3702	9	102	conjugations/pasek/future-04.mp3	pasek	Paal	future	4	הוא	יִפְסֹק
3703	9	103	conjugations/pasek/future-05.mp3	pasek	Paal	future	5	היא	תִּפְסֹק
3704	9	104	conjugations/pasek/future-06.mp3	pasek	Paal	future	6	אנחנו	נִפְסֹק
3705	9	105	conjugations/pasek/future-07.mp3	pasek	Paal	future	7	אתם	תִּפְסְקוּ
3706	9	106	conjugations/pasek/future-08.mp3	pasek	Paal	future	8	אתן	תִּפְסֹקְנָה
3707	9	107	conjugations/pasek/future-09.mp3	pasek	Paal	future	9	הם	יִפְסְקוּ
3708	9	108	conjugations/pasek/future-10.mp3	pasek	Paal	future	10	הן	תִּפְסֹקְנָה
3709	9	109	conjugations/pasek/imperative-01.mp3	pasek	Paal	imperative	1	אתה	פְּסֹק
3710	9	110	conjugations/pasek/imperative-02.mp3	pasek	Paal	imperative	2	את	פִּסְקִי
3711	9	111	conjugations/pasek/imperative-03.mp3	pasek	Paal	imperative	3	אתם	פִּסְקוּ
3712	9	112	conjugations/pasek/imperative-04.mp3	pasek	Paal	imperative	4	אתן	פְּסֹקְנָה
3713	9	113	conjugations/pasek/infinitive-01.mp3	pasek	Paal	infinitive	1		לִפְסֹק
3714	9	114	conjugations/kashar/past-01.mp3	kashar	Paal	past	1	אני	קָשַׁרְתִּי
3715	9	115	conjugations/kashar/past-02.mp3	kashar	Paal	past	2	אתה	קָשַׁרְתָּ
3716	9	116	conjugations/kashar/past-03.mp3	kashar	Paal	past	3	את	קָשַׁרְתְּ
3717	9	117	conjugations/kashar/past-04.mp3	kashar	Paal	past	4	הוא	קָשַׁר
3718	9	118	conjugations/kashar/past-05.mp3	kashar	Paal	past	5	היא	קָשְׁרָה
3719	9	119	conjugations/kashar/past-06.mp3	kashar	Paal	past	6	אנחנו	קָשַׁרְנוּ
3720	9	120	conjugations/kashar/past-07.mp3	kashar	Paal	past	7	אתם	קְשַׁרְתֶּם
3721	9	121	conjugations/kashar/past-08.mp3	kashar	Paal	past	8	אתן	קְשַׁרְתֶּן
3722	9	122	conjugations/kashar/past-09.mp3	kashar	Paal	past	9	הם	קָשְׁרוּ
3723	9	123	conjugations/kashar/past-10.mp3	kashar	Paal	past	10	הן	קָשְׁרוּ
3724	9	124	conjugations/kashar/present-01.mp3	kashar	Paal	present	1	אני	קוֹשֵׁר
3725	9	125	conjugations/kashar/present-02.mp3	kashar	Paal	present	2	אני	קוֹשֶׁרֶת
3726	9	126	conjugations/kashar/present-03.mp3	kashar	Paal	present	3	אתה	קוֹשֵׁר
3727	9	127	conjugations/kashar/present-04.mp3	kashar	Paal	present	4	את	קוֹשֶׁרֶת
3728	9	128	conjugations/kashar/present-05.mp3	kashar	Paal	present	5	הוא	קוֹשֵׁר
3729	9	129	conjugations/kashar/present-06.mp3	kashar	Paal	present	6	היא	קוֹשֶׁרֶת
3730	9	130	conjugations/kashar/present-07.mp3	kashar	Paal	present	7	אנחנו	קוֹשְׁרִים
3731	9	131	conjugations/kashar/present-08.mp3	kashar	Paal	present	8	אנחנו	קוֹשְׁרוֹת
3732	9	132	conjugations/kashar/present-09.mp3	kashar	Paal	present	9	אתם	קוֹשְׁרִים
3733	9	133	conjugations/kashar/present-10.mp3	kashar	Paal	present	10	אתן	קוֹשְׁרוֹת
3734	9	134	conjugations/kashar/present-11.mp3	kashar	Paal	present	11	הם	קוֹשְׁרִים
3735	9	135	conjugations/kashar/present-12.mp3	kashar	Paal	present	12	הן	קוֹשְׁרוֹת
3736	9	136	conjugations/kashar/future-01.mp3	kashar	Paal	future	1	אני	אֶקְשֹׁר
3737	9	137	conjugations/kashar/future-02.mp3	kashar	Paal	future	2	אתה	תִּקְשֹׁר
3738	9	138	conjugations/kashar/future-03.mp3	kashar	Paal	future	3	את	תִּקְשְׁרִי
3739	9	139	conjugations/kashar/future-04.mp3	kashar	Paal	future	4	הוא	יִקְשֹׁר
3740	9	140	conjugations/kashar/future-05.mp3	kashar	Paal	future	5	היא	תִּקְשֹׁר
3741	9	141	conjugations/kashar/future-06.mp3	kashar	Paal	future	6	אנחנו	נִקְשֹׁר
3742	9	142	conjugations/kashar/future-07.mp3	kashar	Paal	future	7	אתם	תִּקְשְׁרוּ
3743	9	143	conjugations/kashar/future-08.mp3	kashar	Paal	future	8	אתן	תִּקְשֹׁרְנָה
3744	9	144	conjugations/kashar/future-09.mp3	kashar	Paal	future	9	הם	יִקְשְׁרוּ
3745	9	145	conjugations/kashar/future-10.mp3	kashar	Paal	future	10	הן	תִּקְשֹׁרְנָה
3746	9	146	conjugations/kashar/imperative-01.mp3	kashar	Paal	imperative	1	אתה	קְשֹׁר
3747	9	147	conjugations/kashar/imperative-02.mp3	kashar	Paal	imperative	2	את	קִשְׁרִי
3748	9	148	conjugations/kashar/imperative-03.mp3	kashar	Paal	imperative	3	אתם	קִשְׁרוּ
3749	9	149	conjugations/kashar/imperative-04.mp3	kashar	Paal	imperative	4	אתן	קְשֹׁרְנָה
3750	9	150	conjugations/kashar/infinitive-01.mp3	kashar	Paal	infinitive	1		לִקְשֹׁר
3751	9	151	conjugations/liglot/past-01.mp3	liglot	Paal	past	1	אני	גָּלִיתִי
3752	9	152	conjugations/liglot/past-02.mp3	liglot	Paal	past	2	אתה	גָּלִיתָ
3753	9	153	conjugations/liglot/past-03.mp3	liglot	Paal	past	3	את	גָּלִית
3754	9	154	conjugations/liglot/past-04.mp3	liglot	Paal	past	4	הוא	גָּלָה
3755	9	155	conjugations/liglot/past-05.mp3	liglot	Paal	past	5	היא	גָּלְתָה
3756	9	156	conjugations/liglot/past-06.mp3	liglot	Paal	past	6	אנחנו	גָּלִינוּ
3757	9	157	conjugations/liglot/past-07.mp3	liglot	Paal	past	7	אתם	גְּלִיתֶם
3758	9	158	conjugations/liglot/past-08.mp3	liglot	Paal	past	8	אתן	גְּלִיתֶן
3759	9	159	conjugations/liglot/past-09.mp3	liglot	Paal	past	9	הם	גָּלוּ
3760	9	160	conjugations/liglot/past-10.mp3	liglot	Paal	past	10	הן	גָּלוּ
3761	9	161	conjugations/liglot/present-01.mp3	liglot	Paal	present	1	אני/אתה/הוא	גּוֹלֶה
3762	9	162	conjugations/liglot/present-02.mp3	liglot	Paal	present	2	אני/את/היא	גּוֹלָה
3763	9	163	conjugations/liglot/present-03.mp3	liglot	Paal	present	3	אנחנו/אתם/הם	גּוֹלִים
3764	9	164	conjugations/liglot/present-04.mp3	liglot	Paal	present	4	אנחנו/אתן/הן	גּוֹלוֹת
3765	9	165	conjugations/liglot/future-01.mp3	liglot	Paal	future	1	אני	אֶגְלֶה
3766	9	166	conjugations/liglot/future-02.mp3	liglot	Paal	future	2	אתה	תִּגְלֶה
3767	9	167	conjugations/liglot/future-03.mp3	liglot	Paal	future	3	את	תִּגְלִי
3768	9	168	conjugations/liglot/future-04.mp3	liglot	Paal	future	4	הוא	יִגְלֶה
3769	9	169	conjugations/liglot/future-05.mp3	liglot	Paal	future	5	היא	תִּגְלֶה
3770	9	170	conjugations/liglot/future-06.mp3	liglot	Paal	future	6	אנחנו	נִגְלֶה
3771	9	171	conjugations/liglot/future-07.mp3	liglot	Paal	future	7	אתם	תִּגְלוּ
3772	9	172	conjugations/liglot/future-08.mp3	liglot	Paal	future	8	אתן	תִּגְלֶינָה
3773	9	173	conjugations/liglot/future-09.mp3	liglot	Paal	future	9	הם	יִגְלוּ
3774	9	174	conjugations/liglot/future-10.mp3	liglot	Paal	future	10	הן	תִּגְלֶינָה
3775	9	175	conjugations/liglot/imperative-01.mp3	liglot	Paal	imperative	1	אתה	גְּלֵה
3776	9	176	conjugations/liglot/imperative-02.mp3	liglot	Paal	imperative	2	את	גְּלִי
3777	9	177	conjugations/liglot/imperative-03.mp3	liglot	Paal	imperative	3	אתם	גְּלוּ
3778	9	178	conjugations/liglot/imperative-04.mp3	liglot	Paal	imperative	4	אתן	גְּלֶינָה
3779	9	179	conjugations/liglot/infinitive-01.mp3	liglot	Paal	infinitive	1		לִגְלוֹת
3780	9	180	conjugations/lehazkir/past-01.mp3	lehazkir	Hifil	past	1	אני	הִזְכַּרְתִּי
3781	9	181	conjugations/lehazkir/past-02.mp3	lehazkir	Hifil	past	2	אתה	הִזְכַּרְתָּ
3782	9	182	conjugations/lehazkir/past-03.mp3	lehazkir	Hifil	past	3	את	הִזְכַּרְתְּ
3783	9	183	conjugations/lehazkir/past-04.mp3	lehazkir	Hifil	past	4	הוא	הִזְכִּיר
3784	9	184	conjugations/lehazkir/past-05.mp3	lehazkir	Hifil	past	5	היא	הִזְכִּירָה
3785	9	185	conjugations/lehazkir/past-06.mp3	lehazkir	Hifil	past	6	אנחנו	הִזְכַּרְנוּ
3786	9	186	conjugations/lehazkir/past-07.mp3	lehazkir	Hifil	past	7	אתם	הִזְכַּרְתֶּם
3787	9	187	conjugations/lehazkir/past-08.mp3	lehazkir	Hifil	past	8	אתן	הִזְכַּרְתֶּן
3788	9	188	conjugations/lehazkir/past-09.mp3	lehazkir	Hifil	past	9	הם	הִזְכִּירוּ
3789	9	189	conjugations/lehazkir/past-10.mp3	lehazkir	Hifil	past	10	הן	הִזְכִּירוּ
3790	9	190	conjugations/lehazkir/present-01.mp3	lehazkir	Hifil	present	1	אני/אתה/הוא	מַזְכִּיר
3791	9	191	conjugations/lehazkir/present-02.mp3	lehazkir	Hifil	present	2	אני/את/היא	מַזְכִּירָה
3792	9	192	conjugations/lehazkir/present-03.mp3	lehazkir	Hifil	present	3	אנחנו/אתם/הם	מַזְכִּירִים
3793	9	193	conjugations/lehazkir/present-04.mp3	lehazkir	Hifil	present	4	אנחנו/אתן/הן	מַזְכִּירוֹת
3794	9	194	conjugations/lehazkir/future-01.mp3	lehazkir	Hifil	future	1	אני	אַזְכִּיר
3795	9	195	conjugations/lehazkir/future-02.mp3	lehazkir	Hifil	future	2	אתה	תַּזְכִּיר
3796	9	196	conjugations/lehazkir/future-03.mp3	lehazkir	Hifil	future	3	את	תַּזְכִּירִי
3797	9	197	conjugations/lehazkir/future-04.mp3	lehazkir	Hifil	future	4	הוא	יַזְכִּיר
3798	9	198	conjugations/lehazkir/future-05.mp3	lehazkir	Hifil	future	5	היא	תַּזְכִּיר
3799	9	199	conjugations/lehazkir/future-06.mp3	lehazkir	Hifil	future	6	אנחנו	נַזְכִּיר
3800	9	200	conjugations/lehazkir/future-07.mp3	lehazkir	Hifil	future	7	אתם	תַּזְכִּירוּ
3801	9	201	conjugations/lehazkir/future-08.mp3	lehazkir	Hifil	future	8	אתן	תַּזְכֵּרְנָה
3802	9	202	conjugations/lehazkir/future-09.mp3	lehazkir	Hifil	future	9	הם	יַזְכִּירוּ
3803	9	203	conjugations/lehazkir/future-10.mp3	lehazkir	Hifil	future	10	הן	תַּזְכֵּרְנָה
3804	9	204	conjugations/lehazkir/imperative-01.mp3	lehazkir	Hifil	imperative	1	אתה	הַזְכֵּר
3805	9	205	conjugations/lehazkir/imperative-02.mp3	lehazkir	Hifil	imperative	2	את	הַזְכִּירִי
3806	9	206	conjugations/lehazkir/imperative-03.mp3	lehazkir	Hifil	imperative	3	אתם	הַזְכִּירוּ
3807	9	207	conjugations/lehazkir/imperative-04.mp3	lehazkir	Hifil	imperative	4	אתן	הַזְכֵּרְנָה
3808	9	208	conjugations/lehazkir/infinitive-01.mp3	lehazkir	Hifil	infinitive	1		לְהַזְכִּיר
3809	9	209	conjugations/lehoshev-hifil/past-01.mp3	lehoshev_hifil	Hifil	past	1	אני	הוֹשַׁבְתִּי
3810	9	210	conjugations/lehoshev-hifil/past-02.mp3	lehoshev_hifil	Hifil	past	2	אתה	הוֹשַׁבְתָּ
3811	9	211	conjugations/lehoshev-hifil/past-03.mp3	lehoshev_hifil	Hifil	past	3	את	הוֹשַׁבְתְּ
3812	9	212	conjugations/lehoshev-hifil/past-04.mp3	lehoshev_hifil	Hifil	past	4	הוא	הוֹשִׁיב
3813	9	213	conjugations/lehoshev-hifil/past-05.mp3	lehoshev_hifil	Hifil	past	5	היא	הוֹשִׁיבָה
3814	9	214	conjugations/lehoshev-hifil/past-06.mp3	lehoshev_hifil	Hifil	past	6	אנחנו	הוֹשַׁבְנוּ
3815	9	215	conjugations/lehoshev-hifil/past-07.mp3	lehoshev_hifil	Hifil	past	7	אתם	הוֹשַׁבְתֶּם
3816	9	216	conjugations/lehoshev-hifil/past-08.mp3	lehoshev_hifil	Hifil	past	8	אתן	הוֹשַׁבְתֶּן
3817	9	217	conjugations/lehoshev-hifil/past-09.mp3	lehoshev_hifil	Hifil	past	9	הם	הוֹשִׁיבוּ
3818	9	218	conjugations/lehoshev-hifil/past-10.mp3	lehoshev_hifil	Hifil	past	10	הן	הוֹשִׁיבוּ
3819	9	219	conjugations/lehoshev-hifil/present-01.mp3	lehoshev_hifil	Hifil	present	1	אני/אתה/הוא	מֵשִׁיב
3820	9	220	conjugations/lehoshev-hifil/present-02.mp3	lehoshev_hifil	Hifil	present	2	אני/את/היא	מֵשִׁיבָה
3821	9	221	conjugations/lehoshev-hifil/present-03.mp3	lehoshev_hifil	Hifil	present	3	אנחנו/אתם/הם	מֵשִׁיבִים
3822	9	222	conjugations/lehoshev-hifil/present-04.mp3	lehoshev_hifil	Hifil	present	4	אנחנו/אתן/הן	מֵשִׁיבוֹת
3823	9	223	conjugations/lehoshev-hifil/future-01.mp3	lehoshev_hifil	Hifil	future	1	אני	אוֹשִׁיב
3824	9	224	conjugations/lehoshev-hifil/future-02.mp3	lehoshev_hifil	Hifil	future	2	אתה	תּוֹשִׁיב
3825	9	225	conjugations/lehoshev-hifil/future-03.mp3	lehoshev_hifil	Hifil	future	3	את	תּוֹשִׁיבִי
3826	9	226	conjugations/lehoshev-hifil/future-04.mp3	lehoshev_hifil	Hifil	future	4	הוא	יּוֹשִׁיב
3827	9	227	conjugations/lehoshev-hifil/future-05.mp3	lehoshev_hifil	Hifil	future	5	היא	תּוֹשִׁיב
3828	9	228	conjugations/lehoshev-hifil/future-06.mp3	lehoshev_hifil	Hifil	future	6	אנחנו	נוֹשִׁיב
3829	9	229	conjugations/lehoshev-hifil/future-07.mp3	lehoshev_hifil	Hifil	future	7	אתם	תּוֹשִׁיבוּ
3830	9	230	conjugations/lehoshev-hifil/future-08.mp3	lehoshev_hifil	Hifil	future	8	אתן	תּוֹשֵׁבְנָה
3831	9	231	conjugations/lehoshev-hifil/future-09.mp3	lehoshev_hifil	Hifil	future	9	הם	יּוֹשִׁיבוּ
3832	9	232	conjugations/lehoshev-hifil/future-10.mp3	lehoshev_hifil	Hifil	future	10	הן	תּוֹשֵׁבְנָה
3833	9	233	conjugations/lehoshev-hifil/imperative-01.mp3	lehoshev_hifil	Hifil	imperative	1	אתה	הוֹשֵׁב
3834	9	234	conjugations/lehoshev-hifil/imperative-02.mp3	lehoshev_hifil	Hifil	imperative	2	את	הוֹשִׁיבִי
3835	9	235	conjugations/lehoshev-hifil/imperative-03.mp3	lehoshev_hifil	Hifil	imperative	3	אתם	הוֹשִׁיבוּ
3836	9	236	conjugations/lehoshev-hifil/imperative-04.mp3	lehoshev_hifil	Hifil	imperative	4	אתן	הוֹשֵׁבְנָה
3837	9	237	conjugations/lehoshev-hifil/infinitive-01.mp3	lehoshev_hifil	Hifil	infinitive	1		לְהוֹשִׁיב
3838	9	238	conjugations/leha-amid/past-01.mp3	leha'amid	Hifil	past	1	אני	הֶעֱמַדְתִּי
3839	9	239	conjugations/leha-amid/past-02.mp3	leha'amid	Hifil	past	2	אתה	הֶעֱמַדְתָּ
3840	9	240	conjugations/leha-amid/past-03.mp3	leha'amid	Hifil	past	3	את	הֶעֱמַדְתְּ
3841	9	241	conjugations/leha-amid/past-04.mp3	leha'amid	Hifil	past	4	הוא	הֶעֱמִיד
3842	9	242	conjugations/leha-amid/past-05.mp3	leha'amid	Hifil	past	5	היא	הֶעֱמִידָה
3843	9	243	conjugations/leha-amid/past-06.mp3	leha'amid	Hifil	past	6	אנחנו	הֶעֱמַדְנוּ
3844	9	244	conjugations/leha-amid/past-07.mp3	leha'amid	Hifil	past	7	אתם	הֶעֱמַדְתֶּם
3845	9	245	conjugations/leha-amid/past-08.mp3	leha'amid	Hifil	past	8	אתן	הֶעֱמַדְתֶּן
3846	9	246	conjugations/leha-amid/past-09.mp3	leha'amid	Hifil	past	9	הם	הֶעֱמִידוּ
3847	9	247	conjugations/leha-amid/past-10.mp3	leha'amid	Hifil	past	10	הן	הֶעֱמִידוּ
3848	9	248	conjugations/leha-amid/present-01.mp3	leha'amid	Hifil	present	1	אני/אתה/הוא	מַעֲמִיד
3849	9	249	conjugations/leha-amid/present-02.mp3	leha'amid	Hifil	present	2	אני/את/היא	מַעֲמִידָה
3850	9	250	conjugations/leha-amid/present-03.mp3	leha'amid	Hifil	present	3	אנחנו/אתם/הם	מַעֲמִידִים
3851	9	251	conjugations/leha-amid/present-04.mp3	leha'amid	Hifil	present	4	אנחנו/אתן/הן	מַעֲמִידוֹת
3852	9	252	conjugations/leha-amid/future-01.mp3	leha'amid	Hifil	future	1	אני	אַעֲמִיד
3853	9	253	conjugations/leha-amid/future-02.mp3	leha'amid	Hifil	future	2	אתה	תַּעֲמִיד
3854	9	254	conjugations/leha-amid/future-03.mp3	leha'amid	Hifil	future	3	את	תַּעֲמִידִי
3855	9	255	conjugations/leha-amid/future-04.mp3	leha'amid	Hifil	future	4	הוא	יַעֲמִיד
3856	9	256	conjugations/leha-amid/future-05.mp3	leha'amid	Hifil	future	5	היא	תַּעֲמִיד
3857	9	257	conjugations/leha-amid/future-06.mp3	leha'amid	Hifil	future	6	אנחנו	נַעֲמִיד
3858	9	258	conjugations/leha-amid/future-07.mp3	leha'amid	Hifil	future	7	אתם	תַּעֲמִידוּ
3859	9	259	conjugations/leha-amid/future-08.mp3	leha'amid	Hifil	future	8	אתן	תַּעֲמֵדְנָה
3860	9	260	conjugations/leha-amid/future-09.mp3	leha'amid	Hifil	future	9	הם	יַעֲמִידוּ
3861	9	261	conjugations/leha-amid/future-10.mp3	leha'amid	Hifil	future	10	הן	תַּעֲמֵדְנָה
3862	9	262	conjugations/leha-amid/imperative-01.mp3	leha'amid	Hifil	imperative	1	אתה	הַעֲמֵד
3863	9	263	conjugations/leha-amid/imperative-02.mp3	leha'amid	Hifil	imperative	2	את	הַעֲמִידִי
3864	9	264	conjugations/leha-amid/imperative-03.mp3	leha'amid	Hifil	imperative	3	אתם	הַעֲמִידוּ
3865	9	265	conjugations/leha-amid/imperative-04.mp3	leha'amid	Hifil	imperative	4	אתן	הַעֲמֵדְנָה
3866	9	266	conjugations/leha-amid/infinitive-01.mp3	leha'amid	Hifil	infinitive	1		לְהַעֲמִיד
3867	9	267	conjugations/lepateach/past-01.mp3	lepateach	Piel	past	1	אני	פִּתַּחְתִּי
3868	9	268	conjugations/lepateach/past-02.mp3	lepateach	Piel	past	2	אתה	פִּתַּחְתָּ
3869	9	269	conjugations/lepateach/past-03.mp3	lepateach	Piel	past	3	את	פִּתַּחְתְּ
3870	9	270	conjugations/lepateach/past-04.mp3	lepateach	Piel	past	4	הוא	פִּתֵּחַ
3871	9	271	conjugations/lepateach/past-05.mp3	lepateach	Piel	past	5	היא	פִּתְּחָה
3872	9	272	conjugations/lepateach/past-06.mp3	lepateach	Piel	past	6	אנחנו	פִּתַּחְנוּ
3873	9	273	conjugations/lepateach/past-07.mp3	lepateach	Piel	past	7	אתם	פִּתַּחְתֶּם
3874	9	274	conjugations/lepateach/past-08.mp3	lepateach	Piel	past	8	אתן	פִּתַּחְתֶּן
3875	9	275	conjugations/lepateach/past-09.mp3	lepateach	Piel	past	9	הם	פִּתְּחוּ
3876	9	276	conjugations/lepateach/past-10.mp3	lepateach	Piel	past	10	הן	פִּתְּחוּ
3877	9	277	conjugations/lepateach/present-01.mp3	lepateach	Piel	present	1	אני/אתה/הוא	מְפַתֵּחַ
3878	9	278	conjugations/lepateach/present-02.mp3	lepateach	Piel	present	2	אני/את/היא	מְפַתַּחַת
3879	9	279	conjugations/lepateach/present-03.mp3	lepateach	Piel	present	3	אנחנו/אתם/הם	מְפַתְּחִים
3880	9	280	conjugations/lepateach/present-04.mp3	lepateach	Piel	present	4	אנחנו/אתן/הן	מְפַתְּחוֹת
3881	9	281	conjugations/lepateach/future-01.mp3	lepateach	Piel	future	1	אני	אֲפַתֵּחַ
3882	9	282	conjugations/lepateach/future-02.mp3	lepateach	Piel	future	2	אתה	תְּפַתֵּחַ
3883	9	283	conjugations/lepateach/future-03.mp3	lepateach	Piel	future	3	את	תְּפַתְּחִי
3884	9	284	conjugations/lepateach/future-04.mp3	lepateach	Piel	future	4	הוא	יְפַתֵּחַ
3885	9	285	conjugations/lepateach/future-05.mp3	lepateach	Piel	future	5	היא	תְּפַתֵּחַ
3886	9	286	conjugations/lepateach/future-06.mp3	lepateach	Piel	future	6	אנחנו	נְפַתֵּחַ
3887	9	287	conjugations/lepateach/future-07.mp3	lepateach	Piel	future	7	אתם	תְּפַתְּחוּ
3888	9	288	conjugations/lepateach/future-08.mp3	lepateach	Piel	future	8	אתן	תְּפַתֵּחְנָה
3889	9	289	conjugations/lepateach/future-09.mp3	lepateach	Piel	future	9	הם	יְפַתְּחוּ
3890	9	290	conjugations/lepateach/future-10.mp3	lepateach	Piel	future	10	הן	תְּפַתֵּחְנָה
3891	9	291	conjugations/lepateach/imperative-01.mp3	lepateach	Piel	imperative	1	אתה	פַּתֵּחַ
3892	9	292	conjugations/lepateach/imperative-02.mp3	lepateach	Piel	imperative	2	את	פַּתְּחִי
3893	9	293	conjugations/lepateach/imperative-03.mp3	lepateach	Piel	imperative	3	אתם	פַּתְּחוּ
3894	9	294	conjugations/lepateach/imperative-04.mp3	lepateach	Piel	imperative	4	אתן	פַּתֵּחְנָה
3895	9	295	conjugations/lepateach/infinitive-01.mp3	lepateach	Piel	infinitive	1		לְפַתֵּחַ
3896	9	296	conjugations/leha-alot/past-01.mp3	leha'alot	Hifil	past	1	אני	הֶעֱלֵיתִי
3897	9	297	conjugations/leha-alot/past-02.mp3	leha'alot	Hifil	past	2	אתה	הֶעֱלֵיתָ
3898	9	298	conjugations/leha-alot/past-03.mp3	leha'alot	Hifil	past	3	את	הֶעֱלֵיתְ
3899	9	299	conjugations/leha-alot/past-04.mp3	leha'alot	Hifil	past	4	הוא	הֶעֱלָה
3900	9	300	conjugations/leha-alot/past-05.mp3	leha'alot	Hifil	past	5	היא	הֶעֱלָתָה
3901	9	301	conjugations/leha-alot/past-06.mp3	leha'alot	Hifil	past	6	אנחנו	הֶעֱלֵינוּ
3902	9	302	conjugations/leha-alot/past-07.mp3	leha'alot	Hifil	past	7	אתם	הֶעֱלֵיתֶם
3903	9	303	conjugations/leha-alot/past-08.mp3	leha'alot	Hifil	past	8	אתן	הֶעֱלֵיתֶן
3904	9	304	conjugations/leha-alot/past-09.mp3	leha'alot	Hifil	past	9	הם	הֶעֱלוּ
3905	9	305	conjugations/leha-alot/past-10.mp3	leha'alot	Hifil	past	10	הן	הֶעֱלוּ
3906	9	306	conjugations/leha-alot/present-01.mp3	leha'alot	Hifil	present	1	אני/אתה/הוא	מַעֲלֶה
3907	9	307	conjugations/leha-alot/present-02.mp3	leha'alot	Hifil	present	2	אני/את/היא	מַעֲלָה
3908	9	308	conjugations/leha-alot/present-03.mp3	leha'alot	Hifil	present	3	אנחנו/אתם/הם	מַעֲלִים
3909	9	309	conjugations/leha-alot/present-04.mp3	leha'alot	Hifil	present	4	אנחנו/אתן/הן	מַעֲלוֹת
3910	9	310	conjugations/leha-alot/future-01.mp3	leha'alot	Hifil	future	1	אני	אַעֲלֶה
3911	9	311	conjugations/leha-alot/future-02.mp3	leha'alot	Hifil	future	2	אתה	תַּעֲלֶה
3912	9	312	conjugations/leha-alot/future-03.mp3	leha'alot	Hifil	future	3	את	תַּעֲלִי
3913	9	313	conjugations/leha-alot/future-04.mp3	leha'alot	Hifil	future	4	הוא	יַעֲלֶה
3914	9	314	conjugations/leha-alot/future-05.mp3	leha'alot	Hifil	future	5	היא	תַּעֲלֶה
3915	9	315	conjugations/leha-alot/future-06.mp3	leha'alot	Hifil	future	6	אנחנו	נַעֲלֶה
3916	9	316	conjugations/leha-alot/future-07.mp3	leha'alot	Hifil	future	7	אתם	תַּעֲלוּ
3917	9	317	conjugations/leha-alot/future-08.mp3	leha'alot	Hifil	future	8	אתן	תַּעֲלֶינָה
3918	9	318	conjugations/leha-alot/future-09.mp3	leha'alot	Hifil	future	9	הם	יַעֲלוּ
3919	9	319	conjugations/leha-alot/future-10.mp3	leha'alot	Hifil	future	10	הן	תַּעֲלֶינָה
3920	9	320	conjugations/leha-alot/imperative-01.mp3	leha'alot	Hifil	imperative	1	אתה	הַעֲלֵה
3921	9	321	conjugations/leha-alot/imperative-02.mp3	leha'alot	Hifil	imperative	2	את	הַעֲלִי
3922	9	322	conjugations/leha-alot/imperative-03.mp3	leha'alot	Hifil	imperative	3	אתם	הַעֲלוּ
3923	9	323	conjugations/leha-alot/imperative-04.mp3	leha'alot	Hifil	imperative	4	אתן	הַעֲלֶינָה
3924	9	324	conjugations/leha-alot/infinitive-01.mp3	leha'alot	Hifil	infinitive	1		לְהַעֲלוֹת
3925	9	325	conjugations/lehafil/past-01.mp3	lehafil	Hifil	past	1	אני	הִפַּלְתִּי
3926	9	326	conjugations/lehafil/past-02.mp3	lehafil	Hifil	past	2	אתה	הִפַּלְתָּ
3927	9	327	conjugations/lehafil/past-03.mp3	lehafil	Hifil	past	3	את	הִפַּלְתְּ
3928	9	328	conjugations/lehafil/past-04.mp3	lehafil	Hifil	past	4	הוא	הִפִּיל
3929	9	329	conjugations/lehafil/past-05.mp3	lehafil	Hifil	past	5	היא	הִפִּילָה
3930	9	330	conjugations/lehafil/past-06.mp3	lehafil	Hifil	past	6	אנחנו	הִפַּלְנוּ
3931	9	331	conjugations/lehafil/past-07.mp3	lehafil	Hifil	past	7	אתם	הִפַּלְתֶּם
3932	9	332	conjugations/lehafil/past-08.mp3	lehafil	Hifil	past	8	אתן	הִפַּלְתֶּן
3933	9	333	conjugations/lehafil/past-09.mp3	lehafil	Hifil	past	9	הם	הִפִּילוּ
3934	9	334	conjugations/lehafil/past-10.mp3	lehafil	Hifil	past	10	הן	הִפִּילוּ
3935	9	335	conjugations/lehafil/present-01.mp3	lehafil	Hifil	present	1	אני/אתה/הוא	מַפִּיל
3936	9	336	conjugations/lehafil/present-02.mp3	lehafil	Hifil	present	2	אני/את/היא	מַפִּילָה
3937	9	337	conjugations/lehafil/present-03.mp3	lehafil	Hifil	present	3	אנחנו/אתם/הם	מַפִּילִים
3938	9	338	conjugations/lehafil/present-04.mp3	lehafil	Hifil	present	4	אנחנו/אתן/הן	מַפִּילוֹת
3939	9	339	conjugations/lehafil/future-01.mp3	lehafil	Hifil	future	1	אני	אַפִּיל
3940	9	340	conjugations/lehafil/future-02.mp3	lehafil	Hifil	future	2	אתה	תַּפִּיל
3941	9	341	conjugations/lehafil/future-03.mp3	lehafil	Hifil	future	3	את	תַּפִּילִי
3942	9	342	conjugations/lehafil/future-04.mp3	lehafil	Hifil	future	4	הוא	יַפִּיל
3943	9	343	conjugations/lehafil/future-05.mp3	lehafil	Hifil	future	5	היא	תַּפִּיל
3944	9	344	conjugations/lehafil/future-06.mp3	lehafil	Hifil	future	6	אנחנו	נַפִּיל
3945	9	345	conjugations/lehafil/future-07.mp3	lehafil	Hifil	future	7	אתם	תַּפִּילוּ
3946	9	346	conjugations/lehafil/future-08.mp3	lehafil	Hifil	future	8	אתן	תַּפֵּלְנָה
3947	9	347	conjugations/lehafil/future-09.mp3	lehafil	Hifil	future	9	הם	יַפִּילוּ
3948	9	348	conjugations/lehafil/future-10.mp3	lehafil	Hifil	future	10	הן	תַּפֵּלְנָה
3949	9	349	conjugations/lehafil/imperative-01.mp3	lehafil	Hifil	imperative	1	אתה	הַפֵּל
3950	9	350	conjugations/lehafil/imperative-02.mp3	lehafil	Hifil	imperative	2	את	הַפִּילִי
3951	9	351	conjugations/lehafil/imperative-03.mp3	lehafil	Hifil	imperative	3	אתם	הַפִּילוּ
3952	9	352	conjugations/lehafil/imperative-04.mp3	lehafil	Hifil	imperative	4	אתן	הַפֵּלְנָה
3953	9	353	conjugations/lehafil/infinitive-01.mp3	lehafil	Hifil	infinitive	1		לְהַפִּיל
3954	9	354	conjugations/lerakez/past-01.mp3	lerakez	Piel	past	1	אני	רִכַּזְתִּי
3955	9	355	conjugations/lerakez/past-02.mp3	lerakez	Piel	past	2	אתה	רִכַּזְתָּ
3956	9	356	conjugations/lerakez/past-03.mp3	lerakez	Piel	past	3	את	רִכַּזְתְּ
3957	9	357	conjugations/lerakez/past-04.mp3	lerakez	Piel	past	4	הוא	רִכֵּז
3958	9	358	conjugations/lerakez/past-05.mp3	lerakez	Piel	past	5	היא	רִכְּזָה
3959	9	359	conjugations/lerakez/past-06.mp3	lerakez	Piel	past	6	אנחנו	רִכַּזְנוּ
3960	9	360	conjugations/lerakez/past-07.mp3	lerakez	Piel	past	7	אתם	רִכַּזְתֶּם
3961	9	361	conjugations/lerakez/past-08.mp3	lerakez	Piel	past	8	אתן	רִכַּזְתֶּן
3962	9	362	conjugations/lerakez/past-09.mp3	lerakez	Piel	past	9	הם	רִכְּזוּ
3963	9	363	conjugations/lerakez/past-10.mp3	lerakez	Piel	past	10	הן	רִכְּזוּ
3964	9	364	conjugations/lerakez/present-01.mp3	lerakez	Piel	present	1	אני/אתה/הוא	מְרַכֵּז
3965	9	365	conjugations/lerakez/present-02.mp3	lerakez	Piel	present	2	אני/את/היא	מְרַכֶּזֶת
3966	9	366	conjugations/lerakez/present-03.mp3	lerakez	Piel	present	3	אנחנו/אתם/הם	מְרַכְּזִים
3967	9	367	conjugations/lerakez/present-04.mp3	lerakez	Piel	present	4	אנחנו/אתן/הן	מְרַכְּזוֹת
3968	9	368	conjugations/lerakez/future-01.mp3	lerakez	Piel	future	1	אני	אֲרַכֵּז
3969	9	369	conjugations/lerakez/future-02.mp3	lerakez	Piel	future	2	אתה	תְּרַכֵּז
3970	9	370	conjugations/lerakez/future-03.mp3	lerakez	Piel	future	3	את	תְּרַכְּזִי
3971	9	371	conjugations/lerakez/future-04.mp3	lerakez	Piel	future	4	הוא	יְרַכֵּז
3972	9	372	conjugations/lerakez/future-05.mp3	lerakez	Piel	future	5	היא	תְּרַכֵּז
3973	9	373	conjugations/lerakez/future-06.mp3	lerakez	Piel	future	6	אנחנו	נְרַכֵּז
3974	9	374	conjugations/lerakez/future-07.mp3	lerakez	Piel	future	7	אתם	תְּרַכְּזוּ
3975	9	375	conjugations/lerakez/future-08.mp3	lerakez	Piel	future	8	אתן	תְּרַכֵּזְנָה
3976	9	376	conjugations/lerakez/future-09.mp3	lerakez	Piel	future	9	הם	יְרַכְּזוּ
3977	9	377	conjugations/lerakez/future-10.mp3	lerakez	Piel	future	10	הן	תְּרַכֵּזְנָה
3978	9	378	conjugations/lerakez/imperative-01.mp3	lerakez	Piel	imperative	1	אתה	רַכֵּז
3979	9	379	conjugations/lerakez/imperative-02.mp3	lerakez	Piel	imperative	2	את	רַכְּזִי
3980	9	380	conjugations/lerakez/imperative-03.mp3	lerakez	Piel	imperative	3	אתם	רַכְּזוּ
3981	9	381	conjugations/lerakez/imperative-04.mp3	lerakez	Piel	imperative	4	אתן	רַכֵּזְנָה
3982	9	382	conjugations/lerakez/infinitive-01.mp3	lerakez	Piel	infinitive	1		לְרַכֵּז
3983	9	383	conjugations/lehatrim/past-01.mp3	lehatrim	Hifil	past	1	אני	הִתְרַמְתִּי
3984	9	384	conjugations/lehatrim/past-02.mp3	lehatrim	Hifil	past	2	אתה	הִתְרַמְתָּ
3985	9	385	conjugations/lehatrim/past-03.mp3	lehatrim	Hifil	past	3	את	הִתְרַמְתְּ
3986	9	386	conjugations/lehatrim/past-04.mp3	lehatrim	Hifil	past	4	הוא	הִתְרִים
3987	9	387	conjugations/lehatrim/past-05.mp3	lehatrim	Hifil	past	5	היא	הִתְרִימָה
3988	9	388	conjugations/lehatrim/past-06.mp3	lehatrim	Hifil	past	6	אנחנו	הִתְרַמְנוּ
3989	9	389	conjugations/lehatrim/past-07.mp3	lehatrim	Hifil	past	7	אתם	הִתְרַמְתֶּם
3990	9	390	conjugations/lehatrim/past-08.mp3	lehatrim	Hifil	past	8	אתן	הִתְרַמְתֶּן
3991	9	391	conjugations/lehatrim/past-09.mp3	lehatrim	Hifil	past	9	הם	הִתְרִימוּ
3992	9	392	conjugations/lehatrim/past-10.mp3	lehatrim	Hifil	past	10	הן	הִתְרִימוּ
3993	9	393	conjugations/lehatrim/present-01.mp3	lehatrim	Hifil	present	1	אני/אתה/הוא	מַתְרִים
3994	9	394	conjugations/lehatrim/present-02.mp3	lehatrim	Hifil	present	2	אני/את/היא	מַתְרִימָה
3995	9	395	conjugations/lehatrim/present-03.mp3	lehatrim	Hifil	present	3	אנחנו/אתם/הם	מַתְרִימִים
3996	9	396	conjugations/lehatrim/present-04.mp3	lehatrim	Hifil	present	4	אנחנו/אתן/הן	מַתְרִימוֹת
3997	9	397	conjugations/lehatrim/future-01.mp3	lehatrim	Hifil	future	1	אני	אַתְרִים
3998	9	398	conjugations/lehatrim/future-02.mp3	lehatrim	Hifil	future	2	אתה	תַּתְרִים
3999	9	399	conjugations/lehatrim/future-03.mp3	lehatrim	Hifil	future	3	את	תַּתְרִימִי
4000	9	400	conjugations/lehatrim/future-04.mp3	lehatrim	Hifil	future	4	הוא	יַתְרִים
4001	9	401	conjugations/lehatrim/future-05.mp3	lehatrim	Hifil	future	5	היא	תַּתְרִים
4002	9	402	conjugations/lehatrim/future-06.mp3	lehatrim	Hifil	future	6	אנחנו	נַתְרִים
4003	9	403	conjugations/lehatrim/future-07.mp3	lehatrim	Hifil	future	7	אתם	תַּתְרִימוּ
4004	9	404	conjugations/lehatrim/future-08.mp3	lehatrim	Hifil	future	8	אתן	תַּתְרֵמְנָה
4005	9	405	conjugations/lehatrim/future-09.mp3	lehatrim	Hifil	future	9	הם	יַתְרִימוּ
4006	9	406	conjugations/lehatrim/future-10.mp3	lehatrim	Hifil	future	10	הן	תַּתְרֵמְנָה
4007	9	407	conjugations/lehatrim/imperative-01.mp3	lehatrim	Hifil	imperative	1	אתה	הַתְרֵם
4008	9	408	conjugations/lehatrim/imperative-02.mp3	lehatrim	Hifil	imperative	2	את	הַתְרִימִי
4009	9	409	conjugations/lehatrim/imperative-03.mp3	lehatrim	Hifil	imperative	3	אתם	הַתְרִימוּ
4010	9	410	conjugations/lehatrim/imperative-04.mp3	lehatrim	Hifil	imperative	4	אתן	הַתְרֵמְנָה
4011	9	411	conjugations/lehatrim/infinitive-01.mp3	lehatrim	Hifil	infinitive	1		לְהַתְרִים
4012	9	412	conjugations/lispor/past-01.mp3	lispor	Paal	past	1	אני	סָפַרְתִּי
4013	9	413	conjugations/lispor/past-02.mp3	lispor	Paal	past	2	אתה	סָפַרְתָּ
4014	9	414	conjugations/lispor/past-03.mp3	lispor	Paal	past	3	את	סָפַרְתְּ
4015	9	415	conjugations/lispor/past-04.mp3	lispor	Paal	past	4	הוא	סָפַר
4016	9	416	conjugations/lispor/past-05.mp3	lispor	Paal	past	5	היא	סָפְרָה
4017	9	417	conjugations/lispor/past-06.mp3	lispor	Paal	past	6	אנחנו	סָפַרְנוּ
4018	9	418	conjugations/lispor/past-07.mp3	lispor	Paal	past	7	אתם	סְפַרְתֶּם
4019	9	419	conjugations/lispor/past-08.mp3	lispor	Paal	past	8	אתן	סְפַרְתֶּן
4020	9	420	conjugations/lispor/past-09.mp3	lispor	Paal	past	9	הם	סָפְרוּ
4021	9	421	conjugations/lispor/past-10.mp3	lispor	Paal	past	10	הן	סָפְרוּ
4022	9	422	conjugations/lispor/present-01.mp3	lispor	Paal	present	1	אני/אתה/הוא	סוֹפֵר
4023	9	423	conjugations/lispor/present-02.mp3	lispor	Paal	present	2	אני/את/היא	סוֹפֶרֶת
4024	9	424	conjugations/lispor/present-03.mp3	lispor	Paal	present	3	אנחנו/אתם/הם	סוֹפְרִים
4025	9	425	conjugations/lispor/present-04.mp3	lispor	Paal	present	4	אנחנו/אתן/הן	סוֹפְרוֹת
4026	9	426	conjugations/lispor/future-01.mp3	lispor	Paal	future	1	אני	אֶסְפֹּר
4027	9	427	conjugations/lispor/future-02.mp3	lispor	Paal	future	2	אתה	תִּסְפֹּר
4028	9	428	conjugations/lispor/future-03.mp3	lispor	Paal	future	3	את	תִּסְפְּרִי
4029	9	429	conjugations/lispor/future-04.mp3	lispor	Paal	future	4	הוא	יִסְפֹּר
4030	9	430	conjugations/lispor/future-05.mp3	lispor	Paal	future	5	היא	תִּסְפֹּר
4031	9	431	conjugations/lispor/future-06.mp3	lispor	Paal	future	6	אנחנו	נִסְפֹּר
4032	9	432	conjugations/lispor/future-07.mp3	lispor	Paal	future	7	אתם	תִּסְפְּרוּ
4033	9	433	conjugations/lispor/future-08.mp3	lispor	Paal	future	8	אתן	תִּסְפֹּרְנָה
4034	9	434	conjugations/lispor/future-09.mp3	lispor	Paal	future	9	הם	יִסְפְּרוּ
4035	9	435	conjugations/lispor/future-10.mp3	lispor	Paal	future	10	הן	תִּסְפֹּרְנָה
4036	9	436	conjugations/lispor/imperative-01.mp3	lispor	Paal	imperative	1	אתה	סְפֹר
4037	9	437	conjugations/lispor/imperative-02.mp3	lispor	Paal	imperative	2	את	סִפְרִי
4038	9	438	conjugations/lispor/imperative-03.mp3	lispor	Paal	imperative	3	אתם	סִפְרוּ
4039	9	439	conjugations/lispor/imperative-04.mp3	lispor	Paal	imperative	4	אתן	סְפֹרְנָה
4040	9	440	conjugations/lispor/infinitive-01.mp3	lispor	Paal	infinitive	1		לִסְפֹּר
4041	9	441	conjugations/shamoa/past-01.mp3	shamoa	Paal	past	1	אני	שָׁמַעְתִּי
4042	9	442	conjugations/shamoa/past-02.mp3	shamoa	Paal	past	2	אתה	שָׁמַעְתָּ
4043	9	443	conjugations/shamoa/past-03.mp3	shamoa	Paal	past	3	את	שָׁמַעְתְּ
4044	9	444	conjugations/shamoa/past-04.mp3	shamoa	Paal	past	4	הוא	שָׁמַע
4045	9	445	conjugations/shamoa/past-05.mp3	shamoa	Paal	past	5	היא	שָׁמְעָה
4046	9	446	conjugations/shamoa/past-06.mp3	shamoa	Paal	past	6	אנחנו	שָׁמַעְנוּ
4047	9	447	conjugations/shamoa/past-07.mp3	shamoa	Paal	past	7	אתם	שְׁמַעְתֶּם
4048	9	448	conjugations/shamoa/past-08.mp3	shamoa	Paal	past	8	אתן	שְׁמַעְתֶּן
4049	9	449	conjugations/shamoa/past-09.mp3	shamoa	Paal	past	9	הם	שָׁמְעוּ
4050	9	450	conjugations/shamoa/past-10.mp3	shamoa	Paal	past	10	הן	שָׁמְעוּ
4051	10	1	conjugations/shamoa/present-01.mp3	shamoa	Paal	present	1	אני	שׁוֹמֵעַ
4052	10	2	conjugations/shamoa/present-02.mp3	shamoa	Paal	present	2	אני	שׁוֹמַעַת
4053	10	3	conjugations/shamoa/present-03.mp3	shamoa	Paal	present	3	אתה	שׁוֹמֵעַ
4054	10	4	conjugations/shamoa/present-04.mp3	shamoa	Paal	present	4	את	שׁוֹמַעַת
4055	10	5	conjugations/shamoa/present-05.mp3	shamoa	Paal	present	5	הוא	שׁוֹמֵעַ
4056	10	6	conjugations/shamoa/present-06.mp3	shamoa	Paal	present	6	היא	שׁוֹמַעַת
4057	10	7	conjugations/shamoa/present-07.mp3	shamoa	Paal	present	7	אנחנו	שׁוֹמְעִים
4058	10	8	conjugations/shamoa/present-08.mp3	shamoa	Paal	present	8	אנחנו	שׁוֹמְעוֹת
4059	10	9	conjugations/shamoa/present-09.mp3	shamoa	Paal	present	9	אתם	שׁוֹמְעִים
4060	10	10	conjugations/shamoa/present-10.mp3	shamoa	Paal	present	10	אתן	שׁוֹמְעוֹת
4061	10	11	conjugations/shamoa/present-11.mp3	shamoa	Paal	present	11	הם	שׁוֹמְעִים
4062	10	12	conjugations/shamoa/present-12.mp3	shamoa	Paal	present	12	הן	שׁוֹמְעוֹת
4063	10	13	conjugations/shamoa/future-01.mp3	shamoa	Paal	future	1	אני	אֶשְׁמַע
4064	10	14	conjugations/shamoa/future-02.mp3	shamoa	Paal	future	2	אתה	תִּשְׁמַע
4065	10	15	conjugations/shamoa/future-03.mp3	shamoa	Paal	future	3	את	תִּשְׁמְעִי
4066	10	16	conjugations/shamoa/future-04.mp3	shamoa	Paal	future	4	הוא	יִשְׁמַע
4067	10	17	conjugations/shamoa/future-05.mp3	shamoa	Paal	future	5	היא	תִּשְׁמַע
4068	10	18	conjugations/shamoa/future-06.mp3	shamoa	Paal	future	6	אנחנו	נִשְׁמַע
4069	10	19	conjugations/shamoa/future-07.mp3	shamoa	Paal	future	7	אתם	תִּשְׁמְעוּ
4070	10	20	conjugations/shamoa/future-08.mp3	shamoa	Paal	future	8	אתן	תִּשְׁמְעוּ
4071	10	21	conjugations/shamoa/future-09.mp3	shamoa	Paal	future	9	הם	יִשְׁמְעוּ
4072	10	22	conjugations/shamoa/future-10.mp3	shamoa	Paal	future	10	הן	יִשְׁמְעוּ
4073	10	23	conjugations/shamoa/imperative-01.mp3	shamoa	Paal	imperative	1	אתה	שְׁמַע
4074	10	24	conjugations/shamoa/imperative-02.mp3	shamoa	Paal	imperative	2	את	שִׁמְעִי
4075	10	25	conjugations/shamoa/imperative-03.mp3	shamoa	Paal	imperative	3	אתם	שִׁמְעוּ
4076	10	26	conjugations/shamoa/imperative-04.mp3	shamoa	Paal	imperative	4	אתן	שְׁמַעְנָה
4077	10	27	conjugations/shamoa/infinitive-01.mp3	shamoa	Paal	infinitive	1		לִשְׁמוֹעַ
4078	10	28	conjugations/limtzo/past-01.mp3	limtzo	Paal	past	1	אני	מָצָאתִי
4079	10	29	conjugations/limtzo/past-02.mp3	limtzo	Paal	past	2	אתה	מָצָאתָ
4080	10	30	conjugations/limtzo/past-03.mp3	limtzo	Paal	past	3	את	מָצָאת
4081	10	31	conjugations/limtzo/past-04.mp3	limtzo	Paal	past	4	הוא	מָצָא
4082	10	32	conjugations/limtzo/past-05.mp3	limtzo	Paal	past	5	היא	מָצְאָה
4083	10	33	conjugations/limtzo/past-06.mp3	limtzo	Paal	past	6	אנחנו	מָצָאנוּ
4084	10	34	conjugations/limtzo/past-07.mp3	limtzo	Paal	past	7	אתם	מְצָאתֶם
4085	10	35	conjugations/limtzo/past-08.mp3	limtzo	Paal	past	8	אתן	מְצָאתֶן
4086	10	36	conjugations/limtzo/past-09.mp3	limtzo	Paal	past	9	הם	מָצְאוּ
4087	10	37	conjugations/limtzo/past-10.mp3	limtzo	Paal	past	10	הן	מָצְאוּ
4088	10	38	conjugations/limtzo/present-01.mp3	limtzo	Paal	present	1	אני	מוֹצֵא
4089	10	39	conjugations/limtzo/present-02.mp3	limtzo	Paal	present	2	אני	מוֹצֵאת
4090	10	40	conjugations/limtzo/present-03.mp3	limtzo	Paal	present	3	אתה	מוֹצֵא
4091	10	41	conjugations/limtzo/present-04.mp3	limtzo	Paal	present	4	את	מוֹצֵאת
4092	10	42	conjugations/limtzo/present-05.mp3	limtzo	Paal	present	5	הוא	מוֹצֵא
4093	10	43	conjugations/limtzo/present-06.mp3	limtzo	Paal	present	6	היא	מוֹצֵאת
4094	10	44	conjugations/limtzo/present-07.mp3	limtzo	Paal	present	7	אנחנו	מוֹצְאִים
4095	10	45	conjugations/limtzo/present-08.mp3	limtzo	Paal	present	8	אנחנו	מוֹצְאוֹת
4096	10	46	conjugations/limtzo/present-09.mp3	limtzo	Paal	present	9	אתם	מוֹצְאִים
4097	10	47	conjugations/limtzo/present-10.mp3	limtzo	Paal	present	10	אתן	מוֹצְאוֹת
4098	10	48	conjugations/limtzo/present-11.mp3	limtzo	Paal	present	11	הם	מוֹצְאִים
4099	10	49	conjugations/limtzo/present-12.mp3	limtzo	Paal	present	12	הן	מוֹצְאוֹת
4100	10	50	conjugations/limtzo/future-01.mp3	limtzo	Paal	future	1	אני	אֶמְצָא
4101	10	51	conjugations/limtzo/future-02.mp3	limtzo	Paal	future	2	אתה	תִּמְצָא
4102	10	52	conjugations/limtzo/future-03.mp3	limtzo	Paal	future	3	את	תִּמְצְאִי
4103	10	53	conjugations/limtzo/future-04.mp3	limtzo	Paal	future	4	הוא	יִמְצָא
4104	10	54	conjugations/limtzo/future-05.mp3	limtzo	Paal	future	5	היא	תִּמְצָא
4105	10	55	conjugations/limtzo/future-06.mp3	limtzo	Paal	future	6	אנחנו	נִמְצָא
4106	10	56	conjugations/limtzo/future-07.mp3	limtzo	Paal	future	7	אתם	תִּמְצְאוּ
4107	10	57	conjugations/limtzo/future-08.mp3	limtzo	Paal	future	8	אתן	תִּמְצֶאנָה
4108	10	58	conjugations/limtzo/future-09.mp3	limtzo	Paal	future	9	הם	יִמְצְאוּ
4109	10	59	conjugations/limtzo/future-10.mp3	limtzo	Paal	future	10	הן	תִּמְצֶאנָה
4110	10	60	conjugations/limtzo/imperative-01.mp3	limtzo	Paal	imperative	1	אתה	מְצָא
4111	10	61	conjugations/limtzo/imperative-02.mp3	limtzo	Paal	imperative	2	את	מִצְאִי
4112	10	62	conjugations/limtzo/imperative-03.mp3	limtzo	Paal	imperative	3	אתם	מִצְאוּ
4113	10	63	conjugations/limtzo/imperative-04.mp3	limtzo	Paal	imperative	4	אתן	מְצֶאנָה
4114	10	64	conjugations/limtzo/infinitive-01.mp3	limtzo	Paal	infinitive	1		לִמְצוֹא
4115	10	65	conjugations/lashevet/past-01.mp3	lashevet	Paal	past	1	אני	יָשַׁבְתִּי
4116	10	66	conjugations/lashevet/past-02.mp3	lashevet	Paal	past	2	אתה	יָשַׁבְתָּ
4117	10	67	conjugations/lashevet/past-03.mp3	lashevet	Paal	past	3	את	יָשַׁבְתְּ
4118	10	68	conjugations/lashevet/past-04.mp3	lashevet	Paal	past	4	הוא	יָשַׁב
4119	10	69	conjugations/lashevet/past-05.mp3	lashevet	Paal	past	5	היא	יָשְׁבָה
4120	10	70	conjugations/lashevet/past-06.mp3	lashevet	Paal	past	6	אנחנו	יָשַׁבְנוּ
4121	10	71	conjugations/lashevet/past-07.mp3	lashevet	Paal	past	7	אתם	יְשַׁבְתֶּם
4122	10	72	conjugations/lashevet/past-08.mp3	lashevet	Paal	past	8	אתן	יְשַׁבְתֶּן
4123	10	73	conjugations/lashevet/past-09.mp3	lashevet	Paal	past	9	הם	יָשְׁבוּ
4124	10	74	conjugations/lashevet/past-10.mp3	lashevet	Paal	past	10	הן	יָשְׁבוּ
4125	10	75	conjugations/lashevet/present-01.mp3	lashevet	Paal	present	1	אני	יוֹשֵׁב
4126	10	76	conjugations/lashevet/present-02.mp3	lashevet	Paal	present	2	אני	יוֹשֶׁבֶת
4127	10	77	conjugations/lashevet/present-03.mp3	lashevet	Paal	present	3	אתה	יוֹשֵׁב
4128	10	78	conjugations/lashevet/present-04.mp3	lashevet	Paal	present	4	את	יוֹשֶׁבֶת
4129	10	79	conjugations/lashevet/present-05.mp3	lashevet	Paal	present	5	הוא	יוֹשֵׁב
4130	10	80	conjugations/lashevet/present-06.mp3	lashevet	Paal	present	6	היא	יוֹשֶׁבֶת
4131	10	81	conjugations/lashevet/present-07.mp3	lashevet	Paal	present	7	אנחנו	יוֹשְׁבִים
4132	10	82	conjugations/lashevet/present-08.mp3	lashevet	Paal	present	8	אנחנו	יוֹשְׁבוֹת
4133	10	83	conjugations/lashevet/present-09.mp3	lashevet	Paal	present	9	אתם	יוֹשְׁבִים
4134	10	84	conjugations/lashevet/present-10.mp3	lashevet	Paal	present	10	אתן	יוֹשְׁבוֹת
4135	10	85	conjugations/lashevet/present-11.mp3	lashevet	Paal	present	11	הם	יוֹשְׁבִים
4136	10	86	conjugations/lashevet/present-12.mp3	lashevet	Paal	present	12	הן	יוֹשְׁבוֹת
4137	10	87	conjugations/lashevet/future-01.mp3	lashevet	Paal	future	1	אני	אֵשֵׁב
4138	10	88	conjugations/lashevet/future-02.mp3	lashevet	Paal	future	2	אתה	תֵּשֵׁב
4139	10	89	conjugations/lashevet/future-03.mp3	lashevet	Paal	future	3	את	תֵּשְׁבִי
4140	10	90	conjugations/lashevet/future-04.mp3	lashevet	Paal	future	4	הוא	יֵשֵׁב
4141	10	91	conjugations/lashevet/future-05.mp3	lashevet	Paal	future	5	היא	תֵּשֵׁב
4142	10	92	conjugations/lashevet/future-06.mp3	lashevet	Paal	future	6	אנחנו	נֵשֵׁב
4143	10	93	conjugations/lashevet/future-07.mp3	lashevet	Paal	future	7	אתם	תֵּשְׁבוּ
4144	10	94	conjugations/lashevet/future-08.mp3	lashevet	Paal	future	8	אתן	תֵּשַׁבְנָה
4145	10	95	conjugations/lashevet/future-09.mp3	lashevet	Paal	future	9	הם	יֵשְׁבוּ
4146	10	96	conjugations/lashevet/future-10.mp3	lashevet	Paal	future	10	הן	תֵּשַׁבְנָה
4147	10	97	conjugations/lashevet/imperative-01.mp3	lashevet	Paal	imperative	1	אתה	שֵׁב
4148	10	98	conjugations/lashevet/imperative-02.mp3	lashevet	Paal	imperative	2	את	שְׁבִי
4149	10	99	conjugations/lashevet/imperative-03.mp3	lashevet	Paal	imperative	3	אתם	שְׁבוּ
4150	10	100	conjugations/lashevet/imperative-04.mp3	lashevet	Paal	imperative	4	אתן	שַׁבְנָה
4151	10	101	conjugations/lashevet/infinitive-01.mp3	lashevet	Paal	infinitive	1		לָשֶׁבֶת
4152	10	102	conjugations/laalot/past-01.mp3	laalot	Paal	past	1	אני	עָלִיתִי
4153	10	103	conjugations/laalot/past-02.mp3	laalot	Paal	past	2	אתה	עָלִיתָ
4154	10	104	conjugations/laalot/past-03.mp3	laalot	Paal	past	3	את	עָלִית
4155	10	105	conjugations/laalot/past-04.mp3	laalot	Paal	past	4	הוא	עָלָה
4156	10	106	conjugations/laalot/past-05.mp3	laalot	Paal	past	5	היא	עָלְתָה
4157	10	107	conjugations/laalot/past-06.mp3	laalot	Paal	past	6	אנחנו	עָלִינוּ
4158	10	108	conjugations/laalot/past-07.mp3	laalot	Paal	past	7	אתם	עֲלִיתֶם
4159	10	109	conjugations/laalot/past-08.mp3	laalot	Paal	past	8	אתן	עֲלִיתֶן
4160	10	110	conjugations/laalot/past-09.mp3	laalot	Paal	past	9	הם	עָלוּ
4161	10	111	conjugations/laalot/past-10.mp3	laalot	Paal	past	10	הן	עָלוּ
4162	10	112	conjugations/laalot/present-01.mp3	laalot	Paal	present	1	אני	עוֹלֶה
4163	10	113	conjugations/laalot/present-02.mp3	laalot	Paal	present	2	אני	עוֹלָה
4164	10	114	conjugations/laalot/present-03.mp3	laalot	Paal	present	3	אתה	עוֹלֶה
4165	10	115	conjugations/laalot/present-04.mp3	laalot	Paal	present	4	את	עוֹלָה
4166	10	116	conjugations/laalot/present-05.mp3	laalot	Paal	present	5	הוא	עוֹלֶה
4167	10	117	conjugations/laalot/present-06.mp3	laalot	Paal	present	6	היא	עוֹלָה
4168	10	118	conjugations/laalot/present-07.mp3	laalot	Paal	present	7	אנחנו	עוֹלִים
4169	10	119	conjugations/laalot/present-08.mp3	laalot	Paal	present	8	אנחנו	עוֹלוֹת
4170	10	120	conjugations/laalot/present-09.mp3	laalot	Paal	present	9	אתם	עוֹלִים
4171	10	121	conjugations/laalot/present-10.mp3	laalot	Paal	present	10	אתן	עוֹלוֹת
4172	10	122	conjugations/laalot/present-11.mp3	laalot	Paal	present	11	הם	עוֹלִים
4173	10	123	conjugations/laalot/present-12.mp3	laalot	Paal	present	12	הן	עוֹלוֹת
4174	10	124	conjugations/laalot/future-01.mp3	laalot	Paal	future	1	אני	אֶעֱלֶה
4175	10	125	conjugations/laalot/future-02.mp3	laalot	Paal	future	2	אתה	תַּעֲלֶה
4176	10	126	conjugations/laalot/future-03.mp3	laalot	Paal	future	3	את	תַּעֲלִי
4177	10	127	conjugations/laalot/future-04.mp3	laalot	Paal	future	4	הוא	יַעֲלֶה
4178	10	128	conjugations/laalot/future-05.mp3	laalot	Paal	future	5	היא	תַּעֲלֶה
4179	10	129	conjugations/laalot/future-06.mp3	laalot	Paal	future	6	אנחנו	נַעֲלֶה
4180	10	130	conjugations/laalot/future-07.mp3	laalot	Paal	future	7	אתם	תַּעֲלוּ
4181	10	131	conjugations/laalot/future-08.mp3	laalot	Paal	future	8	אתן	תַּעֲלֶינָה
4182	10	132	conjugations/laalot/future-09.mp3	laalot	Paal	future	9	הם	יַעֲלוּ
4183	10	133	conjugations/laalot/future-10.mp3	laalot	Paal	future	10	הן	תַּעֲלֶינָה
4184	10	134	conjugations/laalot/imperative-01.mp3	laalot	Paal	imperative	1	אתה	עֲלֵה
4185	10	135	conjugations/laalot/imperative-02.mp3	laalot	Paal	imperative	2	את	עֲלִי
4186	10	136	conjugations/laalot/imperative-03.mp3	laalot	Paal	imperative	3	אתם	עֲלוּ
4187	10	137	conjugations/laalot/imperative-04.mp3	laalot	Paal	imperative	4	אתן	עֲלֶינָה
4188	10	138	conjugations/laalot/infinitive-01.mp3	laalot	Paal	infinitive	1		לַעֲלוֹת
4189	10	139	conjugations/laamod/past-01.mp3	laamod	Paal	past	1	אני	עָמַדְתִּי
4190	10	140	conjugations/laamod/past-02.mp3	laamod	Paal	past	2	אתה	עָמַדְתָּ
4191	10	141	conjugations/laamod/past-03.mp3	laamod	Paal	past	3	את	עָמַדְתְּ
4192	10	142	conjugations/laamod/past-04.mp3	laamod	Paal	past	4	הוא	עָמַד
4193	10	143	conjugations/laamod/past-05.mp3	laamod	Paal	past	5	היא	עָמְדָה
4194	10	144	conjugations/laamod/past-06.mp3	laamod	Paal	past	6	אנחנו	עָמַדְנוּ
4195	10	145	conjugations/laamod/past-07.mp3	laamod	Paal	past	7	אתם	עֲמַדְתֶּם
4196	10	146	conjugations/laamod/past-08.mp3	laamod	Paal	past	8	אתן	עֲמַדְתֶּן
4197	10	147	conjugations/laamod/past-09.mp3	laamod	Paal	past	9	הם	עָמְדוּ
4198	10	148	conjugations/laamod/past-10.mp3	laamod	Paal	past	10	הן	עָמְדוּ
4199	10	149	conjugations/laamod/present-01.mp3	laamod	Paal	present	1	אני	עוֹמֵד
4200	10	150	conjugations/laamod/present-02.mp3	laamod	Paal	present	2	אני	עוֹמֶדֶת
4201	10	151	conjugations/laamod/present-03.mp3	laamod	Paal	present	3	אתה	עוֹמֵד
4202	10	152	conjugations/laamod/present-04.mp3	laamod	Paal	present	4	את	עוֹמֶדֶת
4203	10	153	conjugations/laamod/present-05.mp3	laamod	Paal	present	5	הוא	עוֹמֵד
4204	10	154	conjugations/laamod/present-06.mp3	laamod	Paal	present	6	היא	עוֹמֶדֶת
4205	10	155	conjugations/laamod/present-07.mp3	laamod	Paal	present	7	אנחנו	עוֹמְדִים
4206	10	156	conjugations/laamod/present-08.mp3	laamod	Paal	present	8	אנחנו	עוֹמְדוֹת
4207	10	157	conjugations/laamod/present-09.mp3	laamod	Paal	present	9	אתם	עוֹמְדִים
4208	10	158	conjugations/laamod/present-10.mp3	laamod	Paal	present	10	אתן	עוֹמְדוֹת
4209	10	159	conjugations/laamod/present-11.mp3	laamod	Paal	present	11	הם	עוֹמְדִים
4210	10	160	conjugations/laamod/present-12.mp3	laamod	Paal	present	12	הן	עוֹמְדוֹת
4211	10	161	conjugations/laamod/future-01.mp3	laamod	Paal	future	1	אני	אֶעֱמֹד
4212	10	162	conjugations/laamod/future-02.mp3	laamod	Paal	future	2	אתה	תַּעֲמֹד
4213	10	163	conjugations/laamod/future-03.mp3	laamod	Paal	future	3	את	תַּעַמְדִי
4214	10	164	conjugations/laamod/future-04.mp3	laamod	Paal	future	4	הוא	יַעֲמֹד
4215	10	165	conjugations/laamod/future-05.mp3	laamod	Paal	future	5	היא	תַּעֲמֹד
4216	10	166	conjugations/laamod/future-06.mp3	laamod	Paal	future	6	אנחנו	נַעֲמֹד
4217	10	167	conjugations/laamod/future-07.mp3	laamod	Paal	future	7	אתם	תַּעַמְדוּ
4218	10	168	conjugations/laamod/future-08.mp3	laamod	Paal	future	8	אתן	תַּעֲמֹדְנָה
4219	10	169	conjugations/laamod/future-09.mp3	laamod	Paal	future	9	הם	יַעַמְדוּ
4220	10	170	conjugations/laamod/future-10.mp3	laamod	Paal	future	10	הן	תַּעֲמֹדְנָה
4221	10	171	conjugations/laamod/imperative-01.mp3	laamod	Paal	imperative	1	אתה	עֲמֹד
4222	10	172	conjugations/laamod/imperative-02.mp3	laamod	Paal	imperative	2	את	עִמְדִי
4223	10	173	conjugations/laamod/imperative-03.mp3	laamod	Paal	imperative	3	אתם	עִמְדוּ
4224	10	174	conjugations/laamod/imperative-04.mp3	laamod	Paal	imperative	4	אתן	עֲמֹדְנָה
4225	10	175	conjugations/laamod/infinitive-01.mp3	laamod	Paal	infinitive	1		לַעֲמוֹד
4226	10	176	conjugations/la-asot/past-01.mp3	la’asot	Paal	past	1	אני	עָשִׂיתִי
4227	10	177	conjugations/la-asot/past-02.mp3	la’asot	Paal	past	2	אתה	עָשִׂיתָ
4228	10	178	conjugations/la-asot/past-03.mp3	la’asot	Paal	past	3	את	עָשִׂית
4229	10	179	conjugations/la-asot/past-04.mp3	la’asot	Paal	past	4	הוא	עָשָׂה
4230	10	180	conjugations/la-asot/past-05.mp3	la’asot	Paal	past	5	היא	עָשְׂתָה
4231	10	181	conjugations/la-asot/past-06.mp3	la’asot	Paal	past	6	אנחנו	עָשִׂינוּ
4232	10	182	conjugations/la-asot/past-07.mp3	la’asot	Paal	past	7	אתם	עֲשִׂיתֶם
4233	10	183	conjugations/la-asot/past-08.mp3	la’asot	Paal	past	8	אתן	עֲשִׂיתֶן
4234	10	184	conjugations/la-asot/past-09.mp3	la’asot	Paal	past	9	הם	עָשׂוּ
4235	10	185	conjugations/la-asot/past-10.mp3	la’asot	Paal	past	10	הן	עָשׂוּ
4236	10	186	conjugations/la-asot/present-01.mp3	la’asot	Paal	present	1	אני	עוֹשֶׂה
4237	10	187	conjugations/la-asot/present-02.mp3	la’asot	Paal	present	2	אני	עוֹשָׂה
4238	10	188	conjugations/la-asot/present-03.mp3	la’asot	Paal	present	3	אתה	עוֹשֶׂה
4239	10	189	conjugations/la-asot/present-04.mp3	la’asot	Paal	present	4	את	עוֹשָׂה
4240	10	190	conjugations/la-asot/present-05.mp3	la’asot	Paal	present	5	הוא	עוֹשֶׂה
4241	10	191	conjugations/la-asot/present-06.mp3	la’asot	Paal	present	6	היא	עוֹשָׂה
4242	10	192	conjugations/la-asot/present-07.mp3	la’asot	Paal	present	7	אנחנו	עוֹשִׂים
4243	10	193	conjugations/la-asot/present-08.mp3	la’asot	Paal	present	8	אנחנו	עוֹשׂוֹת
4244	10	194	conjugations/la-asot/present-09.mp3	la’asot	Paal	present	9	אתם	עוֹשִׂים
4245	10	195	conjugations/la-asot/present-10.mp3	la’asot	Paal	present	10	אתן	עוֹשׂוֹת
4246	10	196	conjugations/la-asot/present-11.mp3	la’asot	Paal	present	11	הם	עוֹשִׂים
4247	10	197	conjugations/la-asot/present-12.mp3	la’asot	Paal	present	12	הן	עוֹשׂוֹת
4248	10	198	conjugations/la-asot/future-01.mp3	la’asot	Paal	future	1	אני	אֶעֱשֶׂה
4249	10	199	conjugations/la-asot/future-02.mp3	la’asot	Paal	future	2	אתה	תַּעֲשֶׂה
4250	10	200	conjugations/la-asot/future-03.mp3	la’asot	Paal	future	3	את	תַּעֲשִׂי
4251	10	201	conjugations/la-asot/future-04.mp3	la’asot	Paal	future	4	הוא	יַעֲשֶׂה
4252	10	202	conjugations/la-asot/future-05.mp3	la’asot	Paal	future	5	היא	תַּעֲשֶׂה
4253	10	203	conjugations/la-asot/future-06.mp3	la’asot	Paal	future	6	אנחנו	נַעֲשֶׂה
4254	10	204	conjugations/la-asot/future-07.mp3	la’asot	Paal	future	7	אתם	תַּעֲשׂוּ
4255	10	205	conjugations/la-asot/future-08.mp3	la’asot	Paal	future	8	אתן	תַּעֲשֶׂינָה
4256	10	206	conjugations/la-asot/future-09.mp3	la’asot	Paal	future	9	הם	יַעֲשׂוּ
4257	10	207	conjugations/la-asot/future-10.mp3	la’asot	Paal	future	10	הן	תַּעֲשֶׂינָה
4258	10	208	conjugations/la-asot/imperative-01.mp3	la’asot	Paal	imperative	1	אתה	עֲשֵׂה
4259	10	209	conjugations/la-asot/imperative-02.mp3	la’asot	Paal	imperative	2	את	עֲשִׂי
4260	10	210	conjugations/la-asot/imperative-03.mp3	la’asot	Paal	imperative	3	אתם	עֲשׂוּ
4261	10	211	conjugations/la-asot/imperative-04.mp3	la’asot	Paal	imperative	4	אתן	עֲשֶׂינָה
4262	10	212	conjugations/la-asot/infinitive-01.mp3	la’asot	Paal	infinitive	1		לַעֲשׂוֹת
4263	10	213	conjugations/lipol/past-01.mp3	lipol	Paal	past	1	אני	נָפַלְתִּי
4264	10	214	conjugations/lipol/past-02.mp3	lipol	Paal	past	2	אתה	נָפַלְתָּ
4265	10	215	conjugations/lipol/past-03.mp3	lipol	Paal	past	3	את	נָפַלְתְּ
4266	10	216	conjugations/lipol/past-04.mp3	lipol	Paal	past	4	הוא	נָפַל
4267	10	217	conjugations/lipol/past-05.mp3	lipol	Paal	past	5	היא	נָפְלָה
4268	10	218	conjugations/lipol/past-06.mp3	lipol	Paal	past	6	אנחנו	נָפַלְנוּ
4269	10	219	conjugations/lipol/past-07.mp3	lipol	Paal	past	7	אתם	נְפַלְתֶּם
4270	10	220	conjugations/lipol/past-08.mp3	lipol	Paal	past	8	אתן	נְפַלְתֶּן
4271	10	221	conjugations/lipol/past-09.mp3	lipol	Paal	past	9	הם	נָפְלוּ
4272	10	222	conjugations/lipol/past-10.mp3	lipol	Paal	past	10	הן	נָפְלוּ
4273	10	223	conjugations/lipol/present-01.mp3	lipol	Paal	present	1	אני	נוֹפֵל
4274	10	224	conjugations/lipol/present-02.mp3	lipol	Paal	present	2	אני	נוֹפֶלֶת
4275	10	225	conjugations/lipol/present-03.mp3	lipol	Paal	present	3	אתה	נוֹפֵל
4276	10	226	conjugations/lipol/present-04.mp3	lipol	Paal	present	4	את	נוֹפֶלֶת
4277	10	227	conjugations/lipol/present-05.mp3	lipol	Paal	present	5	הוא	נוֹפֵל
4278	10	228	conjugations/lipol/present-06.mp3	lipol	Paal	present	6	היא	נוֹפֶלֶת
4279	10	229	conjugations/lipol/present-07.mp3	lipol	Paal	present	7	אנחנו	נוֹפְלִים
4280	10	230	conjugations/lipol/present-08.mp3	lipol	Paal	present	8	אנחנו	נוֹפְלוֹת
4281	10	231	conjugations/lipol/present-09.mp3	lipol	Paal	present	9	אתם	נוֹפְלִים
4282	10	232	conjugations/lipol/present-10.mp3	lipol	Paal	present	10	אתן	נוֹפְלוֹת
4283	10	233	conjugations/lipol/present-11.mp3	lipol	Paal	present	11	הם	נוֹפְלִים
4284	10	234	conjugations/lipol/present-12.mp3	lipol	Paal	present	12	הן	נוֹפְלוֹת
4285	10	235	conjugations/lipol/future-01.mp3	lipol	Paal	future	1	אני	אֶפּוֹל
4286	10	236	conjugations/lipol/future-02.mp3	lipol	Paal	future	2	אתה	תִּפּוֹל
4287	10	237	conjugations/lipol/future-03.mp3	lipol	Paal	future	3	את	תִּפְּלִי
4288	10	238	conjugations/lipol/future-04.mp3	lipol	Paal	future	4	הוא	יִפּוֹל
4289	10	239	conjugations/lipol/future-05.mp3	lipol	Paal	future	5	היא	תִּפּוֹל
4290	10	240	conjugations/lipol/future-06.mp3	lipol	Paal	future	6	אנחנו	נִפּוֹל
4291	10	241	conjugations/lipol/future-07.mp3	lipol	Paal	future	7	אתם	תִּפְּלוּ
4292	10	242	conjugations/lipol/future-08.mp3	lipol	Paal	future	8	אתן	תִּפֹּלְנָה
4293	10	243	conjugations/lipol/future-09.mp3	lipol	Paal	future	9	הם	יִפְּלוּ
4294	10	244	conjugations/lipol/future-10.mp3	lipol	Paal	future	10	הן	תִּפֹּלְנָה
4295	10	245	conjugations/lipol/imperative-01.mp3	lipol	Paal	imperative	1	אתה	פּוֹל
4296	10	246	conjugations/lipol/imperative-02.mp3	lipol	Paal	imperative	2	את	פְּלִי
4297	10	247	conjugations/lipol/imperative-03.mp3	lipol	Paal	imperative	3	אתם	פְּלוּ
4298	10	248	conjugations/lipol/imperative-04.mp3	lipol	Paal	imperative	4	אתן	פֹּלְנָה
4299	10	249	conjugations/lipol/infinitive-01.mp3	lipol	Paal	infinitive	1		לִפּוֹל
4300	10	250	conjugations/lesaver/past-01.mp3	lesaver	Paal	past	1	אני	סָבַרְתִּי
4301	10	251	conjugations/lesaver/past-02.mp3	lesaver	Paal	past	2	הוא	סָבַר
4302	10	252	conjugations/lesaver/present-01.mp3	lesaver	Paal	present	1	אני/אתה/הוא	סוֹבֵר
4303	10	253	conjugations/lesaver/future-01.mp3	lesaver	Paal	future	1	אני	אֶסְבֹּר
4304	10	254	conjugations/lesaver/imperative-01.mp3	lesaver	Paal	imperative	1	אתה	סְבֹר
4305	10	255	conjugations/lesaver/infinitive-01.mp3	lesaver	Paal	infinitive	1		לְסַבֵּר
4306	10	256	conjugations/bivtoach/past-01.mp3	bivtoach	Paal	past	1	אני	בָּטַחְתִּי
4307	10	257	conjugations/bivtoach/past-02.mp3	bivtoach	Paal	past	2	אתה	בָּטַחְתָּ
4308	10	258	conjugations/bivtoach/past-03.mp3	bivtoach	Paal	past	3	את	בָּטַחְתְּ
4309	10	259	conjugations/bivtoach/past-04.mp3	bivtoach	Paal	past	4	הוא	בָּטַח
4310	10	260	conjugations/bivtoach/past-05.mp3	bivtoach	Paal	past	5	היא	בָּטְחָה
4311	10	261	conjugations/bivtoach/past-06.mp3	bivtoach	Paal	past	6	אנחנו	בָּטַחְנוּ
4312	10	262	conjugations/bivtoach/past-07.mp3	bivtoach	Paal	past	7	אתם	בְּטַחְתֶּם
4313	10	263	conjugations/bivtoach/past-08.mp3	bivtoach	Paal	past	8	אתן	בְּטַחְתֶּן
4314	10	264	conjugations/bivtoach/past-09.mp3	bivtoach	Paal	past	9	הם	בָּטְחוּ
4315	10	265	conjugations/bivtoach/past-10.mp3	bivtoach	Paal	past	10	הן	בָּטְחוּ
4316	10	266	conjugations/bivtoach/present-01.mp3	bivtoach	Paal	present	1	אני	בּוֹטֵחַ
4317	10	267	conjugations/bivtoach/present-02.mp3	bivtoach	Paal	present	2	אני	בּוֹטַחַת
4318	10	268	conjugations/bivtoach/present-03.mp3	bivtoach	Paal	present	3	אתה	בּוֹטֵחַ
4319	10	269	conjugations/bivtoach/present-04.mp3	bivtoach	Paal	present	4	את	בּוֹטַחַת
4320	10	270	conjugations/bivtoach/present-05.mp3	bivtoach	Paal	present	5	הוא	בּוֹטֵחַ
4321	10	271	conjugations/bivtoach/present-06.mp3	bivtoach	Paal	present	6	היא	בּוֹטַחַת
4322	10	272	conjugations/bivtoach/present-07.mp3	bivtoach	Paal	present	7	אנחנו	בּוֹטְחִים
4323	10	273	conjugations/bivtoach/present-08.mp3	bivtoach	Paal	present	8	אנחנו	בּוֹטְחוֹת
4324	10	274	conjugations/bivtoach/present-09.mp3	bivtoach	Paal	present	9	אתם	בּוֹטְחִים
4325	10	275	conjugations/bivtoach/present-10.mp3	bivtoach	Paal	present	10	אתן	בּוֹטְחוֹת
4326	10	276	conjugations/bivtoach/present-11.mp3	bivtoach	Paal	present	11	הם	בּוֹטְחִים
4327	10	277	conjugations/bivtoach/present-12.mp3	bivtoach	Paal	present	12	הן	בּוֹטְחוֹת
4328	10	278	conjugations/bivtoach/future-01.mp3	bivtoach	Paal	future	1	אני	אֶבְטַח
4329	10	279	conjugations/bivtoach/future-02.mp3	bivtoach	Paal	future	2	אתה	תִּבְטַח
4330	10	280	conjugations/bivtoach/future-03.mp3	bivtoach	Paal	future	3	את	תִּבְטְחִי
4331	10	281	conjugations/bivtoach/future-04.mp3	bivtoach	Paal	future	4	הוא	יִבְטַח
4332	10	282	conjugations/bivtoach/future-05.mp3	bivtoach	Paal	future	5	היא	תִּבְטַח
4333	10	283	conjugations/bivtoach/future-06.mp3	bivtoach	Paal	future	6	אנחנו	נִבְטַח
4334	10	284	conjugations/bivtoach/future-07.mp3	bivtoach	Paal	future	7	אתם	תִּבְטְחוּ
4335	10	285	conjugations/bivtoach/future-08.mp3	bivtoach	Paal	future	8	אתן	תִּבְטַחְנָה
4336	10	286	conjugations/bivtoach/future-09.mp3	bivtoach	Paal	future	9	הם	יִבְטְחוּ
4337	10	287	conjugations/bivtoach/future-10.mp3	bivtoach	Paal	future	10	הן	תִּבְטַחְנָה
4338	10	288	conjugations/bivtoach/imperative-01.mp3	bivtoach	Paal	imperative	1	אתה	בְּטַח
4339	10	289	conjugations/bivtoach/imperative-02.mp3	bivtoach	Paal	imperative	2	את	בִּטְחִי
4340	10	290	conjugations/bivtoach/imperative-03.mp3	bivtoach	Paal	imperative	3	אתם	בִּטְחוּ
4341	10	291	conjugations/bivtoach/imperative-04.mp3	bivtoach	Paal	imperative	4	אתן	בְּטַחְנָה
4342	10	292	conjugations/bivtoach/infinitive-01.mp3	bivtoach	Paal	infinitive	1		לִבְטוֹחַ
4343	10	293	conjugations/ladun/past-01.mp3	ladun	Paal	past	1	אני	דַּנְתִּי
4344	10	294	conjugations/ladun/past-02.mp3	ladun	Paal	past	2	אתה	דַּנְתָּ
4345	10	295	conjugations/ladun/past-03.mp3	ladun	Paal	past	3	את	דַּנְתְּ
4346	10	296	conjugations/ladun/past-04.mp3	ladun	Paal	past	4	הוא	דָּן
4347	10	297	conjugations/ladun/past-05.mp3	ladun	Paal	past	5	היא	דָּנָה
4348	10	298	conjugations/ladun/past-06.mp3	ladun	Paal	past	6	אנחנו	דַּנְנוּ
4349	10	299	conjugations/ladun/past-07.mp3	ladun	Paal	past	7	אתם	דַּנְתֶּם
4350	10	300	conjugations/ladun/past-08.mp3	ladun	Paal	past	8	אתן	דַּנְתֶּן
4351	10	301	conjugations/ladun/past-09.mp3	ladun	Paal	past	9	הם	דָּנוּ
4352	10	302	conjugations/ladun/past-10.mp3	ladun	Paal	past	10	הן	דָּנוּ
4353	10	303	conjugations/ladun/present-01.mp3	ladun	Paal	present	1	אני	דָּן
4354	10	304	conjugations/ladun/present-02.mp3	ladun	Paal	present	2	אני	דָּנָה
4355	10	305	conjugations/ladun/present-03.mp3	ladun	Paal	present	3	אתה	דָּן
4356	10	306	conjugations/ladun/present-04.mp3	ladun	Paal	present	4	את	דָּנָה
4357	10	307	conjugations/ladun/present-05.mp3	ladun	Paal	present	5	הוא	דָּן
4358	10	308	conjugations/ladun/present-06.mp3	ladun	Paal	present	6	היא	דָּנָה
4359	10	309	conjugations/ladun/present-07.mp3	ladun	Paal	present	7	אנחנו	דָּנִים
4360	10	310	conjugations/ladun/present-08.mp3	ladun	Paal	present	8	אנחנו	דָּנוֹת
4361	10	311	conjugations/ladun/present-09.mp3	ladun	Paal	present	9	אתם	דָּנִים
4362	10	312	conjugations/ladun/present-10.mp3	ladun	Paal	present	10	אתן	דָּנוֹת
4363	10	313	conjugations/ladun/present-11.mp3	ladun	Paal	present	11	הם	דָּנִים
4364	10	314	conjugations/ladun/present-12.mp3	ladun	Paal	present	12	הן	דָּנוֹת
4365	10	315	conjugations/ladun/future-01.mp3	ladun	Paal	future	1	אני	אָדוּן
4366	10	316	conjugations/ladun/future-02.mp3	ladun	Paal	future	2	אתה	תָּדוּן
4367	10	317	conjugations/ladun/future-03.mp3	ladun	Paal	future	3	את	תָּדוּנִי
4368	10	318	conjugations/ladun/future-04.mp3	ladun	Paal	future	4	הוא	יָדוּן
4369	10	319	conjugations/ladun/future-05.mp3	ladun	Paal	future	5	היא	תָּדוּן
4370	10	320	conjugations/ladun/future-06.mp3	ladun	Paal	future	6	אנחנו	נָדוּן
4371	10	321	conjugations/ladun/future-07.mp3	ladun	Paal	future	7	אתם	תָּדוּנוּ
4372	10	322	conjugations/ladun/future-08.mp3	ladun	Paal	future	8	אתן	תָּדוּנוּ
4373	10	323	conjugations/ladun/future-09.mp3	ladun	Paal	future	9	הם	יָדוּנוּ
4374	10	324	conjugations/ladun/future-10.mp3	ladun	Paal	future	10	הן	יָדוּנוּ
4375	10	325	conjugations/ladun/imperative-01.mp3	ladun	Paal	imperative	1	אתה	דּוּן
4376	10	326	conjugations/ladun/imperative-02.mp3	ladun	Paal	imperative	2	את	דּוּנִי
4377	10	327	conjugations/ladun/imperative-03.mp3	ladun	Paal	imperative	3	אתם	דּוּנוּ
4378	10	328	conjugations/ladun/imperative-04.mp3	ladun	Paal	imperative	4	אתן	דּוּנוּ
4379	10	329	conjugations/ladun/infinitive-01.mp3	ladun	Paal	infinitive	1		לָדוּן
4380	10	330	conjugations/lelamed/past-01.mp3	lelamed	Piel	past	1	אני	לִמַּדְתִּי
4381	10	331	conjugations/lelamed/past-02.mp3	lelamed	Piel	past	2	אתה	לִמַּדְתָּ
4382	10	332	conjugations/lelamed/past-03.mp3	lelamed	Piel	past	3	את	לִמַּדְתְּ
4383	10	333	conjugations/lelamed/past-04.mp3	lelamed	Piel	past	4	הוא	לִמֵּד
4384	10	334	conjugations/lelamed/past-05.mp3	lelamed	Piel	past	5	היא	לִמְּדָה
4385	10	335	conjugations/lelamed/past-06.mp3	lelamed	Piel	past	6	אנחנו	לִמַּדְנוּ
4386	10	336	conjugations/lelamed/past-07.mp3	lelamed	Piel	past	7	אתם	לִמַּדְתֶּם
4387	10	337	conjugations/lelamed/past-08.mp3	lelamed	Piel	past	8	אתן	לִמַּדְתֶּן
4388	10	338	conjugations/lelamed/past-09.mp3	lelamed	Piel	past	9	הם	לִמְּדוּ
4389	10	339	conjugations/lelamed/past-10.mp3	lelamed	Piel	past	10	הן	לִמְּדוּ
4390	10	340	conjugations/lelamed/present-01.mp3	lelamed	Piel	present	1	אני	מְלַמֵּד
4391	10	341	conjugations/lelamed/present-02.mp3	lelamed	Piel	present	2	אני	מְלַמֶּדֶת
4392	10	342	conjugations/lelamed/present-03.mp3	lelamed	Piel	present	3	אתה	מְלַמֵּד
4393	10	343	conjugations/lelamed/present-04.mp3	lelamed	Piel	present	4	את	מְלַמֶּדֶת
4394	10	344	conjugations/lelamed/present-05.mp3	lelamed	Piel	present	5	הוא	מְלַמֵּד
4395	10	345	conjugations/lelamed/present-06.mp3	lelamed	Piel	present	6	היא	מְלַמֶּדֶת
4396	10	346	conjugations/lelamed/present-07.mp3	lelamed	Piel	present	7	אנחנו	מְלַמְּדִים
4397	10	347	conjugations/lelamed/present-08.mp3	lelamed	Piel	present	8	אנחנו	מְלַמְּדוֹת
4398	10	348	conjugations/lelamed/present-09.mp3	lelamed	Piel	present	9	אתם	מְלַמְּדִים
4399	10	349	conjugations/lelamed/present-10.mp3	lelamed	Piel	present	10	אתן	מְלַמְּדוֹת
4400	10	350	conjugations/lelamed/present-11.mp3	lelamed	Piel	present	11	הם	מְלַמְּדִים
4401	10	351	conjugations/lelamed/present-12.mp3	lelamed	Piel	present	12	הן	מְלַמְּדוֹת
4402	10	352	conjugations/lelamed/future-01.mp3	lelamed	Piel	future	1	אני	אֲלַמֵּד
4403	10	353	conjugations/lelamed/future-02.mp3	lelamed	Piel	future	2	אתה	תְּלַמֵּד
4404	10	354	conjugations/lelamed/future-03.mp3	lelamed	Piel	future	3	את	תְּלַמְּדִי
4405	10	355	conjugations/lelamed/future-04.mp3	lelamed	Piel	future	4	הוא	יְלַמֵּד
4406	10	356	conjugations/lelamed/future-05.mp3	lelamed	Piel	future	5	היא	תְּלַמֵּד
4407	10	357	conjugations/lelamed/future-06.mp3	lelamed	Piel	future	6	אנחנו	נְלַמֵּד
4408	10	358	conjugations/lelamed/future-07.mp3	lelamed	Piel	future	7	אתם	תְּלַמְּדוּ
4409	10	359	conjugations/lelamed/future-08.mp3	lelamed	Piel	future	8	אתן	תְּלַמְּדוּ
4410	10	360	conjugations/lelamed/future-09.mp3	lelamed	Piel	future	9	הם	יְלַמְּדוּ
4411	10	361	conjugations/lelamed/future-10.mp3	lelamed	Piel	future	10	הן	יְלַמְּדוּ
4412	10	362	conjugations/lelamed/imperative-01.mp3	lelamed	Piel	imperative	1	אתה	לַמֵּד
4413	10	363	conjugations/lelamed/imperative-02.mp3	lelamed	Piel	imperative	2	את	לַמְּדִי
4414	10	364	conjugations/lelamed/imperative-03.mp3	lelamed	Piel	imperative	3	אתם	לַמְּדוּ
4415	10	365	conjugations/lelamed/imperative-04.mp3	lelamed	Piel	imperative	4	אתן	לַמְּדוּ
4416	10	366	conjugations/lelamed/infinitive-01.mp3	lelamed	Piel	infinitive	1		לְלַמֵּד
4417	10	367	conjugations/nishma/past-01.mp3	nishma	Nifal	past	1	אני	נִשְׁמַעְתִּי
4418	10	368	conjugations/nishma/past-02.mp3	nishma	Nifal	past	2	אתה	נִשְׁמַעְתָּ
4419	10	369	conjugations/nishma/past-03.mp3	nishma	Nifal	past	3	את	נִשְׁמַעְתְּ
4420	10	370	conjugations/nishma/past-04.mp3	nishma	Nifal	past	4	הוא	נִשְׁמַע
4421	10	371	conjugations/nishma/past-05.mp3	nishma	Nifal	past	5	היא	נִשְׁמְעָה
4422	10	372	conjugations/nishma/past-06.mp3	nishma	Nifal	past	6	אנחנו	נִשְׁמַעְנוּ
4423	10	373	conjugations/nishma/past-07.mp3	nishma	Nifal	past	7	אתם	נִשְׁמַעְתֶּם
4424	10	374	conjugations/nishma/past-08.mp3	nishma	Nifal	past	8	אתן	נִשְׁמַעְתֶּן
4425	10	375	conjugations/nishma/past-09.mp3	nishma	Nifal	past	9	הם	נִשְׁמְעוּ
4426	10	376	conjugations/nishma/past-10.mp3	nishma	Nifal	past	10	הן	נִשְׁמְעוּ
4427	10	377	conjugations/nishma/present-01.mp3	nishma	Nifal	present	1	אני	נִשְׁמָע
4428	10	378	conjugations/nishma/present-02.mp3	nishma	Nifal	present	2	אני	נִשְׁמַעַת
4429	10	379	conjugations/nishma/present-03.mp3	nishma	Nifal	present	3	אתה	נִשְׁמָע
4430	10	380	conjugations/nishma/present-04.mp3	nishma	Nifal	present	4	את	נִשְׁמַעַת
4431	10	381	conjugations/nishma/present-05.mp3	nishma	Nifal	present	5	הוא	נִשְׁמָע
4432	10	382	conjugations/nishma/present-06.mp3	nishma	Nifal	present	6	היא	נִשְׁמַעַת
4433	10	383	conjugations/nishma/present-07.mp3	nishma	Nifal	present	7	אנחנו	נִשְׁמָעִים
4434	10	384	conjugations/nishma/present-08.mp3	nishma	Nifal	present	8	אנחנו	נִשְׁמָעוֹת
4435	10	385	conjugations/nishma/present-09.mp3	nishma	Nifal	present	9	אתם	נִשְׁמָעִים
4436	10	386	conjugations/nishma/present-10.mp3	nishma	Nifal	present	10	אתן	נִשְׁמָעוֹת
4437	10	387	conjugations/nishma/present-11.mp3	nishma	Nifal	present	11	הם	נִשְׁמָעִים
4438	10	388	conjugations/nishma/present-12.mp3	nishma	Nifal	present	12	הן	נִשְׁמָעוֹת
4439	10	389	conjugations/nishma/future-01.mp3	nishma	Nifal	future	1	אני	אֶשָּׁמַע
4440	10	390	conjugations/nishma/future-02.mp3	nishma	Nifal	future	2	אתה	תִּשָּׁמַע
4441	10	391	conjugations/nishma/future-03.mp3	nishma	Nifal	future	3	את	תִּשָּׁמְעִי
4442	10	392	conjugations/nishma/future-04.mp3	nishma	Nifal	future	4	הוא	יִשָּׁמַע
4443	10	393	conjugations/nishma/future-05.mp3	nishma	Nifal	future	5	היא	תִּשָּׁמַע
4444	10	394	conjugations/nishma/future-06.mp3	nishma	Nifal	future	6	אנחנו	נִשָּׁמַע
4445	10	395	conjugations/nishma/future-07.mp3	nishma	Nifal	future	7	אתם	תִּשָּׁמְעוּ
4446	10	396	conjugations/nishma/future-08.mp3	nishma	Nifal	future	8	אתן	תִּשָּׁמְעוּ
4447	10	397	conjugations/nishma/future-09.mp3	nishma	Nifal	future	9	הם	יִשָּׁמְעוּ
4448	10	398	conjugations/nishma/future-10.mp3	nishma	Nifal	future	10	הן	יִשָּׁמְעוּ
4449	10	399	conjugations/nishma/imperative-01.mp3	nishma	Nifal	imperative	1	אתה	הִשָּׁמַע
4450	10	400	conjugations/nishma/imperative-02.mp3	nishma	Nifal	imperative	2	את	הִשָּׁמְעִי
4451	10	401	conjugations/nishma/imperative-03.mp3	nishma	Nifal	imperative	3	אתם	הִשָּׁמְעוּ
4452	10	402	conjugations/nishma/imperative-04.mp3	nishma	Nifal	imperative	4	אתן	הִשָּׁמְעוּ
4453	10	403	conjugations/nishma/infinitive-01.mp3	nishma	Nifal	infinitive	1		לְהִישָּׁמֵעַ
4454	10	404	conjugations/lehardim/past-01.mp3	lehardim	Hifil	past	1	אני	הִרְדַּמְתִּי
4455	10	405	conjugations/lehardim/past-02.mp3	lehardim	Hifil	past	2	אתה	הִרְדַּמְתָּ
4456	10	406	conjugations/lehardim/past-03.mp3	lehardim	Hifil	past	3	את	הִרְדַּמְתְּ
4457	10	407	conjugations/lehardim/past-04.mp3	lehardim	Hifil	past	4	הוא	הִרְדִּים
4458	10	408	conjugations/lehardim/past-05.mp3	lehardim	Hifil	past	5	היא	הִרְדִּימָה
4459	10	409	conjugations/lehardim/past-06.mp3	lehardim	Hifil	past	6	אנחנו	הִרְדַּמְנוּ
4460	10	410	conjugations/lehardim/past-07.mp3	lehardim	Hifil	past	7	אתם	הִרְדַּמְתֶּם
4461	10	411	conjugations/lehardim/past-08.mp3	lehardim	Hifil	past	8	אתן	הִרְדַּמְתֶּן
4462	10	412	conjugations/lehardim/past-09.mp3	lehardim	Hifil	past	9	הם	הִרְדִּימוּ
4463	10	413	conjugations/lehardim/past-10.mp3	lehardim	Hifil	past	10	הן	הִרְדִּימוּ
4464	10	414	conjugations/lehardim/present-01.mp3	lehardim	Hifil	present	1	אני	מַרְדִּים
4465	10	415	conjugations/lehardim/present-02.mp3	lehardim	Hifil	present	2	אני	מַרְדִּימָה
4466	10	416	conjugations/lehardim/present-03.mp3	lehardim	Hifil	present	3	אתה	מַרְדִּים
4467	10	417	conjugations/lehardim/present-04.mp3	lehardim	Hifil	present	4	את	מַרְדִּימָה
4468	10	418	conjugations/lehardim/present-05.mp3	lehardim	Hifil	present	5	הוא	מַרְדִּים
4469	10	419	conjugations/lehardim/present-06.mp3	lehardim	Hifil	present	6	היא	מַרְדִּימָה
4470	10	420	conjugations/lehardim/present-07.mp3	lehardim	Hifil	present	7	אנחנו	מַרְדִּימִים
4471	10	421	conjugations/lehardim/present-08.mp3	lehardim	Hifil	present	8	אנחנו	מַרְדִּימוֹת
4472	10	422	conjugations/lehardim/present-09.mp3	lehardim	Hifil	present	9	אתם	מַרְדִּימִים
4473	10	423	conjugations/lehardim/present-10.mp3	lehardim	Hifil	present	10	אתן	מַרְדִּימוֹת
4474	10	424	conjugations/lehardim/present-11.mp3	lehardim	Hifil	present	11	הם	מַרְדִּימִים
4475	10	425	conjugations/lehardim/present-12.mp3	lehardim	Hifil	present	12	הן	מַרְדִּימוֹת
4476	10	426	conjugations/lehardim/future-01.mp3	lehardim	Hifil	future	1	אני	אַרְדִּים
4477	10	427	conjugations/lehardim/future-02.mp3	lehardim	Hifil	future	2	אתה	תַּרְדִּים
4478	10	428	conjugations/lehardim/future-03.mp3	lehardim	Hifil	future	3	את	תַּרְדִּימִי
4479	10	429	conjugations/lehardim/future-04.mp3	lehardim	Hifil	future	4	הוא	יַרְדִּים
4480	10	430	conjugations/lehardim/future-05.mp3	lehardim	Hifil	future	5	היא	תַּרְדִּים
4481	10	431	conjugations/lehardim/future-06.mp3	lehardim	Hifil	future	6	אנחנו	נַרְדִּים
4482	10	432	conjugations/lehardim/future-07.mp3	lehardim	Hifil	future	7	אתם	תַּרְדִּימוּ
4483	10	433	conjugations/lehardim/future-08.mp3	lehardim	Hifil	future	8	אתן	תַּרְדִּימוּ
4484	10	434	conjugations/lehardim/future-09.mp3	lehardim	Hifil	future	9	הם	יַרְדִּימוּ
4485	10	435	conjugations/lehardim/future-10.mp3	lehardim	Hifil	future	10	הן	יַרְדִּימוּ
4486	10	436	conjugations/lehardim/imperative-01.mp3	lehardim	Hifil	imperative	1	אתה	הַרְדֵּם
4487	10	437	conjugations/lehardim/imperative-02.mp3	lehardim	Hifil	imperative	2	את	הַרְדִּימִי
4488	10	438	conjugations/lehardim/imperative-03.mp3	lehardim	Hifil	imperative	3	אתם	הַרְדִּימוּ
4489	10	439	conjugations/lehardim/imperative-04.mp3	lehardim	Hifil	imperative	4	אתן	הַרְדִּימוּ
4490	10	440	conjugations/lehardim/infinitive-01.mp3	lehardim	Hifil	infinitive	1		לְהַרְדִּים
4491	10	441	conjugations/leamen/past-01.mp3	leamen	Piel	past	1	אני	אִמַּנְתִּי
4492	10	442	conjugations/leamen/past-02.mp3	leamen	Piel	past	2	אתה	אִמַּנְתָּ
4493	10	443	conjugations/leamen/past-03.mp3	leamen	Piel	past	3	את	אִמַּנְתְּ
4494	10	444	conjugations/leamen/past-04.mp3	leamen	Piel	past	4	הוא	אִמֵּן
4495	10	445	conjugations/leamen/past-05.mp3	leamen	Piel	past	5	היא	אִמְּנָה
4496	10	446	conjugations/leamen/past-06.mp3	leamen	Piel	past	6	אנחנו	אִמַּנּוּ
4497	10	447	conjugations/leamen/past-07.mp3	leamen	Piel	past	7	אתם	אִמַּנְתֶּם
4498	10	448	conjugations/leamen/past-08.mp3	leamen	Piel	past	8	אתן	אִמַּנְתֶּן
4499	10	449	conjugations/leamen/past-09.mp3	leamen	Piel	past	9	הם	אִמְּנוּ
4500	10	450	conjugations/leamen/past-10.mp3	leamen	Piel	past	10	הן	אִמְּנוּ
4501	11	1	conjugations/leamen/present-01.mp3	leamen	Piel	present	1	אני	מְאַמֵּן
4502	11	2	conjugations/leamen/present-02.mp3	leamen	Piel	present	2	אני	מְאַמֶּנֶת
4503	11	3	conjugations/leamen/present-03.mp3	leamen	Piel	present	3	אתה	מְאַמֵּן
4504	11	4	conjugations/leamen/present-04.mp3	leamen	Piel	present	4	את	מְאַמֶּנֶת
4505	11	5	conjugations/leamen/present-05.mp3	leamen	Piel	present	5	הוא	מְאַמֵּן
4506	11	6	conjugations/leamen/present-06.mp3	leamen	Piel	present	6	היא	מְאַמֶּנֶת
4507	11	7	conjugations/leamen/present-07.mp3	leamen	Piel	present	7	אנחנו	מְאַמְּנִים
4508	11	8	conjugations/leamen/present-08.mp3	leamen	Piel	present	8	אנחנו	מְאַמְּנוֹת
4509	11	9	conjugations/leamen/present-09.mp3	leamen	Piel	present	9	אתם	מְאַמְּנִים
4510	11	10	conjugations/leamen/present-10.mp3	leamen	Piel	present	10	אתן	מְאַמְּנוֹת
4511	11	11	conjugations/leamen/present-11.mp3	leamen	Piel	present	11	הם	מְאַמְּנִים
4512	11	12	conjugations/leamen/present-12.mp3	leamen	Piel	present	12	הן	מְאַמְּנוֹת
4513	11	13	conjugations/leamen/future-01.mp3	leamen	Piel	future	1	אני	אֲאַמֵּן
4514	11	14	conjugations/leamen/future-02.mp3	leamen	Piel	future	2	אתה	תְּאַמֵּן
4515	11	15	conjugations/leamen/future-03.mp3	leamen	Piel	future	3	את	תְּאַמְּנִי
4516	11	16	conjugations/leamen/future-04.mp3	leamen	Piel	future	4	הוא	יְאַמֵּן
4517	11	17	conjugations/leamen/future-05.mp3	leamen	Piel	future	5	היא	תְּאַמֵּן
4518	11	18	conjugations/leamen/future-06.mp3	leamen	Piel	future	6	אנחנו	נְאַמֵּן
4519	11	19	conjugations/leamen/future-07.mp3	leamen	Piel	future	7	אתם	תְּאַמְּנוּ
4520	11	20	conjugations/leamen/future-08.mp3	leamen	Piel	future	8	אתן	תְּאַמְּנוּ
4521	11	21	conjugations/leamen/future-09.mp3	leamen	Piel	future	9	הם	יְאַמְּנוּ
4522	11	22	conjugations/leamen/future-10.mp3	leamen	Piel	future	10	הן	יְאַמְּנוּ
4523	11	23	conjugations/leamen/imperative-01.mp3	leamen	Piel	imperative	1	אתה	אַמֵּן
4524	11	24	conjugations/leamen/imperative-02.mp3	leamen	Piel	imperative	2	את	אַמְּנִי
4525	11	25	conjugations/leamen/imperative-03.mp3	leamen	Piel	imperative	3	אתם	אַמְּנוּ
4526	11	26	conjugations/leamen/imperative-04.mp3	leamen	Piel	imperative	4	אתן	אַמְּנוּ
4527	11	27	conjugations/leamen/infinitive-01.mp3	leamen	Piel	infinitive	1		לְאַמֵּן
4528	11	28	conjugations/lehishaer/past-01.mp3	lehishaer	Nifal	past	1	אני	נִשְׁאַרְתִּי
4529	11	29	conjugations/lehishaer/past-02.mp3	lehishaer	Nifal	past	2	אתה	נִשְׁאַרְתָּ
4530	11	30	conjugations/lehishaer/past-03.mp3	lehishaer	Nifal	past	3	את	נִשְׁאַרְתְּ
4531	11	31	conjugations/lehishaer/past-04.mp3	lehishaer	Nifal	past	4	הוא	נִשְׁאַר
4532	11	32	conjugations/lehishaer/past-05.mp3	lehishaer	Nifal	past	5	היא	נִשְׁאֲרָה
4533	11	33	conjugations/lehishaer/past-06.mp3	lehishaer	Nifal	past	6	אנחנו	נִשְׁאַרְנוּ
4534	11	34	conjugations/lehishaer/past-07.mp3	lehishaer	Nifal	past	7	אתם	נִשְׁאַרְתֶּם
4535	11	35	conjugations/lehishaer/past-08.mp3	lehishaer	Nifal	past	8	אתן	נִשְׁאַרְתֶּן
4536	11	36	conjugations/lehishaer/past-09.mp3	lehishaer	Nifal	past	9	הם	נִשְׁאֲרוּ
4537	11	37	conjugations/lehishaer/past-10.mp3	lehishaer	Nifal	past	10	הן	נִשְׁאֲרוּ
4538	11	38	conjugations/lehishaer/present-01.mp3	lehishaer	Nifal	present	1	אני	נִשְׁאָר
4539	11	39	conjugations/lehishaer/present-02.mp3	lehishaer	Nifal	present	2	אני	נִשְׁאֶרֶת
4540	11	40	conjugations/lehishaer/present-03.mp3	lehishaer	Nifal	present	3	אתה	נִשְׁאָר
4541	11	41	conjugations/lehishaer/present-04.mp3	lehishaer	Nifal	present	4	את	נִשְׁאֶרֶת
4542	11	42	conjugations/lehishaer/present-05.mp3	lehishaer	Nifal	present	5	הוא	נִשְׁאָר
4543	11	43	conjugations/lehishaer/present-06.mp3	lehishaer	Nifal	present	6	היא	נִשְׁאֶרֶת
4544	11	44	conjugations/lehishaer/present-07.mp3	lehishaer	Nifal	present	7	אנחנו	נִשְׁאָרִים
4545	11	45	conjugations/lehishaer/present-08.mp3	lehishaer	Nifal	present	8	אנחנו	נִשְׁאָרוֹת
4546	11	46	conjugations/lehishaer/present-09.mp3	lehishaer	Nifal	present	9	אתם	נִשְׁאָרִים
4547	11	47	conjugations/lehishaer/present-10.mp3	lehishaer	Nifal	present	10	אתן	נִשְׁאָרוֹת
4548	11	48	conjugations/lehishaer/present-11.mp3	lehishaer	Nifal	present	11	הם	נִשְׁאָרִים
4549	11	49	conjugations/lehishaer/present-12.mp3	lehishaer	Nifal	present	12	הן	נִשְׁאָרוֹת
4550	11	50	conjugations/lehishaer/future-01.mp3	lehishaer	Nifal	future	1	אני	אֶשָּׁאֵר
4551	11	51	conjugations/lehishaer/future-02.mp3	lehishaer	Nifal	future	2	אתה	תִּשָּׁאֵר
4552	11	52	conjugations/lehishaer/future-03.mp3	lehishaer	Nifal	future	3	את	תִּשָּׁאֲרִי
4553	11	53	conjugations/lehishaer/future-04.mp3	lehishaer	Nifal	future	4	הוא	יִשָּׁאֵר
4554	11	54	conjugations/lehishaer/future-05.mp3	lehishaer	Nifal	future	5	היא	תִּשָּׁאֵר
4555	11	55	conjugations/lehishaer/future-06.mp3	lehishaer	Nifal	future	6	אנחנו	נִשָּׁאֵר
4556	11	56	conjugations/lehishaer/future-07.mp3	lehishaer	Nifal	future	7	אתם	תִּשָּׁאֲרוּ
4557	11	57	conjugations/lehishaer/future-08.mp3	lehishaer	Nifal	future	8	אתן	תִּשָּׁאֲרוּ
4558	11	58	conjugations/lehishaer/future-09.mp3	lehishaer	Nifal	future	9	הם	יִשָּׁאֲרוּ
4559	11	59	conjugations/lehishaer/future-10.mp3	lehishaer	Nifal	future	10	הן	יִשָּׁאֲרוּ
4560	11	60	conjugations/lehishaer/imperative-01.mp3	lehishaer	Nifal	imperative	1	אתה	הִשָּׁאֵר
4561	11	61	conjugations/lehishaer/imperative-02.mp3	lehishaer	Nifal	imperative	2	את	הִשָּׁאֲרִי
4562	11	62	conjugations/lehishaer/imperative-03.mp3	lehishaer	Nifal	imperative	3	אתם	הִשָּׁאֲרוּ
4563	11	63	conjugations/lehishaer/imperative-04.mp3	lehishaer	Nifal	imperative	4	אתן	הִשָּׁאֲרוּ
4564	11	64	conjugations/lehishaer/infinitive-01.mp3	lehishaer	Nifal	infinitive	1		לְהִישָּׁאֵר
