sequence	batch	scene	relative_path	verb_key	binyan	tense	row	pronoun	text
1	1	1	examples/katav/past-01.mp3	katav	Paal	past	1	אני	כָּתַבְתִּי מְכָתָב לַחֲבֵרִי הַיּוֹם.
2	1	2	examples/katav/past-02.mp3	katav	Paal	past	2	אתה	כָּתַבְתָּ לִי מִכְתָב מַמָּשׁ יָפֶה בְּיוֹם הוּלֶדֶת שֶׁלִּי.
3	1	3	examples/katav/past-03.mp3	katav	Paal	past	3	את	אַתְּ כָּתַבְתְּ אֶת הַמִּכְתָּב הַזֶּה בַּיּוֹם שֶׁעָבַר.
4	1	4	examples/katav/past-04.mp3	katav	Paal	past	4	הוא	הִוא כָּתַב מִכְתָב אֲרוּךְ לַחֲבֵרוֹ
5	1	5	examples/katav/past-05.mp3	katav	Paal	past	5	היא	הִיא כָּתְבָה מִכְתָב אָרוֹךְ לְחָבֵרָהּ.
6	1	6	examples/katav/past-06.mp3	katav	Paal	past	6	אנחנו	"כָּתַבְנוּ מכתב לחברינו בחו""ל."
7	1	7	examples/katav/past-07.mp3	katav	Paal	past	7	אתם	כְּתַבְתֶּם מִכְתָב מְאוֹד מְרָגֵשׁ אֶתְמוֹל.
8	1	8	examples/katav/past-08.mp3	katav	Paal	past	8	אתן	כְּתַבְתֶּן מִכְתָבִים לַחֲבֵרוֹתֵיכֶם בִּמְכוֹנָה הַזְמָן הַשָּׁבוּע.
9	1	9	examples/katav/past-09.mp3	katav	Paal	past	9	הם	הם כָּתְבוּ את המכתב אתמול.
10	1	10	examples/katav/past-10.mp3	katav	Paal	past	10	הן	הֵם כָּתְבוּ אֶת הַסִּפּוּר הַזֶּה בְּיַחַד.
11	1	11	examples/katav/present-01.mp3	katav	Paal	present	1	אני	אני כּוֹתֵב מכתב לאחותי.
12	1	12	examples/katav/present-02.mp3	katav	Paal	present	2	אני	אני כּוֹתֶבֶת מכתב לחברה שלי.
13	1	13	examples/katav/present-03.mp3	katav	Paal	present	3	אתה	אתה כותב מכתב לאחיך.
14	1	14	examples/katav/present-04.mp3	katav	Paal	present	4	את	הילדה כּוֹתֶבֶת מכתב לחברתה.
15	1	15	examples/katav/present-05.mp3	katav	Paal	present	5	הוא	הוא כּוֹתֵב מכתב לחברו.
16	1	16	examples/katav/present-06.mp3	katav	Paal	present	6	היא	הִיא כּוֹתֶבֶת מִכְתָּב לְחָבֵרָהּ.
17	1	17	examples/katav/present-07.mp3	katav	Paal	present	7	אנחנו	כּוֹתְבִים מִכְתָּבִים לְחַבֵרִים בְּשׁוּבָב.
18	1	18	examples/katav/present-08.mp3	katav	Paal	present	8	אנחנו	אנחנו כּוֹתְבוֹת מכתבים לחברים שלנו.
19	1	19	examples/katav/present-09.mp3	katav	Paal	present	9	אתם	אתם כותבים את המכתבים בקפידה.
20	1	20	examples/katav/present-10.mp3	katav	Paal	present	10	אתן	הַסְּטוּדֶנְטִיּוֹת כּוֹתְבוֹת עֲבוֹדוֹת בְּסֵמֶסְטֶר הַזֶּה.
21	1	21	examples/katav/present-11.mp3	katav	Paal	present	11	הם	כּוֹתְבִים אֲנַחְנוּ בְּשִׁירִים כָּל בֹּקֶר.
22	1	22	examples/katav/present-12.mp3	katav	Paal	present	12	הן	הַנָּשִׁים כּוֹתְבוֹת מִכְתָּבִים לַחֲבֵרוֹתֵיהֶן.
23	1	23	examples/katav/future-01.mp3	katav	Paal	future	1	אני	ביום שישי אֶכְתּוֹב מכתב לאמא שלי.
24	1	24	examples/katav/future-02.mp3	katav	Paal	future	2	אתה	אם לא תכתוב את המכתב היום, לא יגיע בזמן.
25	1	25	examples/katav/future-03.mp3	katav	Paal	future	3	את	תכתבי לי מכתב כשהגעת לשם.
26	1	26	examples/katav/future-04.mp3	katav	Paal	future	4	הוא	הוּא יִכְתּוֹב מַכְתָּב לְחָבֵרוֹ.
27	1	27	examples/katav/future-05.mp3	katav	Paal	future	5	היא	תִּכְתּוֹב מכתב לחברתה מחר.
28	1	28	examples/katav/future-06.mp3	katav	Paal	future	6	אנחנו	אנחנו נכתוב את המכתב מחר.
29	1	29	examples/katav/future-07.mp3	katav	Paal	future	7	אתם	תכתבו את השיעורי בית לפני שתצאו לחופשה.
30	1	30	examples/katav/future-08.mp3	katav	Paal	future	8	אתן	"תכתבו את הדו""ח מחר בבוקר."
31	1	31	examples/katav/future-09.mp3	katav	Paal	future	9	הם	הם יִכְתְּבוּ את הסיפורים שלהם מחר.
32	1	32	examples/katav/future-10.mp3	katav	Paal	future	10	הן	הילדים יכתבו מכתבים לחברים שלהם.
33	1	33	examples/katav/imperative-01.mp3	katav	Paal	imperative	1	אתה	כְּתוֹב לי מכתב כשהגעת לשם.
34	1	34	examples/katav/imperative-02.mp3	katav	Paal	imperative	2	את	כִּתְבִי לי מכתב כשהגעת לשם.
35	1	35	examples/katav/imperative-03.mp3	katav	Paal	imperative	3	אתם	כִּתְבוּ מִכְתָבִים לַחֲבֵרִים שֶׁלָּכֶם.
36	1	36	examples/katav/imperative-04.mp3	katav	Paal	imperative	4	אתן	כְּתֹבְנָה עכשיו, בבקשה.
37	1	37	examples/katav/infinitive-01.mp3	katav	Paal	infinitive	1		אני רוצה לכתוב מכתב לאמא שלי.
38	1	38	examples/lamad/past-01.mp3	lamad	Paal	past	1	אני	בֵּית-הַסֵפֶר שֶׁלִי לָמַדְתִּי אוֹתוֹ הָיָה מְאֹד מַעֲנִיֵן.
39	1	39	examples/lamad/past-02.mp3	lamad	Paal	past	2	אתה	לָמַדְתָּ לְנַגֵּן בְּגִיטָרָה בִּזְמַן הַקוֹרוֹנָה.
40	1	40	examples/lamad/past-03.mp3	lamad	Paal	past	3	את	אחרי שסיימת את הלימודים, מה לָמַדְתְּ?
41	1	41	examples/lamad/past-04.mp3	lamad	Paal	past	4	הוא	הילד לָמַד לרכב על אופניים במהירות.
42	1	42	examples/lamad/past-05.mp3	lamad	Paal	past	5	היא	הִיא לָמְדָה לְנַגֵּן בְּפִסַנְתֵּר בִּגְדוּלָה.
43	1	43	examples/lamad/past-06.mp3	lamad	Paal	past	6	אנחנו	לָמַדְנוּ כַּמָּה דְּבָרִים חֲדָשִׁים בְּשִׁעוּר הַיּוֹם.
44	1	44	examples/lamad/past-07.mp3	lamad	Paal	past	7	אתם	במה למדתם בבית הספר היום?
45	1	45	examples/lamad/past-08.mp3	lamad	Paal	past	8	אתן	לְמַדְתֶּן לִרְכּוֹב עַל אוֹפָנַיִם כְּשֶׁהֱיִיתֶן יְלָדוֹת קְטַנּוֹת.
46	1	46	examples/lamad/past-09.mp3	lamad	Paal	past	9	הם	הם לָמְדוּ להכין את המתכון הזה בשיעור הבישול.
47	1	47	examples/lamad/past-10.mp3	lamad	Paal	past	10	הן	הַתְּלָמִידִים לָמְדוּ אֶת הַשִּׁיר בַּשֵּׂפֶר.
48	1	48	examples/lamad/present-01.mp3	lamad	Paal	present	1	אני	אני לומד בבית הספר.
49	1	49	examples/lamad/present-02.mp3	lamad	Paal	present	2	אני	אני לוֹמֶדֶת עִבְרִית בְּבֵית סֵפֶר.
50	1	50	examples/lamad/present-03.mp3	lamad	Paal	present	3	אתה	אתה לומד עכשיו בבית הספר?
51	1	51	examples/lamad/present-04.mp3	lamad	Paal	present	4	את	היא לומדת לשחות בבריכה כל שבוע.
52	1	52	examples/lamad/present-05.mp3	lamad	Paal	present	5	הוא	הוא לומד בבית הספר כל יום.
53	1	53	examples/lamad/present-06.mp3	lamad	Paal	present	6	היא	היא לומדת בבית ספר חדש השנה.
54	1	54	examples/lamad/present-07.mp3	lamad	Paal	present	7	אנחנו	בבית הספר אנחנו לומדים על ההיסטוריה של ישראל.
55	1	55	examples/lamad/present-08.mp3	lamad	Paal	present	8	אנחנו	אנחנו לומדות את השפה העברית בקורס מיוחד לנשים.
56	1	56	examples/lamad/present-09.mp3	lamad	Paal	present	9	אתם	אתם לוֹמְדִים בצורה מצוינת את השפה העברית.
57	1	57	examples/lamad/present-10.mp3	lamad	Paal	present	10	אתן	הבנות לומדות את השיעור ברצינות רבה.
58	1	58	examples/lamad/present-11.mp3	lamad	Paal	present	11	הם	הם לומדים שפות חדשות בבית הספר.
59	1	59	examples/lamad/present-12.mp3	lamad	Paal	present	12	הן	הבנות לומדות בשקידה לקראת הבחינה.
60	1	60	examples/lamad/future-01.mp3	lamad	Paal	future	1	אני	אֶלְמַד לִשְׁחוֹת בַּקַיִץ הַבָּא.
61	1	61	examples/lamad/future-02.mp3	lamad	Paal	future	2	אתה	תִּלְמַד לִרְכּוֹב עַל אוֹפָנַיִם בַּמֶּרְכָּז.
62	1	62	examples/lamad/future-03.mp3	lamad	Paal	future	3	את	כשתִּלְמְדִי לנהוג, תוכלי לנסוע לכל מקום.
63	1	63	examples/lamad/future-04.mp3	lamad	Paal	future	4	הוא	מחר יִלְמַד איתי איך לרכוב על אופניים.
64	1	64	examples/lamad/future-05.mp3	lamad	Paal	future	5	היא	הִיא תִּלְמַד אֵת הַשִּׁיר הַחָדָשׁ בַּמֶּחְרָה.
65	1	65	examples/lamad/future-06.mp3	lamad	Paal	future	6	אנחנו	נִלְמַד מחר בבית הספר.
66	1	66	examples/lamad/future-07.mp3	lamad	Paal	future	7	אתם	תִּלְמְדוּ לְנַהֵג בְּזָהִירוּת בַּכְּבִישִׁים.
67	1	67	examples/lamad/future-08.mp3	lamad	Paal	future	8	אתן	תִּלְמְדוּ לְנַהֵג בְּזָהִירוּת בַּכְּבִישׁ.
68	1	68	examples/lamad/future-09.mp3	lamad	Paal	future	9	הם	בבית הספר, התלמידים יִלְמְדוּ מתמטיקה ומדעים.
69	1	69	examples/lamad/future-10.mp3	lamad	Paal	future	10	הן	הילדים ילמדו בבית הספר.
70	1	70	examples/lamad/imperative-01.mp3	lamad	Paal	imperative	1	אתה	לְמַד לְדַבֵּר עִבְרִית בְּבִטָחוֹן.
71	1	71	examples/lamad/imperative-02.mp3	lamad	Paal	imperative	2	את	לִמְדִי לְתַפֵּר אֶת הַשָּׂעוֹן
72	1	72	examples/lamad/imperative-03.mp3	lamad	Paal	imperative	3	אתם	לִמְדוּ לְהַקְשִׁיב לְקוֹלוֹת הַטֶבַע.
73	1	73	examples/lamad/imperative-04.mp3	lamad	Paal	imperative	4	אתן	לִמְדוּ לְהַקְשִׁיב לְקוֹלוֹת הַטֶבַע.
74	1	74	examples/lamad/infinitive-01.mp3	lamad	Paal	infinitive	1		אנחנו צריכים ללמוד את החומר הזה היטב לפני הבחינה.
75	1	75	examples/kara/past-01.mp3	kara	Paal	past	1	אני	קָרָאתִּי אֶת הַסֵּפֶר הַזֶּה אֶתְמוֹל בַּלַּיְלָה.
76	1	76	examples/kara/past-02.mp3	kara	Paal	past	2	אתה	האם קָרָאתָּ את הספר הזה כבר?
77	1	77	examples/kara/past-03.mp3	kara	Paal	past	3	את	קָרָאת את הספר הזה כבר?
78	1	78	examples/kara/past-04.mp3	kara	Paal	past	4	הוא	הוּא קָרָא אֶת הַסֵּפֶר כֻּלּוֹ בְּלַיְלָה אֶחָד.
79	1	79	examples/kara/past-05.mp3	kara	Paal	past	5	היא	הִיא קָרְאָה סֵפֶר מְעַנְיֵן בַּלַּיְלָה.
80	1	80	examples/kara/past-06.mp3	kara	Paal	past	6	אנחנו	קָרָאנוּ אֶת הַסֵּפֶר הַזֶּה בַּשָּׁבוּע שֶׁעָבַר.
81	1	81	examples/kara/past-07.mp3	kara	Paal	past	7	אתם	קְרָאתֶם את הספר הזה בעבר?
82	1	82	examples/kara/past-08.mp3	kara	Paal	past	8	אתן	אתן קְרָאתֶן את הספר הזה בילדותכן?
83	1	83	examples/kara/past-09.mp3	kara	Paal	past	9	הם	"בַּבֵּית־סֵפֶר קָרְאוּ אֶת ""הַתָּמִים"" לִכְבוֹד יוֹם הַשׁוֹאָה."
84	1	84	examples/kara/past-10.mp3	kara	Paal	past	10	הן	הילדות קָרְאוּ את הספר בשקט בחדרן.
85	1	85	examples/kara/present-01.mp3	kara	Paal	present	1	אני	אני קוֹרֵא את הספר הזה כל יום.
86	1	86	examples/kara/present-02.mp3	kara	Paal	present	2	אני	אני קוֹרֵאת ספר מעניין בכל יום.
87	1	87	examples/kara/present-03.mp3	kara	Paal	present	3	אתה	אתה קורא את הספר הזה בכל לילה.
88	1	88	examples/kara/present-04.mp3	kara	Paal	present	4	את	היא קוֹרֵאת ספר מרתק כל לילה לפני השינה.
89	1	89	examples/kara/present-05.mp3	kara	Paal	present	5	הוא	הוא קוֹרֵא את הספר בכל יום.
90	1	90	examples/kara/present-06.mp3	kara	Paal	present	6	היא	הִיא קוֹרֵאת סֵפֶר מְעֻנְיֵן בְּכָל פַּעַם שֶׁהִיא מְטַיֶּלֶת בַּפָּארק.
91	1	91	examples/kara/present-07.mp3	kara	Paal	present	7	אנחנו	אנחנו קוראים ספרים בכל ערב.
92	1	92	examples/kara/present-08.mp3	kara	Paal	present	8	אנחנו	אנחנו קוֹרְאוֹת ספרים בכל יום.
93	1	93	examples/kara/present-09.mp3	kara	Paal	present	9	אתם	כשאתם קוראים ספרים, אתם מתרחבים את הדעת.
94	1	94	examples/kara/present-10.mp3	kara	Paal	present	10	אתן	הבנות קוראות ספרים בכל יום.
95	1	95	examples/kara/present-11.mp3	kara	Paal	present	11	הם	הילדים קוראים ספרים בכל ערב.
96	1	96	examples/kara/present-12.mp3	kara	Paal	present	12	הן	הַיְּלָדוֹת קוֹרְאוֹת סֵפֶר בַּחֲצֵר.
97	1	97	examples/kara/future-01.mp3	kara	Paal	future	1	אני	בבוקר אֶקְרָא את העיתון.
98	1	98	examples/kara/future-02.mp3	kara	Paal	future	2	אתה	תִּקְרָא את הספר הזה מחר.
99	1	99	examples/kara/future-03.mp3	kara	Paal	future	3	את	תִּקְרְאִי את הספר הזה מחר.
100	1	100	examples/kara/future-04.mp3	kara	Paal	future	4	הוא	בְּשָׁבוּעַ הַבָּא, הוּא יִקְרָא אֶת הַסֵּפֶר הַחָדָשׁ.
101	1	101	examples/kara/future-05.mp3	kara	Paal	future	5	היא	מחר היא תִּקְרָא את הספר החדש.
102	1	102	examples/kara/future-06.mp3	kara	Paal	future	6	אנחנו	מחר בבוקר אנחנו נִקְרָא את הספר החדש.
103	1	103	examples/kara/future-07.mp3	kara	Paal	future	7	אתם	בבקשה תִּקְרְאוּ את הספר הזה עד מחר.
104	1	104	examples/kara/future-08.mp3	kara	Paal	future	8	אתן	בבוקר תִּקְרְאוּ את הספר הזה.
105	1	105	examples/kara/future-09.mp3	kara	Paal	future	9	הם	בשבוע הבא, יִקְרְאוּ בכיתה את הספר החדש.
106	1	106	examples/kara/future-10.mp3	kara	Paal	future	10	הן	בשבוע הבא יִקְרְאוּ את הספר החדש בכיתה.
107	1	107	examples/kara/imperative-01.mp3	kara	Paal	imperative	1	אתה	קְרָא את הספר הזה, הוא ממש מעניין.
108	1	108	examples/kara/imperative-02.mp3	kara	Paal	imperative	2	את	קִרְאִי את הספר הזה, הוא ממש מעניין.
109	1	109	examples/kara/imperative-03.mp3	kara	Paal	imperative	3	אתם	קִרְאוּ את הספר הזה, הוא מעניין מאוד.
110	1	110	examples/kara/imperative-04.mp3	kara	Paal	imperative	4	אתן	קְרֶאנָה עכשיו, בבקשה.
111	1	111	examples/kara/infinitive-01.mp3	kara	Paal	infinitive	1		אני אוהב לִקְרֹא ספרים בשעות הפנאי שלי.
112	1	112	examples/shir/past-01.mp3	shir	Paal	past	1	אני	כשהייתי ילד, שַׁרְתִּי בכל הזדמנות.
113	1	113	examples/shir/past-02.mp3	shir	Paal	past	2	אתה	אתמול שַׁרְתָּ בקול נפלא בחתונה.
114	1	114	examples/shir/past-03.mp3	shir	Paal	past	3	את	אתמול בבוקר שַׁרְתְּ בקול כל כך יפה.
115	1	115	examples/shir/past-04.mp3	shir	Paal	past	4	הוא	אתמול הוא שָׁר בקונצרט.
116	1	116	examples/shir/past-05.mp3	shir	Paal	past	5	היא	הִיא שָׁרָה בְּקוֹלָהּ הַמְּתוֹק.
117	1	117	examples/shir/past-06.mp3	shir	Paal	past	6	אנחנו	בחתונה של אחותי, שרנו את השיר האהוב עליה.
118	1	118	examples/shir/past-07.mp3	shir	Paal	past	7	אתם	אתמול בערב שַׁרְתֶּם בקולי קולות בחתונה של חברכם.
119	1	119	examples/shir/past-08.mp3	shir	Paal	past	8	אתן	אתן שַׁרְתֶּן בקול מתוק את השיר האהוב עלינו.
120	1	120	examples/shir/past-09.mp3	shir	Paal	past	9	הם	בַּחֲגִיגָה הֵם שָׁרוּ שִׁירִים רַבִּים.
121	1	121	examples/shir/past-10.mp3	shir	Paal	past	10	הן	הן שָׁרוּ בקולי קולות בהופעה המדהימה הזו.
122	1	122	examples/shir/present-01.mp3	shir	Paal	present	1	אני	אני שָׁר בכל פעם שאני שמח.
123	1	123	examples/shir/present-02.mp3	shir	Paal	present	2	אני	אני שָׁרָה כל בוקר בדרך לעבודה.
124	1	124	examples/shir/present-03.mp3	shir	Paal	present	3	אתה	אתה שָׁר כל כך יפה בקולך.
125	1	125	examples/shir/present-04.mp3	shir	Paal	present	4	את	שָׁרָה אחותי בקול מתוק מאוד.
126	1	126	examples/shir/present-05.mp3	shir	Paal	present	5	הוא	הוא שָׁר בקול חזק בחתונה.
127	1	127	examples/shir/present-06.mp3	shir	Paal	present	6	היא	שָׁרָה בקול מתוק כל בוקר.
128	1	128	examples/shir/present-07.mp3	shir	Paal	present	7	אנחנו	אנחנו שָׁרִים ביחד בכל שבת בבוקר.
129	1	129	examples/shir/present-08.mp3	shir	Paal	present	8	אנחנו	אנחנו שָׁרוֹת בקול רם וצלול.
130	1	130	examples/shir/present-09.mp3	shir	Paal	present	9	אתם	אתם שָׁרִים יפה מאוד.
131	1	131	examples/shir/present-10.mp3	shir	Paal	present	10	אתן	הן שָׁרוֹת בקול מתוק כל כך.
132	1	132	examples/shir/present-11.mp3	shir	Paal	present	11	הם	הם שָׁרִים בקולי קולות בחצר.
133	1	133	examples/shir/present-12.mp3	shir	Paal	present	12	הן	הן שָׁרוֹת בקול חזק בחזרה הביתה.
134	1	134	examples/shir/future-01.mp3	shir	Paal	future	1	אני	מחר אָשִׁיר בקונצרט.
135	1	135	examples/shir/future-02.mp3	shir	Paal	future	2	אתה	אולי תשיר לנו משהו יפה הערב?
136	1	136	examples/shir/future-03.mp3	shir	Paal	future	3	את	תָּשִׁירִי בְּקוֹל רָם וּמְלֶא הוֹד בַּחֲגִיגָה.
137	1	137	examples/shir/future-04.mp3	shir	Paal	future	4	הוא	הוא יָשִׁיר בקונצרט מחר בערב.
138	1	138	examples/shir/future-05.mp3	shir	Paal	future	5	היא	היא תָּשִׁיר בקונצרט מחר בערב.
139	1	139	examples/shir/future-06.mp3	shir	Paal	future	6	אנחנו	נָשִׁיר ביחד בחתונה.
140	1	140	examples/shir/future-07.mp3	shir	Paal	future	7	אתם	אֲנִי מַקְוֶה שֶׁתָּשִׁירוּ בַּחֲגִיגָה.
141	1	141	examples/shir/future-08.mp3	shir	Paal	future	8	אתן	בבקשה, תָּשִׁירוּ את השיר הזה בחתונה.
142	1	142	examples/shir/future-09.mp3	shir	Paal	future	9	הם	כָּל הַיְלָדִים יָשִׁירוּ בַּמְּסִבָּה הַלֵּילָה.
143	1	143	examples/shir/future-10.mp3	shir	Paal	future	10	הן	הֵן יָשִׁירוּ בְּקוֹל רָם וּמְלֵא שִׂמְחָה.
144	1	144	examples/shir/imperative-01.mp3	shir	Paal	imperative	1	אתה	שַׁיר לי את השיר האהוב עלייך.
145	1	145	examples/shir/imperative-02.mp3	shir	Paal	imperative	2	את	שִׁירִי לי את השיר הזה
146	1	146	examples/shir/imperative-03.mp3	shir	Paal	imperative	3	אתם	שִׁירוּ בְּקוֹל רָם וּשְׂמֵחִים
147	1	147	examples/shir/imperative-04.mp3	shir	Paal	imperative	4	אתן	שַׁרְנָה עכשיו, בבקשה.
148	1	148	examples/shir/infinitive-01.mp3	shir	Paal	infinitive	1		אני אוהב לשמוע אותה לָשִׁיר.
149	1	149	examples/shamar/past-01.mp3	shamar	Paal	past	1	אני	שָׁמַרְתִּי על הַבַּיִת כְּשֶׁהוּא הָיָה בַּמִּסע.
150	1	150	examples/shamar/past-02.mp3	shamar	Paal	past	2	אתה	אַתָּה שָׁמַרְתָּ עַל הַבַּיִת בְּזְמַן שֶׁהָיִינוּ בַּחוּץ.
151	1	151	examples/shamar/past-03.mp3	shamar	Paal	past	3	את	שָׁמַרְתְּ עַל הַבַּיִת כְּשֶׁהָיִיתִי בַּמִּסָּע.
152	1	152	examples/shamar/past-04.mp3	shamar	Paal	past	4	הוא	הוא שָׁמַר על הבית בזמן שהיינו בחופשה.
153	1	153	examples/shamar/past-05.mp3	shamar	Paal	past	5	היא	הַכֵּלֶב שָׁמְרָה עַל הַבַּיִת בְּלֵילָה.
154	1	154	examples/shamar/past-06.mp3	shamar	Paal	past	6	אנחנו	במהלך הטיול שָׁמַרְנוּ על כל הכללים של הבטיחות.
155	1	155	examples/shamar/past-07.mp3	shamar	Paal	past	7	אתם	שְׁמַרְתֶּם עַל הַבִּטָּחוֹן בְּמִשְׁפַּחְתְּכֶם בְּזְמַן הַמִּלְחָמָה.
156	1	156	examples/shamar/past-08.mp3	shamar	Paal	past	8	אתן	אתן שְׁמַרְתֶּן על הבית כשהורינו היו בחופשה.
157	1	157	examples/shamar/past-09.mp3	shamar	Paal	past	9	הם	הם שָׁמְרוּ על הבית בזמן שהוריהם היו בחופשה.
158	1	158	examples/shamar/past-10.mp3	shamar	Paal	past	10	הן	הַכּוֹחוֹת הַצְּבָאִיִים שָׁמְרוּ עַל הַגְּבוּל.
159	1	159	examples/shamar/present-01.mp3	shamar	Paal	present	1	אני	אני שׁוֹמֵר על הבית כדי להבטיח שהכל בסדר.
160	1	160	examples/shamar/present-02.mp3	shamar	Paal	present	2	אני	אני שׁוֹמֶרֶת על הַבַּיִת בְּזְמַן שֶׁאַתָּה בָּעֲבוֹדָה.
161	1	161	examples/shamar/present-03.mp3	shamar	Paal	present	3	אתה	אתה שומר על הבית שלנו בזמן שאנחנו בחופשה.
162	1	162	examples/shamar/present-04.mp3	shamar	Paal	present	4	את	הַיּוֹנָה שׁוֹמֶרֶת עַל הַבֵּיצִים בַּקֵּן.
163	1	163	examples/shamar/present-05.mp3	shamar	Paal	present	5	הוא	הַשּׁוֹמֵר עוֹמֵד בְּפֶתַח הַשַּׁעַר.
164	1	164	examples/shamar/present-06.mp3	shamar	Paal	present	6	היא	הִיא שׁוֹמֶרֶת עַל הַבַּיִת כְּשֶׁאֲנַחְנוּ בַּחוּץ.
165	1	165	examples/shamar/present-07.mp3	shamar	Paal	present	7	אנחנו	אנחנו שׁוֹמְרִים על הבית בזמן שהם בחופשה.
166	1	166	examples/shamar/present-08.mp3	shamar	Paal	present	8	אנחנו	אנחנו שׁוֹמְרוֹת על הגן כדי להבטיח שהציפורים לא יפגעו בו.
167	1	167	examples/shamar/present-09.mp3	shamar	Paal	present	9	אתם	שׁוֹמְרִים אֶת הַבַּיִת בְּעֵינַיִם פְּקוּחוֹת.
168	1	168	examples/shamar/present-10.mp3	shamar	Paal	present	10	אתן	הַנָּשִׁים שׁוֹמְרוֹת עַל הַבַּיִת בְּעֵת הַמִּלְחָמָה.
169	1	169	examples/shamar/present-11.mp3	shamar	Paal	present	11	הם	הם שׁוֹמְרִים על הביטחון של המדינה.
170	1	170	examples/shamar/present-12.mp3	shamar	Paal	present	12	הן	הן שׁוֹמְרוֹת על הבית בזמן שאנחנו בחופשה.
171	1	171	examples/shamar/future-01.mp3	shamar	Paal	future	1	אני	אֶשְׁמוֹר על הבית שלך כשתהיה בחופשה.
172	1	172	examples/shamar/future-02.mp3	shamar	Paal	future	2	אתה	אבא אמר שתשמור על האחים הקטנים כשהוא יחזור הביתה.
173	1	173	examples/shamar/future-03.mp3	shamar	Paal	future	3	את	תִּשְׁמְרִי על הילדים כשאני בחדר.
174	1	174	examples/shamar/future-04.mp3	shamar	Paal	future	4	הוא	תפילה קטנה שיִשְׁמוֹר עלינו מכל משמר.
175	1	175	examples/shamar/future-05.mp3	shamar	Paal	future	5	היא	היא תִּשְׁמוֹר על הבית כשאני בחופשה.
176	1	176	examples/shamar/future-06.mp3	shamar	Paal	future	6	אנחנו	אנחנו נִשְׁמוֹר על הבית שלנו בזמן שאתם בחופשה.
177	1	177	examples/shamar/future-07.mp3	shamar	Paal	future	7	אתם	תִּשְׁמְרוּ על הילדים בזמן שאני בחנות.
178	1	178	examples/shamar/future-08.mp3	shamar	Paal	future	8	אתן	הַנָּשִׁים תִּשְׁמֹרְנָה עַל הַבָּתִּים בְּעֵת מִלְחָמָה.
179	1	179	examples/shamar/future-09.mp3	shamar	Paal	future	9	הם	הם יִשְׁמְרוּ על הבית בזמן הנסיעה.
180	1	180	examples/shamar/future-10.mp3	shamar	Paal	future	10	הן	הַנָּשִׁים תִּשְׁמֹרְנָה עַל הַבָּתִּים בְּעֵת הַמִּלְחָמָה.
181	1	181	examples/shamar/imperative-01.mp3	shamar	Paal	imperative	1	אתה	שְׁמוֹר על הַכּוֹס, אַל תַּפִּיל אוֹתָהּ.
182	1	182	examples/shamar/imperative-02.mp3	shamar	Paal	imperative	2	את	שִׁמְרִי עַל הַבַּיִת בִּזְמַן הַהֶעְדְרוּתִי.
183	1	183	examples/shamar/imperative-03.mp3	shamar	Paal	imperative	3	אתם	שִׁמְרוּ עַל הַכְּלָבִים כְּשֶׁאַתֶּם יוֹצְאִים לְטִיּוּל.
184	1	184	examples/shamar/imperative-04.mp3	shamar	Paal	imperative	4	אתן	שְׁמֹרְנָה עכשיו, בבקשה.
185	1	185	examples/shamar/infinitive-01.mp3	shamar	Paal	infinitive	1		חשוב לִשְׁמוֹר על הבריאות שלנו.
186	1	186	examples/ratz/past-01.mp3	ratz	Paal	past	1	אני	רַצְתִּי בַּחוֹף הַיָּם וְהִרְגָּשְׁתִּי חוֹפְשִׁי.
187	1	187	examples/ratz/past-02.mp3	ratz	Paal	past	2	אתה	בבוקר אתה רצת בפארק והיה לך כיף.
188	1	188	examples/ratz/past-03.mp3	ratz	Paal	past	3	את	רַצְתְּ מַהֵר לְהִגִּיעַ לַמּוֹעֵד
189	1	189	examples/ratz/past-04.mp3	ratz	Paal	past	4	הוא	אתמול ראיתי את יואב שרץ בפארק.
190	1	190	examples/ratz/past-05.mp3	ratz	Paal	past	5	היא	הִיא רָצָה בַּפָּרק עִם הַכֶּלֶב שֶׁלָּהּ.
191	1	191	examples/ratz/past-06.mp3	ratz	Paal	past	6	אנחנו	ביום שישי רצנו בחוף הים והיה מדהים.
192	1	192	examples/ratz/past-07.mp3	ratz	Paal	past	7	אתם	אחרי שרצתם בפארק, בטח אתם מרגישים יותר רעננים.
193	1	193	examples/ratz/past-08.mp3	ratz	Paal	past	8	אתן	אַתֶּן רַצְתֶּן לַחֲנוּת כְּדֵי לִקְנוֹת חָלָב.
194	1	194	examples/ratz/past-09.mp3	ratz	Paal	past	9	הם	הם רָצוּ לבית הספר בבוקר.
195	1	195	examples/ratz/past-10.mp3	ratz	Paal	past	10	הן	הֵן רָצוּ בַּחֲצַר הַבַּיִת.
196	1	196	examples/ratz/present-01.mp3	ratz	Paal	present	1	אני	אני רָץ בפארק כל בוקר.
197	1	197	examples/ratz/present-02.mp3	ratz	Paal	present	2	אני	רָצָה בַּחֲצָר.
198	1	198	examples/ratz/present-03.mp3	ratz	Paal	present	3	אתה	אתה רץ בפארק כל בוקר.
199	1	199	examples/ratz/present-04.mp3	ratz	Paal	present	4	את	הִיא רָצָה בַּפָּרק לִפְנֵי הַשִּׁנָה.
200	1	200	examples/ratz/present-05.mp3	ratz	Paal	present	5	הוא	הַיֶּלֶד רָץ בַּגִּנָּה.
201	1	201	examples/ratz/present-06.mp3	ratz	Paal	present	6	היא	הִיא רָצָה בַּפָּארק בְּכָל בֹּקֶר.
202	1	202	examples/ratz/present-07.mp3	ratz	Paal	present	7	אנחנו	אנחנו רָצִים בחזרה הביתה מדי ערב.
203	1	203	examples/ratz/present-08.mp3	ratz	Paal	present	8	אנחנו	אנחנו רָצוֹת לפארק כל יום.
204	1	204	examples/ratz/present-09.mp3	ratz	Paal	present	9	אתם	אתם רָצִים מהר כל כך!
205	1	205	examples/ratz/present-10.mp3	ratz	Paal	present	10	אתן	אַתֶּן רָצוֹת לַבֵּית-הַסֵּפֶר בַּבֹּקֶר.
206	1	206	examples/ratz/present-11.mp3	ratz	Paal	present	11	הם	הילדים רָצִים בחצר בשמחה.
207	1	207	examples/ratz/present-12.mp3	ratz	Paal	present	12	הן	הֵן רָצוֹת בַּפָּרק
208	1	208	examples/ratz/future-01.mp3	ratz	Paal	future	1	אני	בבוקר אָרוּץ בפארק.
209	1	209	examples/ratz/future-02.mp3	ratz	Paal	future	2	אתה	תָּרוּץ לבית הספר בכל בוקר.
210	1	210	examples/ratz/future-03.mp3	ratz	Paal	future	3	את	בבוקר תָּרוּצִי בפארק.
211	1	211	examples/ratz/future-04.mp3	ratz	Paal	future	4	הוא	בוקר אחד יָרוּץ עם החברים שלו בפארק.
212	1	212	examples/ratz/future-05.mp3	ratz	Paal	future	5	היא	הִיא תָּרוּץ בַּפָּרק בְּבֽוֹקֶר.
213	1	213	examples/ratz/future-06.mp3	ratz	Paal	future	6	אנחנו	נָרוּץ לפארק בבוקר כדי להתעמל.
214	1	214	examples/ratz/future-07.mp3	ratz	Paal	future	7	אתם	אם תָּרוּצוּ מהר, תגיעו לשם בזמן.
215	1	215	examples/ratz/future-08.mp3	ratz	Paal	future	8	אתן	אולי תרוצו בחצר אחרי שהגשם יפסיק.
216	1	216	examples/ratz/future-09.mp3	ratz	Paal	future	9	הם	הילדים ירוצו בחצר במהירות.
217	1	217	examples/ratz/future-10.mp3	ratz	Paal	future	10	הן	הילדים ירוצו בחצר במהירות.
218	1	218	examples/ratz/imperative-01.mp3	ratz	Paal	imperative	1	אתה	רוּץ מהר לתפוס את האוטובוס!
219	1	219	examples/ratz/imperative-02.mp3	ratz	Paal	imperative	2	את	רוּצִי מהר, הגיע הזמן לתפוס את האוטובוס!
220	1	220	examples/ratz/imperative-03.mp3	ratz	Paal	imperative	3	אתם	רוּצוּ מהר לתפוס את האוטובוס!
221	1	221	examples/ratz/imperative-04.mp3	ratz	Paal	imperative	4	אתן	רוּצוּ מהר לתפוס את האוטובוס!
222	1	222	examples/ratz/infinitive-01.mp3	ratz	Paal	infinitive	1		כדי לשמור על הבריאות, חשוב לָרוּץ לפחות שלוש פעמים בשבוע.
223	1	223	examples/avad/past-01.mp3	avad	Paal	past	1	אני	עָבַדְתִּי בחברה הזו במשך חמש שנים.
224	1	224	examples/avad/past-02.mp3	avad	Paal	past	2	אתה	עָבַדְתָּ קָשֶׁה בַּשָּׂדֶה הַיּוֹם
225	1	225	examples/avad/past-03.mp3	avad	Paal	past	3	את	עָבַדְתְּ קָשֶׁה בַּשָּׂדֶה אֶתְמוֹל.
226	1	226	examples/avad/past-04.mp3	avad	Paal	past	4	הוא	יוֹסֵף עָבַד בְּמִפְעָל לְכַמָּה שָׁנִים.
227	1	227	examples/avad/past-05.mp3	avad	Paal	past	5	היא	הִיא עָבְדָה בְּחֲנֻתַיִם כְּדֵי לְשַׁלֵּם אֶת הַחוֹבוֹת שֶׁלָּהּ.
228	1	228	examples/avad/past-06.mp3	avad	Paal	past	6	אנחנו	בשבוע שעבר עָבַדְנוּ קשה מאוד בפרויקט החדש.
229	1	229	examples/avad/past-07.mp3	avad	Paal	past	7	אתם	אתם עֲבַדְתֶּם קשה כל השבוע.
230	1	230	examples/avad/past-08.mp3	avad	Paal	past	8	אתן	עֲבַדְתֶּן קָשֶׁה בַּשָּׂדֶה כָּל הַיּוֹם.
231	1	231	examples/avad/past-09.mp3	avad	Paal	past	9	הם	הם עָבְדוּ קשה כל היום בשדה.
232	1	232	examples/avad/past-10.mp3	avad	Paal	past	10	הן	הם עָבְדוּ בשדה כל היום.
233	1	233	examples/avad/present-01.mp3	avad	Paal	present	1	אני	אני עובד בחברה גדולה.
234	1	234	examples/avad/present-02.mp3	avad	Paal	present	2	אני	אני עובדת בחברה גדולה בתל אביב.
235	1	235	examples/avad/present-03.mp3	avad	Paal	present	3	אתה	אתה עוֹבֵד בבנק מאז שסיימת את הלימודים.
236	1	236	examples/avad/present-04.mp3	avad	Paal	present	4	את	היא עוֹבֶדֶת בבית חולים כאחות.
237	1	237	examples/avad/present-05.mp3	avad	Paal	present	5	הוא	הוא עוֹבֵד בחברה גדולה בעיר.
238	1	238	examples/avad/present-06.mp3	avad	Paal	present	6	היא	היא עוֹבֶדֶת בחברה גדולה בעיר.
239	1	239	examples/avad/present-07.mp3	avad	Paal	present	7	אנחנו	אנחנו עובדים כל יום בשביל לפרנס את המשפחה שלנו.
240	1	240	examples/avad/present-08.mp3	avad	Paal	present	8	אנחנו	אנחנו עוֹבְדוֹת בחברה גדולה בתל אביב.
241	1	241	examples/avad/present-09.mp3	avad	Paal	present	9	אתם	אתם עוֹבְדִים קשה מדי, צריך לנוח קצת.
242	1	242	examples/avad/present-10.mp3	avad	Paal	present	10	אתן	אנחנו עובדות בחברה הזו כבר חמש שנים.
243	1	243	examples/avad/present-11.mp3	avad	Paal	present	11	הם	הם עוֹבְדִים בשדה כל יום.
244	1	244	examples/avad/present-12.mp3	avad	Paal	present	12	הן	הן עוֹבְדוֹת בחברה גדולה בתל אביב.
245	1	245	examples/avad/future-01.mp3	avad	Paal	future	1	אני	מחר אֶעֱבֹד במשרד חדש.
246	1	246	examples/avad/future-02.mp3	avad	Paal	future	2	אתה	תַּעֲבֹד בחברה הזו לאחר שתסיים את הלימודים.
247	1	247	examples/avad/future-03.mp3	avad	Paal	future	3	את	תַּעַבְדִי בחברה הזו בשנה הבאה.
248	1	248	examples/avad/future-04.mp3	avad	Paal	future	4	הוא	הוא יַעֲבֹד בחווה בקיץ.
249	1	249	examples/avad/future-05.mp3	avad	Paal	future	5	היא	היא תַּעֲבֹד בחברה חדשה בעוד שבועיים.
250	1	250	examples/avad/future-06.mp3	avad	Paal	future	6	אנחנו	נַעֲבֹד יחד על הפרויקט מחר.
251	1	251	examples/avad/future-07.mp3	avad	Paal	future	7	אתם	בשנה הבאה תעבדו בפרויקט חדש.
252	1	252	examples/avad/future-08.mp3	avad	Paal	future	8	אתן	תַּעַבְדוּ בחברה הזו בשנה הבאה.
253	1	253	examples/avad/future-09.mp3	avad	Paal	future	9	הם	בשנה הבאה יַעַבְדוּ כולם בשדה החדש.
254	1	254	examples/avad/future-10.mp3	avad	Paal	future	10	הן	הם יַעַבְדוּ בשדה מחר.
255	1	255	examples/avad/imperative-01.mp3	avad	Paal	imperative	1	אתה	עֲבֹד קשה ותצליח במשימות שלך.
256	1	256	examples/avad/imperative-02.mp3	avad	Paal	imperative	2	את	בבקשה, עַבְדִי במהירות כדי לסיים את המשימה.
257	1	257	examples/avad/imperative-03.mp3	avad	Paal	imperative	3	אתם	עַבְדוּ בְּמֶסִירוּת בְּשָׂדֶה הַעֲבוֹדָה.
258	1	258	examples/avad/imperative-04.mp3	avad	Paal	imperative	4	אתן	עֲבֹדְנָה עכשיו, בבקשה.
259	1	259	examples/avad/infinitive-01.mp3	avad	Paal	infinitive	1		אני רוצה לַעֲבֹד בחברה גדולה ומצליחה.
260	1	260	examples/sichek/past-01.mp3	sichek	Piel	past	1	אני	אתמול שִׂחַקְתִּי עם הילדים בגינה.
261	1	261	examples/sichek/past-02.mp3	sichek	Piel	past	2	אתה	אתמול שִׂחַקְתָּ עם הילדים בגינה.
262	1	262	examples/sichek/past-03.mp3	sichek	Piel	past	3	את	אתמול בבוקר שִׂחַקְתְּ עם הילדים בגינה.
263	1	263	examples/sichek/past-04.mp3	sichek	Piel	past	4	הוא	הילד שִׂחֵק בחצר עם חבריו.
264	1	264	examples/sichek/past-05.mp3	sichek	Piel	past	5	היא	הַיֶּלֶד שִׂחֲקָה בַּגִּינָה הַיּוֹם.
265	1	265	examples/sichek/past-06.mp3	sichek	Piel	past	6	אנחנו	אתמול שִׂחַקְנוּ כדורגל בפארק.
266	1	266	examples/sichek/past-07.mp3	sichek	Piel	past	7	אתם	אתמול שִׂחַקְתֶּם כדורגל בחצר.
267	1	267	examples/sichek/past-08.mp3	sichek	Piel	past	8	אתן	כשהייתן ילדות, שִׂחַקְתֶּן בחצר בכל יום.
268	1	268	examples/sichek/past-09.mp3	sichek	Piel	past	9	הם	הילדים שִׂחֲקוּ בחצר בית הספר אתמול.
269	1	269	examples/sichek/past-10.mp3	sichek	Piel	past	10	הן	הילדות שִׂחֲקוּ בחצר בית הספר.
270	1	270	examples/sichek/present-01.mp3	sichek	Piel	present	1	אני	אני מְשַׂחֵק בחצר עם חבריי.
271	1	271	examples/sichek/present-02.mp3	sichek	Piel	present	2	אני	הַיָּלְדָה מְשַׂחֶקֶת בַּגִּינָה.
272	1	272	examples/sichek/present-03.mp3	sichek	Piel	present	3	אתה	אתה מְשַׂחֵק עם החברים שלך בגינה.
273	1	273	examples/sichek/present-04.mp3	sichek	Piel	present	4	את	היא מְשַׂחֶקֶת עם חברותיה בגינה.
274	1	274	examples/sichek/present-05.mp3	sichek	Piel	present	5	הוא	הבן שלי מְשַׂחֵק בחצר עם חבריו.
275	1	275	examples/sichek/present-06.mp3	sichek	Piel	present	6	היא	הילדה מְשַׂחֶקֶת בחצר עם חברותיה.
276	1	276	examples/sichek/present-07.mp3	sichek	Piel	present	7	אנחנו	אנחנו מְשַׂחֲקִים בחצר בכל יום.
277	1	277	examples/sichek/present-08.mp3	sichek	Piel	present	8	אנחנו	אנחנו מְשַׂחֲקוֹת בגינה כל יום אחר הצהריים.
278	1	278	examples/sichek/present-09.mp3	sichek	Piel	present	9	אתם	אתם מְשַׂחֲקִים בחצר בכל יום.
279	1	279	examples/sichek/present-10.mp3	sichek	Piel	present	10	אתן	הילדות מְשַׂחֲקוֹת בחצר בית הספר.
280	1	280	examples/sichek/present-11.mp3	sichek	Piel	present	11	הם	הילדים מְשַׂחֲקִים בחצר בכל יום.
281	1	281	examples/sichek/present-12.mp3	sichek	Piel	present	12	הן	הילדות מְשַׂחֲקוֹת בחצר.
282	1	282	examples/sichek/future-01.mp3	sichek	Piel	future	1	אני	מחר אֲשַׂחֵק עם החברים שלי בחצר.
283	1	283	examples/sichek/future-02.mp3	sichek	Piel	future	2	אתה	מחר אתה תשחק עם חבריך בגינה.
284	1	284	examples/sichek/future-03.mp3	sichek	Piel	future	3	את	בבוקר תשחקי עם החברות שלך בגינה.
285	1	285	examples/sichek/future-04.mp3	sichek	Piel	future	4	הוא	הילד יְשַׂחֵק בחצר מחר אחר הצהריים.
286	1	286	examples/sichek/future-05.mp3	sichek	Piel	future	5	היא	היא תשחק בפארק עם החברים שלה.
287	1	287	examples/sichek/future-06.mp3	sichek	Piel	future	6	אנחנו	מחר אנחנו נשחק בחצר.
288	1	288	examples/sichek/future-07.mp3	sichek	Piel	future	7	אתם	מחר, כשהילדים יחזרו מהגן, תשחקו איתם במשחקים.
289	1	289	examples/sichek/future-08.mp3	sichek	Piel	future	8	אתן	תְּשַׂחֲקוּ בחצר בזמן שאני אכין את הארוחה.
290	1	290	examples/sichek/future-09.mp3	sichek	Piel	future	9	הם	הַיְלָדִים יְשַׂחֲקוּ בַּחֲצָר בְּעוֹד שָׁעָה.
291	1	291	examples/sichek/future-10.mp3	sichek	Piel	future	10	הן	הילדות יְשַׂחֲקוּ בגינה מחר בבוקר.
292	1	292	examples/sichek/imperative-01.mp3	sichek	Piel	imperative	1	אתה	שַׂחֵק עם החברים שלך בחצר.
293	1	293	examples/sichek/imperative-02.mp3	sichek	Piel	imperative	2	את	שַׂחֲקִי עם הילדים בחצר.
294	1	294	examples/sichek/imperative-03.mp3	sichek	Piel	imperative	3	אתם	שַׂחֲקוּ עם הילדים בחצר.
295	1	295	examples/sichek/imperative-04.mp3	sichek	Piel	imperative	4	אתן	שַׂחֵּקְנָה עכשיו, בבקשה.
296	1	296	examples/sichek/infinitive-01.mp3	sichek	Piel	infinitive	1		אני אוהב לְשַׂחֵק עם החברים שלי בחצר.
297	1	297	examples/tzachak/past-01.mp3	tzachak	Paal	past	1	אני	אמש בחברת חברים צָחַקְתִּי עד דמעות.
298	1	298	examples/tzachak/past-02.mp3	tzachak	Paal	past	2	אתה	אתמול צָחַקְתָּ כל כך חזק שכמעט נפלת מהכסא.
299	1	299	examples/tzachak/past-03.mp3	tzachak	Paal	past	3	את	בפעם הראשונה שצָחַקְתְּ, הבנתי כמה את חשובה לי.
300	1	300	examples/tzachak/past-04.mp3	tzachak	Paal	past	4	הוא	הילד צָחַק כשהכלב רדף אחרי הזנב שלו.
301	1	301	examples/tzachak/past-05.mp3	tzachak	Paal	past	5	היא	הִיא צָחֲקָה כְּשֶׁשָׁמְעָה אֶת הַבְּדִיחָה.
302	1	302	examples/tzachak/past-06.mp3	tzachak	Paal	past	6	אנחנו	ביום ההולדת שלו צָחַקְנוּ כל כך הרבה.
303	1	303	examples/tzachak/past-07.mp3	tzachak	Paal	past	7	אתם	כשסיפרתי לכם את הבדיחה, צְחַקְתֶּם בקול רם.
304	1	304	examples/tzachak/past-08.mp3	tzachak	Paal	past	8	אתן	בפעם האחרונה שיצאנו לטיול ביחד, צְחַקְתֶּן כל הדרך.
305	1	305	examples/tzachak/past-09.mp3	tzachak	Paal	past	9	הם	כולם צָחֲקוּ כשסיפרתי את הבדיחה.
306	1	306	examples/tzachak/past-10.mp3	tzachak	Paal	past	10	הן	הילדות צָחֲקוּ כשהן שמעו את הבדיחה.
307	1	307	examples/tzachak/present-01.mp3	tzachak	Paal	present	1	אני	אני צוֹחֵק בכל פעם שאני רואה את הסרט הזה.
308	1	308	examples/tzachak/present-02.mp3	tzachak	Paal	present	2	אני	הילדה צוחקת כל הזמן כשהיא משחקת עם החתול.
309	1	309	examples/tzachak/present-03.mp3	tzachak	Paal	present	3	אתה	אתה צוחק על הבדיחה הזו כל הזמן.
310	1	310	examples/tzachak/present-04.mp3	tzachak	Paal	present	4	את	הילדה צוחקת בקולי קולות כשהיא משחקת עם הכלב.
311	1	311	examples/tzachak/present-05.mp3	tzachak	Paal	present	5	הוא	הוא צוֹחֵק כל הזמן כשאנחנו ביחד.
312	1	312	examples/tzachak/present-06.mp3	tzachak	Paal	present	6	היא	היא תמיד צוחקת כשהיא מספרת בדיחות.
313	1	313	examples/tzachak/present-07.mp3	tzachak	Paal	present	7	אנחנו	אנחנו צוחקים על הבדיחה הזו כל הזמן.
314	1	314	examples/tzachak/present-08.mp3	tzachak	Paal	present	8	אנחנו	בכל פעם שאנחנו פוגשות אותה, אנחנו צוחקות כל כך הרבה.
315	1	315	examples/tzachak/present-09.mp3	tzachak	Paal	present	9	אתם	אתם צוחקים כל הזמן כשאתם יחד.
316	1	316	examples/tzachak/present-10.mp3	tzachak	Paal	present	10	אתן	הילדות צוחקות בחצר בית הספר.
317	1	317	examples/tzachak/present-11.mp3	tzachak	Paal	present	11	הם	כשהם רואים את הסרט הזה, הם תמיד צוחקים.
318	1	318	examples/tzachak/present-12.mp3	tzachak	Paal	present	12	הן	הילדות צוחקות בקולי קולות בחצר המשחקים.
319	1	319	examples/tzachak/future-01.mp3	tzachak	Paal	future	1	אני	אֶצְחַק כשאראה את התמונות מהחופשה.
320	1	320	examples/tzachak/future-02.mp3	tzachak	Paal	future	2	אתה	אתה תִּצְחַק כשתראה את הסרט הזה.
321	1	321	examples/tzachak/future-03.mp3	tzachak	Paal	future	3	את	בבוקר, כשתראי את הפתעה שהכנו לך, תִּצְחֲקִי בלי סוף.
322	1	322	examples/tzachak/future-04.mp3	tzachak	Paal	future	4	הוא	יִצְחַק כשהוא יראה את ההפתעה.
323	1	323	examples/tzachak/future-05.mp3	tzachak	Paal	future	5	היא	בפעם הבאה שתראי אותו, תִּצְחַק ממנו.
324	1	324	examples/tzachak/future-06.mp3	tzachak	Paal	future	6	אנחנו	אנחנו נִצְחַק ביחד כשנזכור את הסיטואציה הזו.
325	1	325	examples/tzachak/future-07.mp3	tzachak	Paal	future	7	אתם	ביום שישי הבא, תִּצְחֲקוּ כל כך הרבה כשתראו את הסרט הזה.
326	1	326	examples/tzachak/future-08.mp3	tzachak	Paal	future	8	אתן	בפעם הבאה שתראו את הסרט הזה, תִּצְחֲקוּ הרבה.
327	1	327	examples/tzachak/future-09.mp3	tzachak	Paal	future	9	הם	יִצְחֲקוּ הילדים כשהם יראו את הליצן בחצר.
328	1	328	examples/tzachak/future-10.mp3	tzachak	Paal	future	10	הן	הֵם יִצְחֲקוּ כְשֶׁיִּרְאוּ אֶת הַסֶּרֶט הַזֶּה.
329	1	329	examples/tzachak/imperative-01.mp3	tzachak	Paal	imperative	1	אתה	צְחַק, זה יעשה לך טוב!
330	1	330	examples/tzachak/imperative-02.mp3	tzachak	Paal	imperative	2	את	צִחֲקִי, זה יעזור לך להרגיש טוב יותר.
331	1	331	examples/tzachak/imperative-03.mp3	tzachak	Paal	imperative	3	אתם	בבקשה, צִחֲקוּ קצת יותר, זה יעשה לכם טוב!
332	1	332	examples/tzachak/imperative-04.mp3	tzachak	Paal	imperative	4	אתן	צְחַקְנָה עכשיו, בבקשה.
333	1	333	examples/tzachak/infinitive-01.mp3	tzachak	Paal	infinitive	1		זה ממש מצחיק לראות אותך מנסה לִצְחֹק בלי סיבה.
334	1	334	examples/shata/past-01.mp3	shata	Paal	past	1	אני	שָׁתִיתִי קפה הבוקר
335	1	335	examples/shata/past-02.mp3	shata	Paal	past	2	אתה	שָׁתִיתָ את כל המים שבכוס.
336	1	336	examples/shata/past-03.mp3	shata	Paal	past	3	את	אמש שָׁתִיתְ יותר מדי מים.
337	1	337	examples/shata/past-04.mp3	shata	Paal	past	4	הוא	הוּא שָׁתָה מִיִם בַּבּוֹקֶר.
338	1	338	examples/shata/past-05.mp3	shata	Paal	past	5	היא	היא שָׁתְתָה את כל המים בבקבוק.
339	1	339	examples/shata/past-06.mp3	shata	Paal	past	6	אנחנו	שָׁתִינוּ קפה חם בבוקר היום.
340	1	340	examples/shata/past-07.mp3	shata	Paal	past	7	אתם	אתמול בלילה שתיתם יותר מדי בירה.
341	1	341	examples/shata/past-08.mp3	shata	Paal	past	8	אתן	אתן שְׁתִיתֶן את כל המים בבקבוק.
342	1	342	examples/shata/past-09.mp3	shata	Paal	past	9	הם	הם שָׁתוּ את כל המים בבקבוק.
343	1	343	examples/shata/past-10.mp3	shata	Paal	past	10	הן	הן שָׁתוּ את כל המים בבקבוק.
344	1	344	examples/shata/present-01.mp3	shata	Paal	present	1	אני	אני שׁוֹתֶה מים בכל בוקר.
345	1	345	examples/shata/present-02.mp3	shata	Paal	present	2	אני	אני שׁוֹתָה מים כל בוקר.
346	1	346	examples/shata/present-03.mp3	shata	Paal	present	3	אתה	אתה שׁוֹתֶה מים כל בוקר.
347	1	347	examples/shata/present-04.mp3	shata	Paal	present	4	את	היא שׁוֹתָה מים כל בוקר.
348	1	348	examples/shata/present-05.mp3	shata	Paal	present	5	הוא	הוא שׁוֹתֶה מים כל בוקר.
349	1	349	examples/shata/present-06.mp3	shata	Paal	present	6	היא	היא שׁוֹתָה מים בבוקר.
350	1	350	examples/shata/present-07.mp3	shata	Paal	present	7	אנחנו	אנחנו שׁוֹתִים מים כל בוקר.
351	1	351	examples/shata/present-08.mp3	shata	Paal	present	8	אנחנו	אנחנו שׁוֹתוֹת מים מינרלים בכל בוקר.
352	1	352	examples/shata/present-09.mp3	shata	Paal	present	9	אתם	אתם שׁוֹתִים מים כל בוקר?
353	1	353	examples/shata/present-10.mp3	shata	Paal	present	10	אתן	הַנָּשִׁים שׁוֹתוֹת מִים בַּבֹּקֶר.
354	1	354	examples/shata/present-11.mp3	shata	Paal	present	11	הם	הם שׁוֹתִים מים מְאוֹד קָרִים בַּחוֹם הַזֶּה.
355	1	355	examples/shata/present-12.mp3	shata	Paal	present	12	הן	הנשים בחצר שותות מים קרים.
356	1	356	examples/shata/future-01.mp3	shata	Paal	future	1	אני	בבוקר, אֶשְׁתֶּה קפה חם לפני שאני יוצא לעבודה.
357	1	357	examples/shata/future-02.mp3	shata	Paal	future	2	אתה	בבוקר, תִּשְׁתֶּה כוס מים לפני שתצא לדרך.
358	1	358	examples/shata/future-03.mp3	shata	Paal	future	3	את	אם תִּשְׁתִּי מים, תרגישי יותר טוב.
359	1	359	examples/shata/future-04.mp3	shata	Paal	future	4	הוא	הוא יִשְׁתֶּה מים אחרי הארוחה.
360	1	360	examples/shata/future-05.mp3	shata	Paal	future	5	היא	היא תִּשְׁתֶּה מים בבוקר.
361	1	361	examples/shata/future-06.mp3	shata	Paal	future	6	אנחנו	בואו נלך למסעדה הזו, נִשְׁתֶּה שם קפה טוב.
362	1	362	examples/shata/future-07.mp3	shata	Paal	future	7	אתם	בבקשה, תִּשְׁתּוּ מים כדי להתרענן.
363	1	363	examples/shata/future-08.mp3	shata	Paal	future	8	אתן	בבקשה, תִּשְׁתּוּ את המים האלה.
364	1	364	examples/shata/future-09.mp3	shata	Paal	future	9	הם	הם יִשְׁתּוּ מים קרים אחרי המסע.
365	1	365	examples/shata/future-10.mp3	shata	Paal	future	10	הן	הן יִשְׁתּוּ מים קרים אחרי הטיול.
366	1	366	examples/shata/imperative-01.mp3	shata	Paal	imperative	1	אתה	שְׁתֵה מים כדי לשמור על ההידרציה שלך.
367	1	367	examples/shata/imperative-02.mp3	shata	Paal	imperative	2	את	שְׁתִי מים כדי לשמור על הבריאות שלך.
368	1	368	examples/shata/imperative-03.mp3	shata	Paal	imperative	3	אתם	שְׁתּוּ מים, אתם צריכים להתרענן.
369	1	369	examples/shata/imperative-04.mp3	shata	Paal	imperative	4	אתן	שְׁתּוּ מים, אתם צריכים להתרענן.
370	1	370	examples/shata/infinitive-01.mp3	shata	Paal	infinitive	1		אני אוהב לשתות תה בבוקר.
371	1	371	examples/ra-ah/past-01.mp3	ra'ah	Paal	past	1	אני	רָאִיתִי את הַיָּם בַּבֹּקֶר
372	1	372	examples/ra-ah/past-02.mp3	ra'ah	Paal	past	2	אתה	רָאִיתָ את הַצִּפּוֹר בַּחֲצֵר?
373	1	373	examples/ra-ah/past-03.mp3	ra'ah	Paal	past	3	את	רָאִית את היופי שבשמיים?
374	1	374	examples/ra-ah/past-04.mp3	ra'ah	Paal	past	4	הוא	הִיא רָאָה אֶת הַיָּם בַּפַּעַם הָרִאשׁוֹנָה.
375	1	375	examples/ra-ah/past-05.mp3	ra'ah	Paal	past	5	היא	אֱמָא רָאֲתָה אֶת הַכּוֹכָבִים בַּשָּׁמַיִם הַלַּיְלָה.
376	1	376	examples/ra-ah/past-06.mp3	ra'ah	Paal	past	6	אנחנו	רָאִינוּ את הַסֶּרֶט הַחָדָשׁ וּמְאוֹד אֲהַבְנוּ אוֹתוֹ.
377	1	377	examples/ra-ah/past-07.mp3	ra'ah	Paal	past	7	אתם	רְאִיתֶם אֶת הַסֵּתָרִים הַיָּפִים בַּחֲצַר הַבַּיִת?
378	1	378	examples/ra-ah/past-08.mp3	ra'ah	Paal	past	8	אתן	כשבאתן לבית הספר היום, רְאִיתֶן את הילדים משחקים בחצר.
379	1	379	examples/ra-ah/past-09.mp3	ra'ah	Paal	past	9	הם	הֵם רָאוּ אֶת הַשֶּׁמֶשׁ שׁוֹקַעַת בַּיָּם.
380	1	380	examples/ra-ah/past-10.mp3	ra'ah	Paal	past	10	הן	הֵן רָאוּ אֶת הַיָּפֶה שֶׁבַּחֲזוֹן.
381	1	381	examples/ra-ah/present-01.mp3	ra'ah	Paal	present	1	אני	אני רוֹאֶה את הציפורים מחוץ לחלון.
382	1	382	examples/ra-ah/present-02.mp3	ra'ah	Paal	present	2	אני	אני רוֹאָה את הפרחים היפים בגן.
383	1	383	examples/ra-ah/present-03.mp3	ra'ah	Paal	present	3	אתה	אתה רוֹאֶה את הים מכאן?
384	1	384	examples/ra-ah/present-04.mp3	ra'ah	Paal	present	4	את	הִיא רוֹאָה אֶת הַשֶׁמֶשׁ שׁוֹקַעַת בַּיָּם.
385	1	385	examples/ra-ah/present-05.mp3	ra'ah	Paal	present	5	הוא	הוּא רוֹאֶה אוֹתְךָ מִן הַחַלּוֹן.
386	1	386	examples/ra-ah/present-06.mp3	ra'ah	Paal	present	6	היא	הִיא רוֹאָה אֶת הַיָּם מֵהַחַלּוֹן.
387	1	387	examples/ra-ah/present-07.mp3	ra'ah	Paal	present	7	אנחנו	אנחנו רוֹאִים את הים מחלון החדר שלנו.
388	1	388	examples/ra-ah/present-08.mp3	ra'ah	Paal	present	8	אנחנו	אנחנו רוֹאוֹת את היופי שבחיים.
389	1	389	examples/ra-ah/present-09.mp3	ra'ah	Paal	present	9	אתם	כשאתם רוֹאִים את הים, אתם מרגישים את השלווה.
390	1	390	examples/ra-ah/present-10.mp3	ra'ah	Paal	present	10	אתן	הַיְלָדוֹת רוֹאוֹת אֶת הַכּוֹכָבִים בַּשָּׁמַיִם.
391	1	391	examples/ra-ah/present-11.mp3	ra'ah	Paal	present	11	הם	כשהם מסתכלים מהחלון, הם רוֹאִים את הים.
392	1	392	examples/ra-ah/present-12.mp3	ra'ah	Paal	present	12	הן	הנשים בחצר רוֹאוֹת את הילדים משחקים.
393	1	393	examples/ra-ah/future-01.mp3	ra'ah	Paal	future	1	אני	מחר אֶרְאֶה את הסרט החדש בקולנוע.
394	1	394	examples/ra-ah/future-02.mp3	ra'ah	Paal	future	2	אתה	תִּרְאֶה כמה יפה השמיים הערב.
395	1	395	examples/ra-ah/future-03.mp3	ra'ah	Paal	future	3	את	תִּרְאִי אֶת הַיּוֹפִי שֶׁל הַשֶּׁמֶשׁ בּוֹקֵר.
396	1	396	examples/ra-ah/future-04.mp3	ra'ah	Paal	future	4	הוא	מחר, כשנגיע לשם, הוא יִרְאֶה את הנוף המדהים.
397	1	397	examples/ra-ah/future-05.mp3	ra'ah	Paal	future	5	היא	בבוקר תִּרְאֶה את הנוף היפה מהמרפסת.
398	1	398	examples/ra-ah/future-06.mp3	ra'ah	Paal	future	6	אנחנו	נִרְאֶה איך זה יסתדר בסוף.
399	1	399	examples/ra-ah/future-07.mp3	ra'ah	Paal	future	7	אתם	תִּרְאוּ את היופי שבדברים הקטנים.
400	1	400	examples/ra-ah/future-08.mp3	ra'ah	Paal	future	8	אתן	תִּרְאוּ אֶת הַיּוֹפִי שֶׁל הַשִּׁמְשָה בַּבּוֹקֶר.
401	1	401	examples/ra-ah/future-09.mp3	ra'ah	Paal	future	9	הם	הם יִרְאוּ את האור בקצה המנהרה.
402	1	402	examples/ra-ah/future-10.mp3	ra'ah	Paal	future	10	הן	כָּל בְּנֵי הָעִיר יִרְאוּ אֶת הַמַּצָּעֲדָה בַּיּוֹם שֶׁל מָחָר.
403	1	403	examples/ra-ah/imperative-01.mp3	ra'ah	Paal	imperative	1	אתה	רְאֵה, הַיָּפֶה שֶׁל הַשָּׁמַיִם בַּבֹּקֶר.
404	1	404	examples/ra-ah/imperative-02.mp3	ra'ah	Paal	imperative	2	את	רְאִי אֶת הַיּוֹפִי שֶׁבָּעוֹלָם.
405	1	405	examples/ra-ah/imperative-03.mp3	ra'ah	Paal	imperative	3	אתם	רְאוּ את היופי שבעולם.
406	1	406	examples/ra-ah/imperative-04.mp3	ra'ah	Paal	imperative	4	אתן	רְאֶינָה עכשיו, בבקשה.
407	1	407	examples/ra-ah/infinitive-01.mp3	ra'ah	Paal	infinitive	1		אני אוהב לִרְאוֹת את הים בבוקר.
408	1	408	examples/paal/past-01.mp3	paal	Paal	past	1	אני	במהלך היום, פָּעַלְתִּי בשקט כדי לשמור על ההפתעה.
409	1	409	examples/paal/past-02.mp3	paal	Paal	past	2	אתה	כשהבנת את חומרת המצב, פעלת במהירות וביעילות.
410	1	410	examples/paal/past-03.mp3	paal	Paal	past	3	את	את פעלת בתבונה כשבחרת ללכת לשם.
411	1	411	examples/paal/past-04.mp3	paal	Paal	past	4	הוא	הוא פָּעַל בצורה מרשימה מאוד במהלך הפרויקט.
412	1	412	examples/paal/past-05.mp3	paal	Paal	past	5	היא	הִיא פָּעֲלָה בְּמִסִּירוּת כְּדֵי לְשַׁנּוֹת אֶת הַמַּצָב.
413	1	413	examples/paal/past-06.mp3	paal	Paal	past	6	אנחנו	במהלך המבצע, פָּעַלְנוּ בשיתוף פעולה מלא עם היחידות האחרות.
414	1	414	examples/paal/past-07.mp3	paal	Paal	past	7	אתם	כבר פעלתם בנושא הזה בעבר?
415	1	415	examples/paal/past-08.mp3	paal	Paal	past	8	אתן	פְּעַלְתֶּן בְּאוֹמֶץ בְּמַצָב הַהוּא.
416	1	416	examples/paal/past-09.mp3	paal	Paal	past	9	הם	הם פָּעֲלוּ בשקט כדי לא להפריע לשכנים.
417	1	417	examples/paal/past-10.mp3	paal	Paal	past	10	הן	הן פָּעֲלוּ בתבונה בזמן המשבר.
418	1	418	examples/paal/present-01.mp3	paal	Paal	present	1	אני	אני פּוֹעֵל בְּכָל הַכּוֹחַ לְשִׁפּוּר הַמַּצָב.
419	1	419	examples/paal/present-02.mp3	paal	Paal	present	2	אני	אני פּוֹעֶלֶת בשביל להגשים את חלומותיי.
420	1	420	examples/paal/present-03.mp3	paal	Paal	present	3	אתה	אתה פּוֹעֵל בְּאוֹפֶן מְדַהִים כְּדֵי לְשַׁנּוֹת אֶת הָעוֹלָם.
421	1	421	examples/paal/present-04.mp3	paal	Paal	present	4	את	היא פּוֹעֶלֶת בְּמַהִירוּת כְּדֵי לְסַיֵּם אֶת הַמִּשִּׂימָה בַּזְּמַן.
422	1	422	examples/paal/present-05.mp3	paal	Paal	present	5	הוא	הפוליטיקאי הזה פּוֹעֵל למען הציבור.
423	1	423	examples/paal/present-06.mp3	paal	Paal	present	6	היא	היא פּוֹעֶלֶת בְּמַדְרֵגָה גָּבוֹהָה מֵהַמְצוּפֶּה.
424	1	424	examples/paal/present-07.mp3	paal	Paal	present	7	אנחנו	אנחנו פּוֹעֲלִים בשביל לשפר את העולם.
425	1	425	examples/paal/present-08.mp3	paal	Paal	present	8	אנחנו	אנחנו פּוֹעֲלוֹת כדי לשפר את המצב.
426	1	426	examples/paal/present-09.mp3	paal	Paal	present	9	אתם	אתם פועלים בצורה מרשימה מאוד בפרויקט הזה.
427	1	427	examples/paal/present-10.mp3	paal	Paal	present	10	אתן	הן פּוֹעֲלוֹת בְּיַחַד כְּדֵי לְשַׁנּוֹת אֶת הַמַּצָּב.
428	1	428	examples/paal/present-11.mp3	paal	Paal	present	11	הם	הם פועלים בשביל לשנות את המציאות.
429	1	429	examples/paal/present-12.mp3	paal	Paal	present	12	הן	הנשים בקהילה פּוֹעֲלוֹת להגברת המודעות לבריאות הנפש.
430	1	430	examples/paal/future-01.mp3	paal	Paal	future	1	אני	אֶפְעַל בְּכָל הַכֹּחַ כְּדֵי לְשַׁנּוֹת אֶת הַמַּצָּב.
431	1	431	examples/paal/future-02.mp3	paal	Paal	future	2	אתה	אם תִּפְעַל כך, יהיה לך הצלחה.
432	1	432	examples/paal/future-03.mp3	paal	Paal	future	3	את	תִּפְעֲלִי בְּחָכְמָה כְּשֶׁאַת מְטַפֶּלֶת בְּבַעֲיוֹת הַיּוֹם יוֹם.
433	1	433	examples/paal/future-04.mp3	paal	Paal	future	4	הוא	הוא יִפְעַל בהתאם להוראות.
434	1	434	examples/paal/future-05.mp3	paal	Paal	future	5	היא	היא תִּפְעַל בְּחָכְמָה בְּכָל הַנִּסִּים הָאֵלֶּה.
435	1	435	examples/paal/future-06.mp3	paal	Paal	future	6	אנחנו	אנחנו נִפְעַל בזהירות כדי להימנע מטעויות.
436	1	436	examples/paal/future-07.mp3	paal	Paal	future	7	אתם	כשתגיעו למצב הזה, תִּפְעֲלוּ בהתאם למה שהוסבר לכם.
437	1	437	examples/paal/future-08.mp3	paal	Paal	future	8	אתן	בבקשה, תִּפְעֲלוּ במהירות כדי למנוע את המשבר.
438	1	438	examples/paal/future-09.mp3	paal	Paal	future	9	הם	אני מקווה שיִפְעֲלוּ במהירות כדי לפתור את הבעיה.
439	1	439	examples/paal/future-10.mp3	paal	Paal	future	10	הן	אם הם יִפְעֲלוּ במהירות, נוכל למנוע את המשבר.
440	1	440	examples/paal/imperative-01.mp3	paal	Paal	imperative	1	אתה	כשאתה רואה אי צדק, פְּעַל למען תקון.
441	1	441	examples/paal/imperative-02.mp3	paal	Paal	imperative	2	את	פַּעֲלִי עכשיו לפני שמאוחר מדי!
442	1	442	examples/paal/imperative-03.mp3	paal	Paal	imperative	3	אתם	פַּעֲלוּ בְּמהִירוּת וְעִזְרוּ לִזְקוּקִים לְמַעַן הַמְדִינָה.
443	1	443	examples/paal/imperative-04.mp3	paal	Paal	imperative	4	אתן	פְּעֵלְנָה עכשיו, בבקשה.
444	1	444	examples/paal/infinitive-01.mp3	paal	Paal	infinitive	1		אנחנו חייבים לפעול במהירות כדי לפתור את הבעיה.
445	1	445	examples/achal/past-01.mp3	achal	Paal	past	1	אני	אָכַלְתִּי אֲרוּחָה טָעִימָה בְּבֵית קָפֶה חָדָשׁ בָּעִיר.
446	1	446	examples/achal/past-02.mp3	achal	Paal	past	2	אתה	אָכַלְתָּ את כל העוגה?
447	1	447	examples/achal/past-03.mp3	achal	Paal	past	3	את	אָכַלְתְּ אֲתָךְ בְּאֳכָלָה הַמְשׁוּלֶשֶׁת?
448	1	448	examples/achal/past-04.mp3	achal	Paal	past	4	הוא	אתמול הוא אָכַל פיצה בבית.
449	1	449	examples/achal/past-05.mp3	achal	Paal	past	5	היא	אִמָּא אָכְלָה אֶת הַתַּפּוּחַ שֶׁלִּי.
450	1	450	examples/achal/past-06.mp3	achal	Paal	past	6	אנחנו	אָכַלְנוּ אֲרוּחָה טְעִימָה בְּיַחַד
451	2	1	examples/achal/past-07.mp3	achal	Paal	past	7	אתם	אֲכַלְתֶּם כבר את כל הפירות?
452	2	2	examples/achal/past-08.mp3	achal	Paal	past	8	אתן	אתן אֲכַלְתֶּן את כל הפירות שהכנתי לחג.
453	2	3	examples/achal/past-09.mp3	achal	Paal	past	9	הם	הם אָכְלוּ את כל הפירות בסל.
454	2	4	examples/achal/past-10.mp3	achal	Paal	past	10	הן	הֵם אָכְלוּ אֶת כָּל הָאוֹכֶל בַּמִּקְרֶר.
455	2	5	examples/achal/present-01.mp3	achal	Paal	present	1	אני	אני אוֹכֵל ארוחת בוקר כל יום בשבע בבוקר.
456	2	6	examples/achal/present-02.mp3	achal	Paal	present	2	אני	אֲנִי אוֹכֶלֶת אֲרוּחָה טְעִימָה עִם חֲבֵרוֹתַי.
457	2	7	examples/achal/present-03.mp3	achal	Paal	present	3	אתה	אתה אוֹכֵל את המרק בשקט.
458	2	8	examples/achal/present-04.mp3	achal	Paal	present	4	את	הַיֶּלֶדֶת אוֹכֶלֶת אֲבָטִיחַ בַּחֲצָר.
459	2	9	examples/achal/present-05.mp3	achal	Paal	present	5	הוא	הוא אוֹכֵל את הלחם בבוקר.
460	2	10	examples/achal/present-06.mp3	achal	Paal	present	6	היא	הילדה אוכלת את הירקות שלה בשמחה.
461	2	11	examples/achal/present-07.mp3	achal	Paal	present	7	אנחנו	אנחנו אוֹכְלִים ארוחת ערב ביחד כל יום.
462	2	12	examples/achal/present-08.mp3	achal	Paal	present	8	אנחנו	אנחנו אוֹכְלוֹת את הפירות הטריים בחצר.
463	2	13	examples/achal/present-09.mp3	achal	Paal	present	9	אתם	אתם אוֹכְלִים ארוחת בוקר כל בוקר?
464	2	14	examples/achal/present-10.mp3	achal	Paal	present	10	אתן	הַיְלָדוֹת אוֹכְלוֹת אֲרוּחַת בּוֹקֶר בְּבֵית הַסֵּפֶר.
465	2	15	examples/achal/present-11.mp3	achal	Paal	present	11	הם	הם אוֹכְלִים ארוחת ערב ביחד.
466	2	16	examples/achal/present-12.mp3	achal	Paal	present	12	הן	הבנות אוֹכְלוֹת ארוחת בוקר בכיף.
467	2	17	examples/achal/future-01.mp3	achal	Paal	future	1	אני	בבוקר אני אֹכַל דגנים לקבלת אנרגיה לכל היום.
468	2	18	examples/achal/future-02.mp3	achal	Paal	future	2	אתה	תֹּאכַל את הפירות כשהם טריים.
469	2	19	examples/achal/future-03.mp3	achal	Paal	future	3	את	מחר בבוקר תֹּאכְלִי ארוחת חג מיוחדת.
470	2	20	examples/achal/future-04.mp3	achal	Paal	future	4	הוא	הוא יֹאכַל את הלחם מחר בבוקר.
471	2	21	examples/achal/future-05.mp3	achal	Paal	future	5	היא	היא תֹּאכַל את הלחם שהכנתי
472	2	22	examples/achal/future-06.mp3	achal	Paal	future	6	אנחנו	היום אנחנו נֹאכַל בחוץ.
473	2	23	examples/achal/future-07.mp3	achal	Paal	future	7	אתם	מחר בבוקר תֹּאכְלוּ ארוחת בוקר עשירה.
474	2	24	examples/achal/future-08.mp3	achal	Paal	future	8	אתן	בַּיּוֹם שֶׁתֹּאכְלוּ אֶת הַפֵּרוֹת הָאֵלֶּה, תַּרְגִּישׁוּ אֱנוֹשִׁים.
475	2	25	examples/achal/future-09.mp3	achal	Paal	future	9	הם	הם יֹאכְלוּ את כל הפירות.
476	2	26	examples/achal/future-10.mp3	achal	Paal	future	10	הן	הם יֹאכְלוּ את כל האוכל שהכנתי.
477	2	27	examples/achal/imperative-01.mp3	achal	Paal	imperative	1	אתה	אֱכֹל את התפוח, זה טעים מאוד.
478	2	28	examples/achal/imperative-02.mp3	achal	Paal	imperative	2	את	אִכְלִי את הירקות שלך
479	2	29	examples/achal/imperative-03.mp3	achal	Paal	imperative	3	אתם	אִכְלוּ את הפירות הטריים שעל השולחן.
480	2	30	examples/achal/imperative-04.mp3	achal	Paal	imperative	4	אתן	אֱכֹלְנָה עכשיו, בבקשה.
481	2	31	examples/achal/infinitive-01.mp3	achal	Paal	infinitive	1		אני הולך ללכת לחנות כדי לקנות משהו לֶאֱכֹל.
482	2	32	examples/halach/past-01.mp3	halach	Paal	past	1	אני	הָלַכְתִּי לְבֵית סֵפֶר בַּבֹּקֶר.
483	2	33	examples/halach/past-02.mp3	halach	Paal	past	2	אתה	הָלַכְתָּ לַחֲנוּת בַּבֹּקֶר
484	2	34	examples/halach/past-03.mp3	halach	Paal	past	3	את	הָלַכְתְּ לַחֲנוּת אֶתְמוֹל?
485	2	35	examples/halach/past-04.mp3	halach	Paal	past	4	הוא	הָלַךְ אֶל הַחֲנוּת לִקְנוֹת לֶחֶם.
486	2	36	examples/halach/past-05.mp3	halach	Paal	past	5	היא	הִיא הָלְכָה לַחֲנוּת אֶתְמוֹל.
487	2	37	examples/halach/past-06.mp3	halach	Paal	past	6	אנחנו	הָלַכְנוּ לַחוֹף בַּבֹּקֶר
488	2	38	examples/halach/past-07.mp3	halach	Paal	past	7	אתם	הֲלַכְתֶּם לטייל בפארק היום?
489	2	39	examples/halach/past-08.mp3	halach	Paal	past	8	אתן	הֲלַכְתֶּן לַחוֹף אֶתְמוֹל?
490	2	40	examples/halach/past-09.mp3	halach	Paal	past	9	הם	הָלְכוּ לַחוֹף כְּדֵי לִרְאוֹת אֶת הַשֶּׁמֶשׁ שׁוֹקַעַת.
491	2	41	examples/halach/past-10.mp3	halach	Paal	past	10	הן	הָלְכוּ הַיְלָדִים לַבֵּית־סֵפֶר.
492	2	42	examples/halach/present-01.mp3	halach	Paal	present	1	אני	אני הולך לים מחר.
493	2	43	examples/halach/present-02.mp3	halach	Paal	present	2	אני	אני הוֹלֶכֶת לחנות כדי לקנות לחם.
494	2	44	examples/halach/present-03.mp3	halach	Paal	present	3	אתה	אתה הולך לבית הספר מדי יום.
495	2	45	examples/halach/present-04.mp3	halach	Paal	present	4	את	הילדה הוֹלֶכֶת לבית הספר בכל בוקר.
496	2	46	examples/halach/present-05.mp3	halach	Paal	present	5	הוא	הוא הוֹלֵךְ לבית הספר בכל בוקר.
497	2	47	examples/halach/present-06.mp3	halach	Paal	present	6	היא	הַיָּלְדָה הוֹלֶכֶת לַבֵּית סֵפֶר בְּכָל בֹּקֶר.
498	2	48	examples/halach/present-07.mp3	halach	Paal	present	7	אנחנו	אנחנו הולכים לים בכל יום שישי.
499	2	49	examples/halach/present-08.mp3	halach	Paal	present	8	אנחנו	אנחנו הולכות לפארק בכל בוקר.
500	2	50	examples/halach/present-09.mp3	halach	Paal	present	9	אתם	אתם הולכים לבית הספר מדי בוקר.
501	2	51	examples/halach/present-10.mp3	halach	Paal	present	10	אתן	כולם הולכות לחוף הים בשבת.
502	2	52	examples/halach/present-11.mp3	halach	Paal	present	11	הם	כָּל הַיּוֹמָם הֵם הוֹלְכִים לְעֲבוֹדָה
503	2	53	examples/halach/present-12.mp3	halach	Paal	present	12	הן	הילדות הולכות לבית הספר בכל בוקר.
504	2	54	examples/halach/future-01.mp3	halach	Paal	future	1	אני	מחר בבוקר אֵלֵךְ לחנות לקנות מצרכים.
505	2	55	examples/halach/future-02.mp3	halach	Paal	future	2	אתה	תֵּלֵךְ לבית הספר מחר?
506	2	56	examples/halach/future-03.mp3	halach	Paal	future	3	את	תֵּלְכִי לבדוק את המצב במטבח.
507	2	57	examples/halach/future-04.mp3	halach	Paal	future	4	הוא	אם לא יֵלֵךְ עכשיו, הוא יפסיד את האוטובוס.
508	2	58	examples/halach/future-05.mp3	halach	Paal	future	5	היא	אם תֵּלֵךְ לשם, תוכלי לראות את הנוף היפה.
509	2	59	examples/halach/future-06.mp3	halach	Paal	future	6	אנחנו	נֵלֵךְ לטייל בפארק מחר.
510	2	60	examples/halach/future-07.mp3	halach	Paal	future	7	אתם	תֵּלְכוּ לטייל בפארק מחר בבוקר.
511	2	61	examples/halach/future-08.mp3	halach	Paal	future	8	אתן	אחרי שתסיימו את המשימה, תֵּלְכוּ לחדר המורים.
512	2	62	examples/halach/future-09.mp3	halach	Paal	future	9	הם	כשהם יֵלְכוּ לטיול, אני אחכה כאן.
513	2	63	examples/halach/future-10.mp3	halach	Paal	future	10	הן	הֵן יֵלְכוּ לַפַּארק בְּיום שִׁשִּׁי.
514	2	64	examples/halach/imperative-01.mp3	halach	Paal	imperative	1	אתה	לֵךְ לשוק וקנה לי תפוחים.
515	2	65	examples/halach/imperative-02.mp3	halach	Paal	imperative	2	את	לְכִי עַכְשָׁו, כָּל הַיֶּלֶד מְחַכֶּה לָךְ בַּחֲצָר.
516	2	66	examples/halach/imperative-03.mp3	halach	Paal	imperative	3	אתם	לְכוּ אֶל הַפָּארק, יְלָדִים, וּשַׂחֲקוּ שָׁם.
517	2	67	examples/halach/imperative-04.mp3	halach	Paal	imperative	4	אתן	לֵכְנָה עכשיו, בבקשה.
518	2	68	examples/halach/infinitive-01.mp3	halach	Paal	infinitive	1		אני אוהב ללכת לים בבוקר.
519	2	69	examples/yada/past-01.mp3	yada	Paal	past	1	אני	יָדַעְתִּי שֶׁאֲנִי צָרִיךְ לְהִתְקַדֵם בְּחַיַי.
520	2	70	examples/yada/past-02.mp3	yada	Paal	past	2	אתה	כָּל-אֱלֹקים בְּיִשְׂרָאֵל, אֲנִי יָדַעְתָּ אֶת הָאֱלֹקים הַיְחִידִים.
521	2	71	examples/yada/past-03.mp3	yada	Paal	past	3	את	יָדַעְתְּ שֶׁאֲנִי אוֹהֵב אוֹתָךְ?
522	2	72	examples/yada/past-04.mp3	yada	Paal	past	4	הוא	הוּא יָדַע אֶת הַתְּשׁוּבָה אֲבָל לֹא רָצָה לְהַגִּיד לִי.
523	2	73	examples/yada/past-05.mp3	yada	Paal	past	5	היא	הִיא יָדְעָה שֶׁזֶּה יִהְיֶה קָשֶׁה, אֲבָל לֹא הִיא חָשְׁבָה שֶׁזֶּה יִהְיֶה כָּל כָּךְ קָשֶׁה.
524	2	74	examples/yada/past-06.mp3	yada	Paal	past	6	אנחנו	אחרי שיָדַעְנוּ את כל הפרטים, החלטנו מה לעשות.
525	2	75	examples/yada/past-07.mp3	yada	Paal	past	7	אתם	יְדַעְתֶּם שֶׁהַמּוּזֵיאוֹן פָּתוּחַ בְּשַׁבָּת?
526	2	76	examples/yada/past-08.mp3	yada	Paal	past	8	אתן	יְדַעְתֶּן אִם הִיא בָּאָה לַחֲגוֹרָה?
527	2	77	examples/yada/past-09.mp3	yada	Paal	past	9	הם	הם יָדְעוּ כבר ששיניתי את התכניות.
528	2	78	examples/yada/past-10.mp3	yada	Paal	past	10	הן	הֵם יָדְעוּ כָּל הַדְּבָרִים שֶׁרָצִיתִי לְהַסְתִּיר.
529	2	79	examples/yada/present-01.mp3	yada	Paal	present	1	אני	אֲנִי יוֹדֵעַ אֵיךְ לְהַגִּיעַ לַבַּיִת.
530	2	80	examples/yada/present-02.mp3	yada	Paal	present	2	אני	אֲנִי יוֹדַעַת שֶׁאַתָּה אוֹהֵב אוֹתִי.
531	2	81	examples/yada/present-03.mp3	yada	Paal	present	3	אתה	אתה יוֹדֵעַ איך להגיע לשם?
532	2	82	examples/yada/present-04.mp3	yada	Paal	present	4	את	אֲנִי יוֹדַעַת שֶׁאַתָּה אוֹהֵב אוֹתִי.
533	2	83	examples/yada/present-05.mp3	yada	Paal	present	5	הוא	הוּא יוֹדֵעַ אֶת הַתְּשׁוּבָה לְשָׁאלָה.
534	2	84	examples/yada/present-06.mp3	yada	Paal	present	6	היא	היא יוֹדַעַת בדיוק מה היא רוצה לעשות היום.
535	2	85	examples/yada/present-07.mp3	yada	Paal	present	7	אנחנו	כולם יוֹדְעִים שאתה אדם מיוחד.
536	2	86	examples/yada/present-08.mp3	yada	Paal	present	8	אנחנו	אנחנו יוֹדְעוֹת שהוא יגיע בזמן.
537	2	87	examples/yada/present-09.mp3	yada	Paal	present	9	אתם	אתם יודעים מה הזמן?
538	2	88	examples/yada/present-10.mp3	yada	Paal	present	10	אתן	אַתֶּן יוֹדְעוֹת אֵיךְ לְהַכִּין אֶת הַמָּתָם הַזֶּה?
539	2	89	examples/yada/present-11.mp3	yada	Paal	present	11	הם	כולם יוֹדְעִים שזה לא נכון.
540	2	90	examples/yada/present-12.mp3	yada	Paal	present	12	הן	הן יוֹדְעוֹת לְהַכִּין אֶת הַמָּתוֹק הַזֶּה.
541	2	91	examples/yada/future-01.mp3	yada	Paal	future	1	אני	אֵדַע לספר לך מתי אהיה פנוי.
542	2	92	examples/yada/future-02.mp3	yada	Paal	future	2	אתה	כשתגיע לשם, תֵּדַע מה לעשות.
543	2	93	examples/yada/future-03.mp3	yada	Paal	future	3	את	תֵּדְעִי שֶׁאֲנִי תָּמִיד אוֹהֵב אוֹתָךְ.
544	2	94	examples/yada/future-04.mp3	yada	Paal	future	4	הוא	כשתגיע למשרד, יֵדַע מיד מה לעשות.
545	2	95	examples/yada/future-05.mp3	yada	Paal	future	5	היא	תֵּדַע שֶׁאֲנִי תָּמִיד כָּאן בִּשְׁבִילָך.
546	2	96	examples/yada/future-06.mp3	yada	Paal	future	6	אנחנו	אנחנו נֵדַע את התשובה בקרוב.
547	2	97	examples/yada/future-07.mp3	yada	Paal	future	7	אתם	תֵּדְעוּ שֶׁהַמְּסִיבָה תִּתְחִיל בְּשָׁעָה שְׁמֹנֶה.
548	2	98	examples/yada/future-08.mp3	yada	Paal	future	8	אתן	תֵּדְעוּ כי אנחנו תמיד כאן בשבילכם.
549	2	99	examples/yada/future-09.mp3	yada	Paal	future	9	הם	הם יֵדְעוּ את התשובה בקרוב.
550	2	100	examples/yada/future-10.mp3	yada	Paal	future	10	הן	כָּל הַיְלָדִים יֵדְעוּ אֶת הַשִּׁיר הַזֶּה.
551	2	101	examples/yada/imperative-01.mp3	yada	Paal	imperative	1	אתה	דַּע שֶׁהַחַיִּים קְצָרִים
552	2	102	examples/yada/imperative-02.mp3	yada	Paal	imperative	2	את	דְּעִי שֶׁאֲנִי כָּאן בִּשְׁבִילָךְ
553	2	103	examples/yada/imperative-03.mp3	yada	Paal	imperative	3	אתם	דְּעוּ כִּי אֲנִי תָּמִיד כָּאן בִּשְׁבִילְכֶם.
554	2	104	examples/yada/imperative-04.mp3	yada	Paal	imperative	4	אתן	דַּעְנָה עכשיו, בבקשה.
555	2	105	examples/yada/infinitive-01.mp3	yada	Paal	infinitive	1		חשוב לָדַעַת את כל הפרטים לפני שמתקבלת החלטה.
556	2	106	examples/hevin/past-01.mp3	hevin	Hifil	past	1	אני	הֵבַנְתִּי לְבַסּוֹף אֶת הַמַּטָרָה שֶׁל הַפְּרוֹיֶקְט.
557	2	107	examples/hevin/past-02.mp3	hevin	Hifil	past	2	אתה	כשהסברתי את התרגיל, האם הֵבַנְתָּ אותו?
558	2	108	examples/hevin/past-03.mp3	hevin	Hifil	past	3	את	כשסיפרתי לך את הסיפור, הֵבַנְתְּ את המסר?
559	2	109	examples/hevin/past-04.mp3	hevin	Hifil	past	4	הוא	הֵבִין שֶׁהַיּוֹם לֹא יִהְיֶה קַל.
560	2	110	examples/hevin/past-05.mp3	hevin	Hifil	past	5	היא	כשהיא קראה את הספר, היא הֵבִינָה את המשמעות העמוקה שלו.
561	2	111	examples/hevin/past-06.mp3	hevin	Hifil	past	6	אנחנו	הֵבַנּוּ את ההסבר שלך בדיוק.
562	2	112	examples/hevin/past-07.mp3	hevin	Hifil	past	7	אתם	הֲבַנְתֶּם את ההוראות?
563	2	113	examples/hevin/past-08.mp3	hevin	Hifil	past	8	אתן	הֲבַנְתֶּן את ההסבר שלי?
564	2	114	examples/hevin/past-09.mp3	hevin	Hifil	past	9	הם	בסוף ההרצאה, כולם הֵבִינוּ את המושגים המורכבים.
565	2	115	examples/hevin/past-10.mp3	hevin	Hifil	past	10	הן	הֵבִינוּ את המצב הרבה יותר טוב ממה שחשבתי.
566	2	116	examples/hevin/present-01.mp3	hevin	Hifil	present	1	אני	אני מבין את ההוראות היטב.
567	2	117	examples/hevin/present-02.mp3	hevin	Hifil	present	2	אני	אני מבינה את המצב בדיוק כמוך.
568	2	118	examples/hevin/present-03.mp3	hevin	Hifil	present	3	אתה	אתה מבין את החומר הזה?
569	2	119	examples/hevin/present-04.mp3	hevin	Hifil	present	4	את	את מבינה את המצב הרבה יותר טוב ממני.
570	2	120	examples/hevin/present-05.mp3	hevin	Hifil	present	5	הוא	הוא מֵבִין את המצב מצוין.
571	2	121	examples/hevin/present-06.mp3	hevin	Hifil	present	6	היא	היא מבינה את המצב ממש טוב.
572	2	122	examples/hevin/present-07.mp3	hevin	Hifil	present	7	אנחנו	אנחנו מבינים את החשיבות של שימור הטבע.
573	2	123	examples/hevin/present-08.mp3	hevin	Hifil	present	8	אנחנו	אנחנו מבינות את המצב היטב.
574	2	124	examples/hevin/present-09.mp3	hevin	Hifil	present	9	אתם	אתם מבינים את ההוראות בצורה מצוינת.
575	2	125	examples/hevin/present-10.mp3	hevin	Hifil	present	10	אתן	הן מבינות את החומר היטב.
576	2	126	examples/hevin/present-11.mp3	hevin	Hifil	present	11	הם	הם מבינים את המצב ומתנהגים בהתאם.
577	2	127	examples/hevin/present-12.mp3	hevin	Hifil	present	12	הן	הנשים מבינות את המצב טוב יותר ממני.
578	2	128	examples/hevin/future-01.mp3	hevin	Hifil	future	1	אני	אָבִין לָמָּה הַדָּבָר הַזֶּה חָשׁוּב לָךְ.
579	2	129	examples/hevin/future-02.mp3	hevin	Hifil	future	2	אתה	אם תקשיב לדברי, תָּבִין את הנקודה שלי.
580	2	130	examples/hevin/future-03.mp3	hevin	Hifil	future	3	את	תָּבִינִי אותי בבקשה כשאדבר איתך מחר.
581	2	131	examples/hevin/future-04.mp3	hevin	Hifil	future	4	הוא	הוא יָבִין את המצב בקרוב.
582	2	132	examples/hevin/future-05.mp3	hevin	Hifil	future	5	היא	הִיא תָּבִין אֶת הַמַּצָּב בְּקָרוֹב.
583	2	133	examples/hevin/future-06.mp3	hevin	Hifil	future	6	אנחנו	אנחנו נָבִין את המצב בקרוב.
584	2	134	examples/hevin/future-07.mp3	hevin	Hifil	future	7	אתם	תָּבִינוּ את המצב כשהוא יתבהר.
585	2	135	examples/hevin/future-08.mp3	hevin	Hifil	future	8	אתן	אולי תבינו את המצב טוב יותר בעתיד.
586	2	136	examples/hevin/future-09.mp3	hevin	Hifil	future	9	הם	הם יָבִינוּ את המצב בקרוב.
587	2	137	examples/hevin/future-10.mp3	hevin	Hifil	future	10	הן	אולי בסוף הדיון יָבִינוּ כולם את הנקודה שלי.
588	2	138	examples/hevin/imperative-01.mp3	hevin	Hifil	imperative	1	אתה	הָבֵן, זו לא בדיחה.
589	2	139	examples/hevin/imperative-02.mp3	hevin	Hifil	imperative	2	את	הָבִינִי, אֱלֹקים שׁוֹמֵר עַל כֻּלָּנוּ
590	2	140	examples/hevin/imperative-03.mp3	hevin	Hifil	imperative	3	אתם	בְּבַקָּשָׁה, הָבִינוּ אֶת הַמַּצָּב וּפְעִלוּ בְּהֶתְאָם.
591	2	141	examples/hevin/imperative-04.mp3	hevin	Hifil	imperative	4	אתן	הָבֵ֫נָה עכשיו, בבקשה.
592	2	142	examples/hevin/infinitive-01.mp3	hevin	Hifil	infinitive	1		הוא מנסה לְהָבִין את ההוראות.
593	2	143	examples/amar/past-01.mp3	amar	Paal	past	1	אני	אָמַרְתִּי לוֹ שֶׁאֲנִי לֹא יְכוֹל לָבוֹא הַיּוֹם.
594	2	144	examples/amar/past-02.mp3	amar	Paal	past	2	אתה	אָמַרְתָּ שֶׁתָּבוֹא מוֹכָרוֹן?
595	2	145	examples/amar/past-03.mp3	amar	Paal	past	3	את	אָמַרְתְּ לִי שֶׁאַתְּ בָּאָה לַחֲגוֹרָה.
596	2	146	examples/amar/past-04.mp3	amar	Paal	past	4	הוא	הִוא אָמַר לִי שֶׁהוּא בָּא לַבָּיִת.
597	2	147	examples/amar/past-05.mp3	amar	Paal	past	5	היא	אָמְרָה לי שהיא תחזור מאוחר.
598	2	148	examples/amar/past-06.mp3	amar	Paal	past	6	אנחנו	כשאמרנו לו שהמסיבה בוטלה, הוא התאכזב מאוד.
599	2	149	examples/amar/past-07.mp3	amar	Paal	past	7	אתם	כשאמרתם אתמול שתבואו, לא ידעתי שתתכוונו לזה.
600	2	150	examples/amar/past-08.mp3	amar	Paal	past	8	אתן	אֲמַרְתֶּן שֶׁתִּבּוֹאוּ מוֹקדֵם, אֲבָל לֹא בָאתֶן בְּזְמַן.
601	2	151	examples/amar/past-09.mp3	amar	Paal	past	9	הם	אָמְרוּ לוֹ שֶׁיָּבוֹא מָחָר.
602	2	152	examples/amar/past-10.mp3	amar	Paal	past	10	הן	הֵם אָמְרוּ שֶׁהַסֵּדֶר מְתוּכָּנֵן הֵיטֵב.
603	2	153	examples/amar/present-01.mp3	amar	Paal	present	1	אני	אני אוֹמֵר שזה יום יפה מאוד.
604	2	154	examples/amar/present-02.mp3	amar	Paal	present	2	אני	אֱמָא שֶׁלִּי אוֹמֶרֶת שֶׁאֲנִי צָרִיך לִלְמֹד לְקְרַאת הַמִּבְחָן.
605	2	155	examples/amar/present-03.mp3	amar	Paal	present	3	אתה	אתה אומר את זה בצורה כל כך יפה.
606	2	156	examples/amar/present-04.mp3	amar	Paal	present	4	את	היא אומרת שהיא תגיע מחר.
607	2	157	examples/amar/present-05.mp3	amar	Paal	present	5	הוא	הילד אומר שהוא רוצה גליד.
608	2	158	examples/amar/present-06.mp3	amar	Paal	present	6	היא	הִיא אוֹמֶרֶת שֶׁהַיּוֹם יִהְיֶה חַם מְאוֹד.
609	2	159	examples/amar/present-07.mp3	amar	Paal	present	7	אנחנו	אוֹמְרִים שֶׁהַיּוֹם יִהְיֶה חָם מְאוֹד.
610	2	160	examples/amar/present-08.mp3	amar	Paal	present	8	אנחנו	כולם אוֹמְרוֹת שהסרט הזה שווה לצפייה.
611	2	161	examples/amar/present-09.mp3	amar	Paal	present	9	אתם	כשאני שואל אתכם מה חדש, אתם אוֹמְרִים תמיד אותו דבר.
612	2	162	examples/amar/present-10.mp3	amar	Paal	present	10	אתן	הילדות אומרות שהן רוצות לשחק במגרש.
613	2	163	examples/amar/present-11.mp3	amar	Paal	present	11	הם	אוֹמְרִים שֶׁהַיּוֹם יִהְיֶה חָם מְאוֹד.
614	2	164	examples/amar/present-12.mp3	amar	Paal	present	12	הן	הנשים אומרות שהמסעדה הזו הכי טובה בעיר.
615	2	165	examples/amar/future-01.mp3	amar	Paal	future	1	אני	אֹמַר לוֹ מָחָר אֶת הַמִּלִּים שֶׁחָשַׁבְתִּי עַל אוֹתָם.
616	2	166	examples/amar/future-02.mp3	amar	Paal	future	2	אתה	כאשר תֹּאמַר את הדברים האלה, ודא שכולם מקשיבים.
617	2	167	examples/amar/future-03.mp3	amar	Paal	future	3	את	אם תֹּאמְרִי לי את האמת, אז אוכל לעזור לך יותר טוב.
618	2	168	examples/amar/future-04.mp3	amar	Paal	future	4	הוא	כָּל אָדָם יֹאמַר אֶת שְׁמוֹ בְּקוֹל רָם.
619	2	169	examples/amar/future-05.mp3	amar	Paal	future	5	היא	כשתראי את הילדים, תֹּאמַר להם לשחק בחצר.
620	2	170	examples/amar/future-06.mp3	amar	Paal	future	6	אנחנו	בוא נאמר שזה לא משנה.
621	2	171	examples/amar/future-07.mp3	amar	Paal	future	7	אתם	כשתפגשו אותו, תֹּאמְרוּ לו שלום ממני.
622	2	172	examples/amar/future-08.mp3	amar	Paal	future	8	אתן	אם תֹּאמְרוּ לוֹ את האמת, הוא יבין.
623	2	173	examples/amar/future-09.mp3	amar	Paal	future	9	הם	כְּשֶׁיִּשְׁמְעוּ אֶת הַחֲדָשׁוֹת, יֹאמְרוּ כֻּלָּם שֶׁזֶּה מַדְהִים.
624	2	174	examples/amar/future-10.mp3	amar	Paal	future	10	הן	בְּסוֹף הַסִּפּוּר, יֹאמְרוּ הַיְלָדִים שֶׁהַמֶּלֶךְ הָיָה עִירוֹם.
625	2	175	examples/amar/imperative-01.mp3	amar	Paal	imperative	1	אתה	אֱמֹר לוֹ שֶׁאֲנִי בָּא מִיָּד
626	2	176	examples/amar/imperative-02.mp3	amar	Paal	imperative	2	את	אִמְרִי לוֹ שֶׁאֲנִי בָּאָה בְּקָרוֹב.
627	2	177	examples/amar/imperative-03.mp3	amar	Paal	imperative	3	אתם	אִמְרוּ לוֹ שֶׁיָּבוֹא מָחָר בַּבֹּקֶר.
628	2	178	examples/amar/imperative-04.mp3	amar	Paal	imperative	4	אתן	אֱמֹרְנָה עכשיו, בבקשה.
629	2	179	examples/amar/infinitive-01.mp3	amar	Paal	infinitive	1		הוא התכוון לומר משהו, אבל לא הצליח.
630	2	180	examples/ba/past-01.mp3	ba	Paal	past	1	אני	בָּאתִי לבקר את סבתא שלי בבית אבות.
631	2	181	examples/ba/past-02.mp3	ba	Paal	past	2	אתה	אחרי שבָּאתָ לכאן, הכל השתנה.
632	2	182	examples/ba/past-03.mp3	ba	Paal	past	3	את	אַת בָּאת לַבֵּית בְּעֵת הַסְּעוּדָה.
633	2	183	examples/ba/past-04.mp3	ba	Paal	past	4	הוא	הִנֵּה, הָאִישׁ בָּא לְבִקֵּר אֶתְכֶם.
634	2	184	examples/ba/past-05.mp3	ba	Paal	past	5	היא	הִיא בָּאָה לַבֵּיתָהּ אֶתְמוֹל בָּעֶרֶב.
635	2	185	examples/ba/past-06.mp3	ba	Paal	past	6	אנחנו	בָּאנוּ לבקר את סבתא בביתה.
636	2	186	examples/ba/past-07.mp3	ba	Paal	past	7	אתם	כשבאתם לבית הספר, ראיתם את הילדים משחקים בחצר.
637	2	187	examples/ba/past-08.mp3	ba	Paal	past	8	אתן	בָּאתֶן לכאן כדי לראות את המופע המיוחד הזה.
638	2	188	examples/ba/past-09.mp3	ba	Paal	past	9	הם	בָּאוּ אורחים לביקור בביתנו.
639	2	189	examples/ba/past-10.mp3	ba	Paal	past	10	הן	בָּאוּ אורחים לחגוג את יום ההולדת שלי.
640	2	190	examples/ba/present-01.mp3	ba	Paal	present	1	אני	אֲנִי בָּא לְבַקֵּר אֶת הַמִּשְׁפָּחָה בַּשָּׁבָת.
641	2	191	examples/ba/present-02.mp3	ba	Paal	present	2	אני	הִיא בָּאָה לִבְקָרֵנִי אֶתְמוֹל.
642	2	192	examples/ba/present-03.mp3	ba	Paal	present	3	אתה	אתה בָּא מחר לביקור?
643	2	193	examples/ba/present-04.mp3	ba	Paal	present	4	את	הַבָּאָה שֶׁל הַחֲגִיגָה בָּאָה בְּקָרוֹב.
644	2	194	examples/ba/present-05.mp3	ba	Paal	present	5	הוא	הוא בָּא לבקר אתמול בערב.
645	2	195	examples/ba/present-06.mp3	ba	Paal	present	6	היא	הִיא בָּאָה לַחֲגִיגָה עִם מִתְנָה מְקוֹסֶמֶת.
646	2	196	examples/ba/present-07.mp3	ba	Paal	present	7	אנחנו	כָּל הַיּוֹם אֲנַחְנוּ בָּאִים לְבַקֵּר אֶת הַמִּשְׁפָּחָה.
647	2	197	examples/ba/present-08.mp3	ba	Paal	present	8	אנחנו	אנחנו בָּאוֹת לפגישה בזמן.
648	2	198	examples/ba/present-09.mp3	ba	Paal	present	9	אתם	בָּאִים הַיּוֹם לַבִּקּוּר?
649	2	199	examples/ba/present-10.mp3	ba	Paal	present	10	אתן	הן באות מחר לבקר את המשפחה.
650	2	200	examples/ba/present-11.mp3	ba	Paal	present	11	הם	הם בָּאִים לבקר אותנו מחר.
651	2	201	examples/ba/present-12.mp3	ba	Paal	present	12	הן	הַנָּשִׁים בָּאוֹת לַחֲתוּנָה בְּשִׂמְלוֹת מְפֻאָרוֹת.
652	2	202	examples/ba/future-01.mp3	ba	Paal	future	1	אני	אָבוֹא לבקר אותך מחר.
653	2	203	examples/ba/future-02.mp3	ba	Paal	future	2	אתה	תָּבוֹא מחר לבקר את סבתא שלך.
654	2	204	examples/ba/future-03.mp3	ba	Paal	future	3	את	בבקשה, תָּבוֹאִי מחר בבוקר.
655	2	205	examples/ba/future-04.mp3	ba	Paal	future	4	הוא	מתי יָבוֹא אורחנו היום?
656	2	206	examples/ba/future-05.mp3	ba	Paal	future	5	היא	מחר תָּבוֹא אחותי לבקר אותי.
657	2	207	examples/ba/future-06.mp3	ba	Paal	future	6	אנחנו	נָבוֹא לבקר אתכם בסוף השבוע.
658	2	208	examples/ba/future-07.mp3	ba	Paal	future	7	אתם	תָּבוֹאוּ לבקר אותי מחר.
659	2	209	examples/ba/future-08.mp3	ba	Paal	future	8	אתן	תָּבוֹאוּ לבקר אותנו בשבת הבאה.
660	2	210	examples/ba/future-09.mp3	ba	Paal	future	9	הם	הם יָבוֹאוּ לבקר אותנו בסוף השבוע.
661	2	211	examples/ba/future-10.mp3	ba	Paal	future	10	הן	הם יָבוֹאוּ לבקר אותנו בשבת.
662	2	212	examples/ba/imperative-01.mp3	ba	Paal	imperative	1	אתה	בּוֹא לְבַקֵר אוֹתִי בַּבַּיִת הַחָדָשׁ שֶׁלִּי.
663	2	213	examples/ba/imperative-02.mp3	ba	Paal	imperative	2	את	בּוֹאִי לִפְגּוֹשׁ אוֹתִי בַּחוֹף בַּשֶּׁמֶשׁ.
664	2	214	examples/ba/imperative-03.mp3	ba	Paal	imperative	3	אתם	בּוֹאוּ לחגוג איתנו את יום ההולדת.
665	2	215	examples/ba/imperative-04.mp3	ba	Paal	imperative	4	אתן	בֹּאנָה עכשיו, בבקשה.
666	2	216	examples/ba/infinitive-01.mp3	ba	Paal	infinitive	1		אני מצפה לָבוֹא שלך מחר בבוקר.
667	2	217	examples/chashav/past-01.mp3	chashav	Paal	past	1	אני	חָשַׁבְתִּי שֶׁאַתָּה לא באמת רוצה לעזור.
668	2	218	examples/chashav/past-02.mp3	chashav	Paal	past	2	אתה	חָשַׁבְתָּ שֶׁאֲנִי עוֹמֵד בַּתּוֹר עַל מִי?
669	2	219	examples/chashav/past-03.mp3	chashav	Paal	past	3	את	חָשַׁבְתְּ שֶׁאֲנִי אֶפְגֹּשׁ אוֹתוֹ בַּמִּסְעָדָה?
670	2	220	examples/chashav/past-04.mp3	chashav	Paal	past	4	הוא	אבא חָשַׁב שזו תהיה הפתעה טובה.
671	2	221	examples/chashav/past-05.mp3	chashav	Paal	past	5	היא	הִיא חָשְׁבָה שֶׁהוּא יָבוֹא לַמִּסִיבָּה.
672	2	222	examples/chashav/past-06.mp3	chashav	Paal	past	6	אנחנו	חָשַׁבְנוּ שֶׁהַיּוֹם יִהְיֶה מְאוּד חַם, אֲבָל בַּסוֹף נִשְׁאַר קָרִיר.
673	2	223	examples/chashav/past-07.mp3	chashav	Paal	past	7	אתם	חֲשַׁבְתֶּם שֶׁזֶּה קָל, אֲבָל טָעִיתֶם.
674	2	224	examples/chashav/past-08.mp3	chashav	Paal	past	8	אתן	חֲשַׁבְתֶּן שֶׁתִּזְכֶּינָה בַּמִּשְׁחָק?
675	2	225	examples/chashav/past-09.mp3	chashav	Paal	past	9	הם	הם חָשְׁבוּ שהמשחק יתחיל בשעה שמונה.
676	2	226	examples/chashav/past-10.mp3	chashav	Paal	past	10	הן	חָשְׁבוּ שהוא יגיע בזמן, אבל הוא איחר.
677	2	227	examples/chashav/present-01.mp3	chashav	Paal	present	1	אני	אני חוֹשֵׁב שזו רעיון טוב.
678	2	228	examples/chashav/present-02.mp3	chashav	Paal	present	2	אני	אני חוֹשֶׁבֶת שזו הדרך הנכונה.
679	2	229	examples/chashav/present-03.mp3	chashav	Paal	present	3	אתה	אתה חושב שהוא יבוא היום?
680	2	230	examples/chashav/present-04.mp3	chashav	Paal	present	4	את	היא חושבת שהוא יגיע מאוחר הערב.
681	2	231	examples/chashav/present-05.mp3	chashav	Paal	present	5	הוא	הוא חושב שזו לא רעיון טוב.
682	2	232	examples/chashav/present-06.mp3	chashav	Paal	present	6	היא	היא חושבת על הפתרון לבעיה.
683	2	233	examples/chashav/present-07.mp3	chashav	Paal	present	7	אנחנו	אנחנו חושבים על הצעד הבא שלנו.
684	2	234	examples/chashav/present-08.mp3	chashav	Paal	present	8	אנחנו	כולנו חושבות שזה יהיה יום נפלא.
685	2	235	examples/chashav/present-09.mp3	chashav	Paal	present	9	אתם	אתם חוֹשְׁבִים על הפתרון הזה כבר שעה.
686	2	236	examples/chashav/present-10.mp3	chashav	Paal	present	10	אתן	הַנָּשִׁים חוֹשְׁבוֹת שֶׁהַיֵּלֶד זָקוּק לְעוֹד שֵׁינָה.
687	2	237	examples/chashav/present-11.mp3	chashav	Paal	present	11	הם	הם חוֹשְׁבִים שזה רעיון טוב.
688	2	238	examples/chashav/present-12.mp3	chashav	Paal	present	12	הן	הנשים חושבות שהוא מגיע מאוחר מדי.
689	2	239	examples/chashav/future-01.mp3	chashav	Paal	future	1	אני	אֶחֱשׁוֹב על ההצעה הזו בקפידה לפני שאחליט.
690	2	240	examples/chashav/future-02.mp3	chashav	Paal	future	2	אתה	תַּחֲשׁוֹב מה יהיה הכי טוב לעשות במצב הזה?
691	2	241	examples/chashav/future-03.mp3	chashav	Paal	future	3	את	תַּחְשְׁבִי עַל כָּל הָאֶפְשָׁרוֹיוֹת לִפְנֵי שֶׁתַּחֲלִיטִי.
692	2	242	examples/chashav/future-04.mp3	chashav	Paal	future	4	הוא	הוא יחשוב שהוא יכול לפתור את הבעיה לבד.
693	2	243	examples/chashav/future-05.mp3	chashav	Paal	future	5	היא	היא תחשוב על זה בקרוב.
694	2	244	examples/chashav/future-06.mp3	chashav	Paal	future	6	אנחנו	אנחנו נחשוב על פתרון לבעיה הזו.
695	2	245	examples/chashav/future-07.mp3	chashav	Paal	future	7	אתם	תַּחְשְׁבוּ על הדברים שעשינו היום.
696	2	246	examples/chashav/future-08.mp3	chashav	Paal	future	8	אתן	תַּחְשְׁבוּ שַׁלוֹם לִפְנֵי שֶׁתַּעֲשׂוּ אֵיזוֹ בְּחִירָה.
697	2	247	examples/chashav/future-09.mp3	chashav	Paal	future	9	הם	כולם יחשבו שהוא הכי טוב בכיתה.
698	2	248	examples/chashav/future-10.mp3	chashav	Paal	future	10	הן	בטוח שהם יַחְשְׁבוּ על ההצעה שלך.
699	2	249	examples/chashav/imperative-01.mp3	chashav	Paal	imperative	1	אתה	חֲשֹׁב על ההשלכות של ההחלטה הזו.
700	2	250	examples/chashav/imperative-02.mp3	chashav	Paal	imperative	2	את	חִשְׁבִי על ההצעה הזו לפני שתחליטי.
701	2	251	examples/chashav/imperative-03.mp3	chashav	Paal	imperative	3	אתם	חִשְׁבוּ על ההשלכות של ההחלטה הזו.
702	2	252	examples/chashav/imperative-04.mp3	chashav	Paal	imperative	4	אתן	חֲשֹֹבְנָה עכשיו, בבקשה.
703	2	253	examples/chashav/infinitive-01.mp3	chashav	Paal	infinitive	1		אנחנו צריכים לחשוב על פתרון לבעיה הזו.
704	2	254	examples/ahav/past-01.mp3	ahav	Paal	past	1	אני	אָהַבְתִּי לְהִתְהַלֵךְ בַּגַּן בְּבֹקֶר.
705	2	255	examples/ahav/past-02.mp3	ahav	Paal	past	2	אתה	אָהַבְתָּ אוֹתָהּ מִיּוֹם שֶׁפָּגַשְׁתָּ אוֹתָהּ בַּפַּעַם הָרִאשׁוֹנָה.
706	2	256	examples/ahav/past-03.mp3	ahav	Paal	past	3	את	אָהַבְתְּ אוֹתוֹ מֵאֲזֶה יוֹם שֶׁפָּגַשְׁתְּ אוֹתוֹ.
707	2	257	examples/ahav/past-04.mp3	ahav	Paal	past	4	הוא	הוא אהב את הכלב שלו מאוד.
708	2	258	examples/ahav/past-05.mp3	ahav	Paal	past	5	היא	הִיא אָהֲבָה אוֹתוֹ מֵאֲזֶה שֶׁזָּכְרָה אֶת עַצְמָהּ
709	2	259	examples/ahav/past-06.mp3	ahav	Paal	past	6	אנחנו	בילדותנו אהבנו לשחק במגרש הסמוך לבית.
710	2	260	examples/ahav/past-07.mp3	ahav	Paal	past	7	אתם	אֲהַבְתֶּם את הכלב הזה מאוד בילדותכם.
711	2	261	examples/ahav/past-08.mp3	ahav	Paal	past	8	אתן	אֲהַבְתֶּן אֶת הַחַתּוּלָה הַזוֹ מֵאוֹד.
712	2	262	examples/ahav/past-09.mp3	ahav	Paal	past	9	הם	בַּתְּקוּפָּה הַהִיא, אֲנָשִׁים אָהֲבוּ לְהִתְקַבֵּץ בַּכִּכָּר הָעִירוֹנִית.
713	2	263	examples/ahav/past-10.mp3	ahav	Paal	past	10	הן	הֵן אָהֲבוּ אֶת הַיַּלְדָּה מֵאוֹד.
714	2	264	examples/ahav/present-01.mp3	ahav	Paal	present	1	אני	אני אוֹהֵב לבלות עם חברים בשבתות.
715	2	265	examples/ahav/present-02.mp3	ahav	Paal	present	2	אני	אני אוֹהֶבֶת לבלות בחיק הטבע.
716	2	266	examples/ahav/present-03.mp3	ahav	Paal	present	3	אתה	אתה אוהב את הים בבוקר.
717	2	267	examples/ahav/present-04.mp3	ahav	Paal	present	4	את	היא אוֹהֶבֶת לקרוא ספרים בשעות הפנאי שלה.
718	2	268	examples/ahav/present-05.mp3	ahav	Paal	present	5	הוא	הוא אוהב לבלות זמן עם משפחתו.
719	2	269	examples/ahav/present-06.mp3	ahav	Paal	present	6	היא	היא אוֹהֶבֶת לקרוא ספרים בשעות הפנאי שלה.
720	2	270	examples/ahav/present-07.mp3	ahav	Paal	present	7	אנחנו	אנחנו אוהבים לבלות ביחד בימי שישי בערב.
721	2	271	examples/ahav/present-08.mp3	ahav	Paal	present	8	אנחנו	אנחנו אוהבות את החיים בטבע.
722	2	272	examples/ahav/present-09.mp3	ahav	Paal	present	9	אתם	אתם אוֹהֲבִים את החיים בכל רגע.
723	2	273	examples/ahav/present-10.mp3	ahav	Paal	present	10	אתן	הַנָּשִׁים אוֹהֲבוֹת לִרְקוֹד בַּמִּסִיבוֹת.
724	2	274	examples/ahav/present-11.mp3	ahav	Paal	present	11	הם	הם אוהבים לבלות יחד בסופי שבוע.
725	2	275	examples/ahav/present-12.mp3	ahav	Paal	present	12	הן	הן אוהבות לבלות זמן בחיק הטבע.
726	2	276	examples/ahav/future-01.mp3	ahav	Paal	future	1	אני	אֹהַב לבלות זמן עם משפחתי בחיק הטבע.
727	2	277	examples/ahav/future-02.mp3	ahav	Paal	future	2	אתה	בשנה הבאה תֹּאהַב אותה יותר מכל.
728	2	278	examples/ahav/future-03.mp3	ahav	Paal	future	3	את	תֹּאהֲבִי אותוֹ כל חייך.
729	2	279	examples/ahav/future-04.mp3	ahav	Paal	future	4	הוא	הוא יֹאהַב אותה מחר.
730	2	280	examples/ahav/future-05.mp3	ahav	Paal	future	5	היא	היא תֹּאהַב אותו מכל הלב.
731	2	281	examples/ahav/future-06.mp3	ahav	Paal	future	6	אנחנו	אנחנו נֹאהַב את החיים בכל רגע.
732	2	282	examples/ahav/future-07.mp3	ahav	Paal	future	7	אתם	בַּמֶּה תֹּאהֲבוּ אֶת הָאֱלֹקים בְּאֵמֶת?
733	2	283	examples/ahav/future-08.mp3	ahav	Paal	future	8	אתן	כשתֹּאהֲבוּ את עצמכם, תוכלו לאהוב אחרים באמת.
734	2	284	examples/ahav/future-09.mp3	ahav	Paal	future	9	הם	בסוף הם יֹאהֲבוּ את הדרך שבה הדברים התפתחו.
735	2	285	examples/ahav/future-10.mp3	ahav	Paal	future	10	הן	הן יֹאהֲבוּ אותו בלב שלם.
736	2	286	examples/ahav/imperative-01.mp3	ahav	Paal	imperative	1	אתה	אֱהַב את חבריך כמוך
737	2	287	examples/ahav/imperative-02.mp3	ahav	Paal	imperative	2	את	אִהֲבִי אֶת הַחַיִּים בְּכָל לֵב.
738	2	288	examples/ahav/imperative-03.mp3	ahav	Paal	imperative	3	אתם	אִהֲבוּ את הבריות כולם בלב שלם.
739	2	289	examples/ahav/imperative-04.mp3	ahav	Paal	imperative	4	אתן	אֱהַבְנָה עכשיו, בבקשה.
740	2	290	examples/ahav/infinitive-01.mp3	ahav	Paal	infinitive	1		חשוב לֶאֱהוֹב את עצמך לפני שאתה מנסה לאהוב אחרים.
741	2	291	examples/ratzah/past-01.mp3	ratzah	Paal	past	1	אני	רָצִיתִי לִנְסוֹעַ לַחוֹף, אֲבָל הָיָה יוֹתֵר מִדי עָמוס.
742	2	292	examples/ratzah/past-02.mp3	ratzah	Paal	past	2	אתה	אַתָּה רָצִיתָ לָלֶכֶת לַחוֹף אֶתְמוֹל, נָכוֹן?
743	2	293	examples/ratzah/past-03.mp3	ratzah	Paal	past	3	את	אמש רָצִית לצאת לטיול בחוץ, אבל החלטת להישאר בבית.
744	2	294	examples/ratzah/past-04.mp3	ratzah	Paal	past	4	הוא	הוא רָצָה ללכת לחוף הים בבוקר.
745	2	295	examples/ratzah/past-05.mp3	ratzah	Paal	past	5	היא	היא רָצְתָה לטייל בפארק אתמול בערב.
746	2	296	examples/ratzah/past-06.mp3	ratzah	Paal	past	6	אנחנו	רָצִינוּ לָלֶכֶת לַיָּם בְּסוֹף הַשָּׁבוּעַ.
747	2	297	examples/ratzah/past-07.mp3	ratzah	Paal	past	7	אתם	כשהייתם ילדים, רְצִיתֶם לשחק בחצר כל היום.
748	2	298	examples/ratzah/past-08.mp3	ratzah	Paal	past	8	אתן	כשהייתן ילדות, רציתן לשחק בחצר כל היום.
749	2	299	examples/ratzah/past-09.mp3	ratzah	Paal	past	9	הם	הם רָצוּ ללכת לים אתמול.
750	2	300	examples/ratzah/past-10.mp3	ratzah	Paal	past	10	הן	הֵן רָצוּ לָלֶכֶת לַחוֹף אַתְמוֹל.
751	2	301	examples/ratzah/present-01.mp3	ratzah	Paal	present	1	אני	אני רוֹצֶה לאכול משהו מתוק.
752	2	302	examples/ratzah/present-02.mp3	ratzah	Paal	present	2	אני	אני רוֹצָה לשתות מים.
753	2	303	examples/ratzah/present-03.mp3	ratzah	Paal	present	3	אתה	אתה רוֹצֶה לבוא איתי לים?
754	2	304	examples/ratzah/present-04.mp3	ratzah	Paal	present	4	את	היא רוֹצָה לבוא איתנו לקולנוע.
755	2	305	examples/ratzah/present-05.mp3	ratzah	Paal	present	5	הוא	הוּא רוֹצֶה לִלְמֹד עִבְרִית
756	2	306	examples/ratzah/present-06.mp3	ratzah	Paal	present	6	היא	הִיא רוֹצָה לִלְמֹד עִבְרִית בְּמִדְרָשָה.
757	2	307	examples/ratzah/present-07.mp3	ratzah	Paal	present	7	אנחנו	כולנו רוֹצִים לצאת לטיול בטבע.
758	2	308	examples/ratzah/present-08.mp3	ratzah	Paal	present	8	אנחנו	אנחנו רוצות לבלות את היום בחוף הים.
759	2	309	examples/ratzah/present-09.mp3	ratzah	Paal	present	9	אתם	כולם רוֹצִים לדעת מה יקרה בסוף הסרט.
760	2	310	examples/ratzah/present-10.mp3	ratzah	Paal	present	10	אתן	הן רוֹצוֹת לשחק בחצר.
761	2	311	examples/ratzah/present-11.mp3	ratzah	Paal	present	11	הם	הם רוֹצִים ללכת לים היום.
762	2	312	examples/ratzah/present-12.mp3	ratzah	Paal	present	12	הן	הן רוצות לנסוע לים השנה.
763	2	313	examples/ratzah/future-01.mp3	ratzah	Paal	future	1	אני	בבוקר אֶרְצֶה לשתות קפה חם.
764	2	314	examples/ratzah/future-02.mp3	ratzah	Paal	future	2	אתה	אם תִּרְצֶה לבוא איתי למסעדה, נוכל לצאת בערב.
765	2	315	examples/ratzah/future-03.mp3	ratzah	Paal	future	3	את	אם תִּרְצִי לבוא לביקור, תמיד תהיי מוזמנת.
766	2	316	examples/ratzah/future-04.mp3	ratzah	Paal	future	4	הוא	אולי יִרְצֶה לבוא איתנו לטיול מחר.
767	2	317	examples/ratzah/future-05.mp3	ratzah	Paal	future	5	היא	אם תִּרְצֶה לבוא מחר, את מוזמנת.
768	2	318	examples/ratzah/future-06.mp3	ratzah	Paal	future	6	אנחנו	אנחנו נרצה לבקר בחוף הים בסוף השבוע.
769	2	319	examples/ratzah/future-07.mp3	ratzah	Paal	future	7	אתם	אם תִּרְצוּ לבוא, אני אשמח לראות אתכם.
770	2	320	examples/ratzah/future-08.mp3	ratzah	Paal	future	8	אתן	אם תִּרְצוּ לבוא איתי, אני אשמח מאוד.
771	2	321	examples/ratzah/future-09.mp3	ratzah	Paal	future	9	הם	הם יִרְצוּ לבוא לחגוג איתנו את החג.
772	2	322	examples/ratzah/future-10.mp3	ratzah	Paal	future	10	הן	אם יִרְצוּ לבוא, הם יוכלו למצוא את הבית בקלות.
773	2	323	examples/ratzah/imperative-01.mp3	ratzah	Paal	imperative	1	אתה	רְצֵה לְבַקֵּר אֶת הַמּוּזֶיאוֹן הַיּוֹם.
774	2	324	examples/ratzah/imperative-02.mp3	ratzah	Paal	imperative	2	את	רְצִי לָלֶכֶת לַחוֹף הַיָּם אִתִּי.
775	2	325	examples/ratzah/imperative-03.mp3	ratzah	Paal	imperative	3	אתם	רְצוּ לִפְגּוֹשׁ אוֹתִי בַּמֶּרְכָּז.
776	2	326	examples/ratzah/imperative-04.mp3	ratzah	Paal	imperative	4	אתן	רְצֶינָה עכשיו, בבקשה.
777	2	327	examples/ratzah/infinitive-01.mp3	ratzah	Paal	infinitive	1		אני מנסה לרצות את כולם, אבל זה קשה מאוד.
778	2	328	examples/natan/past-01.mp3	natan	Paal	past	1	אני	נָתַתִּי לוֹ אֶת הַסֵּפֶר שֶׁהוּא רָצָה.
779	2	329	examples/natan/past-02.mp3	natan	Paal	past	2	אתה	אַתָּה נָתַתָּ לִי אֶת הַמַּפְתֵּחַ אֶתְמוֹל.
780	2	330	examples/natan/past-03.mp3	natan	Paal	past	3	את	אִמָּא, נָתַתְּ לִי אֶת הַמַּפְתֵּחַ?
781	2	331	examples/natan/past-04.mp3	natan	Paal	past	4	הוא	הוא נָתַן לי את המפתח לדירה.
782	2	332	examples/natan/past-05.mp3	natan	Paal	past	5	היא	הִיא נָתְנָה לוֹ מַתָּנָה לְיוֹם הוּלֶדֶת.
783	2	333	examples/natan/past-06.mp3	natan	Paal	past	6	אנחנו	נָתַנּוּ לוֹ אֶת הַמַּתָּנָה שֶׁלּוֹ בְּיִרְאָה וּבְכָבוֹד.
784	2	334	examples/natan/past-07.mp3	natan	Paal	past	7	אתם	נְתַתֶּם לוֹ אֶת הַמַּפְתֵחוֹת אֲשֶׁר שִׁכַּח
785	2	335	examples/natan/past-08.mp3	natan	Paal	past	8	אתן	כשנתתן לנו את המתנה, שמחנו מאוד.
786	2	336	examples/natan/past-09.mp3	natan	Paal	past	9	הם	הם נָתְנוּ לנו מתנה יפה ביום ההולדת שלי.
787	2	337	examples/natan/past-10.mp3	natan	Paal	past	10	הן	הֵם נָתְנוּ לִי אֶת הַמַּתָּנָה בְּיוֹם הַהוּלַדֶת שֶׁלִּי.
788	2	338	examples/natan/present-01.mp3	natan	Paal	present	1	אני	אֲנִי נוֹתֵן לְךָ אֶת הַסֵּפֶר הַזֶּה.
789	2	339	examples/natan/present-02.mp3	natan	Paal	present	2	אני	אִמָּא שֶׁלִּי נוֹתֶנֶת לִי מַתָּנוֹת בְּכָל שָׁבוּעַ.
790	2	340	examples/natan/present-03.mp3	natan	Paal	present	3	אתה	אתה נוֹתֵן לי את הזמן שלך, ואני מעריך את זה מאוד.
791	2	341	examples/natan/present-04.mp3	natan	Paal	present	4	את	הִיא נוֹתֶנֶת לוֹ אֶת הַסֵּפֶר.
792	2	342	examples/natan/present-05.mp3	natan	Paal	present	5	הוא	הָאִישׁ נוֹתֵן לַחֲמוֹן לַצִּפּוֹרִים בַּבּוֹקֶר.
793	2	343	examples/natan/present-06.mp3	natan	Paal	present	6	היא	היא נוֹתֶנֶת לוֹ את הַמַּתָּנָה בְּיֹום הוּלַדְתּוֹ.
794	2	344	examples/natan/present-07.mp3	natan	Paal	present	7	אנחנו	בבית הספר, אנחנו נוֹתְנִים לתלמידים את כל הכלים להצלחה.
795	2	345	examples/natan/present-08.mp3	natan	Paal	present	8	אנחנו	אנחנו נוֹתְנוֹת את כל כולנו למשפחה.
796	2	346	examples/natan/present-09.mp3	natan	Paal	present	9	אתם	אתם נוֹתְנִים מתנות לילדים בחגים.
797	2	347	examples/natan/present-10.mp3	natan	Paal	present	10	אתן	הִלְדָּה נוֹתְנוֹת בּוֹנְבּוֹנִים לַכָּל הַיְּלָדִים.
798	2	348	examples/natan/present-11.mp3	natan	Paal	present	11	הם	הם נוֹתְנִים לנוֹ מתנות בכל חג.
799	2	349	examples/natan/present-12.mp3	natan	Paal	present	12	הן	הִיא נוֹתְנוֹת לָהֶם אֶת כָּל הַתְּמִיכָה שֶׁהֵם צְרִיכִים.
800	2	350	examples/natan/future-01.mp3	natan	Paal	future	1	אני	אֶתֵּן לְךָ אֶת הַסֵּפֶר מָחָר.
801	2	351	examples/natan/future-02.mp3	natan	Paal	future	2	אתה	אם תִּתֵּן לי את הספר, אוכל לקרוא אותו היום.
802	2	352	examples/natan/future-03.mp3	natan	Paal	future	3	את	תִּתְּנִי לוֹ אֶת הַמַּפְתֵּחַ כְּשֶׁיָּבוֹא.
803	2	353	examples/natan/future-04.mp3	natan	Paal	future	4	הוא	הַמּוֹרֶה יִתֵּן לְתַלְמִידִים הַבְּחִינָה בְּשָׁבוּעַ הַבָּא.
804	2	354	examples/natan/future-05.mp3	natan	Paal	future	5	היא	הִיא תִּתֵּן לְךָ אֶת הַסֵּפֶר מָחָר.
805	2	355	examples/natan/future-06.mp3	natan	Paal	future	6	אנחנו	נִתֵּן לוֹ את המתנה ביום ההולדת שלו.
806	2	356	examples/natan/future-07.mp3	natan	Paal	future	7	אתם	תִּתְּנוּ לוֹ הזדמנות שנייה.
807	2	357	examples/natan/future-08.mp3	natan	Paal	future	8	אתן	אם תִּתְּנוּ לי עזרה, אוכל לסיים את הפרויקט בזמן.
808	2	358	examples/natan/future-09.mp3	natan	Paal	future	9	הם	הם יִתְּנוּ לך את כל מה שתצטרך.
809	2	359	examples/natan/future-10.mp3	natan	Paal	future	10	הן	הֵן יִתְּנוּ לוֹ הַזְּדָמְנוּת לְדַבֵּר.
810	2	360	examples/natan/imperative-01.mp3	natan	Paal	imperative	1	אתה	תֵּן לי את הספר הזה, בבקשה.
811	2	361	examples/natan/imperative-02.mp3	natan	Paal	imperative	2	את	תְּנִי לִי רֶגַע לְחָשׁוֹב.
812	2	362	examples/natan/imperative-03.mp3	natan	Paal	imperative	3	אתם	תְּנוּ לוֹ עוֹד הֶזְדְּמָנוּת.
813	2	363	examples/natan/imperative-04.mp3	natan	Paal	imperative	4	אתן	תֵּנָה עכשיו, בבקשה.
814	2	364	examples/natan/infinitive-01.mp3	natan	Paal	infinitive	1		חשוב מאוד לָתֵת תרומה למי שזקוק.
815	2	365	examples/pagash/past-01.mp3	pagash	Paal	past	1	אני	פָּגַשְׁתִּי אֶת חֲבֵרִי הַיָּשָׁן בַּקַּפֶה אֶתְמוֹל.
816	2	366	examples/pagash/past-02.mp3	pagash	Paal	past	2	אתה	פָּגַשְׁתָּ את חברך הטוב בדרך הביתה?
817	2	367	examples/pagash/past-03.mp3	pagash	Paal	past	3	את	פָּגַשְׁתְּ אֶת חָבֵרַתִי הַיָּשָׁנָה בַּקְּנִיּוֹן אֶתְמוֹל.
818	2	368	examples/pagash/past-04.mp3	pagash	Paal	past	4	הוא	היום פָּגַשׁ את חברו הטוב בקפיטריה.
819	2	369	examples/pagash/past-05.mp3	pagash	Paal	past	5	היא	הִיא פָּגְשָׁה אֶת חֲבֶרָתָהּ בַּמּוֹכֵר.
820	2	370	examples/pagash/past-06.mp3	pagash	Paal	past	6	אנחנו	פָּגַשְׁנוּ אתמול את החברים שלנו בפארק.
821	2	371	examples/pagash/past-07.mp3	pagash	Paal	past	7	אתם	פְּגַשְׁתֶּם אֶת הַחֲבֵרִים בַּמִּסְעָדָה?
822	2	372	examples/pagash/past-08.mp3	pagash	Paal	past	8	אתן	פגשתן את הנהג שלכן בתחנת האוטובוס?
823	2	373	examples/pagash/past-09.mp3	pagash	Paal	past	9	הם	הם פָּגְשׁוּ בחדר הישיבות אתמול.
824	2	374	examples/pagash/past-10.mp3	pagash	Paal	past	10	הן	הן פָּגְשׁוּ בחנות אתמול.
825	2	375	examples/pagash/present-01.mp3	pagash	Paal	present	1	אני	אני פוגש את חברי בבית הקפה.
826	2	376	examples/pagash/present-02.mp3	pagash	Paal	present	2	אני	אני פוגשת חברים בפארק כל יום שישי.
827	2	377	examples/pagash/present-03.mp3	pagash	Paal	present	3	אתה	אתה פוגש את חבריך בבית קפה בכל שבוע.
828	2	378	examples/pagash/present-04.mp3	pagash	Paal	present	4	את	בכל יום אני פוגשת את החברות שלי בבית קפה.
829	2	379	examples/pagash/present-05.mp3	pagash	Paal	present	5	הוא	הוא פּוֹגֵשׁ אוֹתָהּ בַּפָּארְק בְּכָל בֹּקֶר.
830	2	380	examples/pagash/present-06.mp3	pagash	Paal	present	6	היא	היום היא פּוֹגֶשֶׁת את חברתה הטובה בבית קפה.
831	2	381	examples/pagash/present-07.mp3	pagash	Paal	present	7	אנחנו	אנחנו פּוֹגְשִׁים חברים בפארק בכל שבת.
832	2	382	examples/pagash/present-08.mp3	pagash	Paal	present	8	אנחנו	אנחנו פּוֹגְשׁוֹת את חברותינו בבית קפה כל יום חמישי.
833	2	383	examples/pagash/present-09.mp3	pagash	Paal	present	9	אתם	בדרך כלל, אנחנו פוגשים חברים בסופי שבוע.
834	2	384	examples/pagash/present-10.mp3	pagash	Paal	present	10	אתן	אנחנו פוגשות את החברות שלנו בקפה כל יום שישי.
835	2	385	examples/pagash/present-11.mp3	pagash	Paal	present	11	הם	בדרך כלל, פוגשים אנשים חדשים בכל מקום שאליו הולכים.
836	2	386	examples/pagash/present-12.mp3	pagash	Paal	present	12	הן	הן פוגשות את החברות שלהן בבית קפה.
837	2	387	examples/pagash/future-01.mp3	pagash	Paal	future	1	אני	אֶפְגּוֹשׁ אוֹתְךָ בַּפַּארק מָחָר בַּבּוֹקֶר.
838	2	388	examples/pagash/future-02.mp3	pagash	Paal	future	2	אתה	תִּפְגּוֹשׁ אוֹתוֹ בַּמֶּרְכָּז מָחָר.
839	2	389	examples/pagash/future-03.mp3	pagash	Paal	future	3	את	תִּפְגְּשִׁי אוֹתוֹ בַּמִּסְעָדָה בָּאֵרוֹעַ הַבַּא.
840	2	390	examples/pagash/future-04.mp3	pagash	Paal	future	4	הוא	מחר הוא יִפְגּוֹשׁ את חבריו בפארק.
841	2	391	examples/pagash/future-05.mp3	pagash	Paal	future	5	היא	היא תפגוש את חברתה בבית קפה מחר.
842	2	392	examples/pagash/future-06.mp3	pagash	Paal	future	6	אנחנו	נִפְגּוֹשׁ מחר בבוקר בפארק.
843	2	393	examples/pagash/future-07.mp3	pagash	Paal	future	7	אתם	תִּפְגְּשׁוּ אותו בחנות בשעה שש בערב.
844	2	394	examples/pagash/future-08.mp3	pagash	Paal	future	8	אתן	מקווה שתִּפְגְּשׁוּ את חבריכם בקרוב.
845	2	395	examples/pagash/future-09.mp3	pagash	Paal	future	9	הם	בסוף השבוע הם יִפְגְּשׁוּ בפארק.
846	2	396	examples/pagash/future-10.mp3	pagash	Paal	future	10	הן	הם יִפְגְּשׁוּ את חבריהם בפארק מחר.
847	2	397	examples/pagash/imperative-01.mp3	pagash	Paal	imperative	1	אתה	פְּגוֹשׁ אוֹתוֹ בַּפּוֹעַל בְּשָׁעָה שְׁמוֹנֶה.
848	2	398	examples/pagash/imperative-02.mp3	pagash	Paal	imperative	2	את	פִּגְשִׁי אוֹתוֹ בַּחֲצָר הַבַּיִת.
849	2	399	examples/pagash/imperative-03.mp3	pagash	Paal	imperative	3	אתם	בבקשה, פִּגְשׁוּ אותי בחדר הישיבות בעוד חצי שעה.
850	2	400	examples/pagash/imperative-04.mp3	pagash	Paal	imperative	4	אתן	פְּגוֹשְׁנָה עכשיו, בבקשה.
851	2	401	examples/pagash/infinitive-01.mp3	pagash	Paal	infinitive	1		אני רוצה לפגוש אותך בערב.
852	2	402	examples/yashan/past-01.mp3	yashan	Paal	past	1	אני	אמש יָשַׁנְתִּי שמונה שעות וחצי.
853	2	403	examples/yashan/past-02.mp3	yashan	Paal	past	2	אתה	אתמול בלילה יָשַׁנְתָּ טוב?
854	2	404	examples/yashan/past-03.mp3	yashan	Paal	past	3	את	אַתְּ יָשַׁנְתְּ כָּל הַלַּיְלָה בְּלִי הַפְרָעָה.
855	2	405	examples/yashan/past-04.mp3	yashan	Paal	past	4	הוא	הילד יָשַׁן כל הלילה בלי להתעורר.
856	2	406	examples/yashan/past-05.mp3	yashan	Paal	past	5	היא	הַיּוֹנָה יָשְׁנָה בְּמִקְלַט הַעֵצִים.
857	2	407	examples/yashan/past-06.mp3	yashan	Paal	past	6	אנחנו	אחרי הטיול הארוך, יָשַׁנּוּ כמו תינוקות.
858	2	408	examples/yashan/past-07.mp3	yashan	Paal	past	7	אתם	אַתֶּם יְשַׁנְתֶּם כָּל הַלַּיְלָה?
859	2	409	examples/yashan/past-08.mp3	yashan	Paal	past	8	אתן	כשהגעתי לבית שלכן, כבר יְשַׁנְתֶּן.
860	2	410	examples/yashan/past-09.mp3	yashan	Paal	past	9	הם	הם יָשְׁנוּ כל הלילה בלי הפסקה.
861	2	411	examples/yashan/past-10.mp3	yashan	Paal	past	10	הן	הֵן יָשְׁנוּ בַּמִּיטוֹת הַחֲדָשׁוֹת.
862	2	412	examples/yashan/present-01.mp3	yashan	Paal	present	1	אני	אני יָשֵׁן כל הלילה בלי הפרעות.
863	2	413	examples/yashan/present-02.mp3	yashan	Paal	present	2	אני	אני יְשֵׁנָה בחדר שלי.
864	2	414	examples/yashan/present-03.mp3	yashan	Paal	present	3	אתה	אתה יָשֵׁן כמו תינוק.
865	2	415	examples/yashan/present-04.mp3	yashan	Paal	present	4	את	הַיָּלְדָה יְשֵׁנָה בְּמִיטָתָהּ.
866	2	416	examples/yashan/present-05.mp3	yashan	Paal	present	5	הוא	הוא תמיד יָשֵׁן בשעות הבוקר.
867	2	417	examples/yashan/present-06.mp3	yashan	Paal	present	6	היא	הַתִּינוֹקֶת יְשֵׁנָה בְּעֵרֶשׂ הַזֶּה.
868	2	418	examples/yashan/present-07.mp3	yashan	Paal	present	7	אנחנו	אנחנו יְשֵׁנִים בחדר קריר בלילה.
869	2	419	examples/yashan/present-08.mp3	yashan	Paal	present	8	אנחנו	בַּחֲצוֹת הַלַּיְלָה כָּל הַיְלָדִים יְשֵׁנוֹת.
870	2	420	examples/yashan/present-09.mp3	yashan	Paal	present	9	אתם	אתם ישנים כמו תינוקות כל הלילה.
871	2	421	examples/yashan/present-10.mp3	yashan	Paal	present	10	אתן	הַתִּינוֹקוֹת יְשֵׁנוֹת בַּחֲדָרָם.
872	2	422	examples/yashan/present-11.mp3	yashan	Paal	present	11	הם	הילדים ישנים בחדרם.
873	2	423	examples/yashan/present-12.mp3	yashan	Paal	present	12	הן	הַיְלָדוֹת יְשֵׁנוֹת בַּחֲדַר הַשֵּׁינָה.
874	2	424	examples/yashan/future-01.mp3	yashan	Paal	future	1	אני	אני אִישַׁן הלילה בבית.
875	2	425	examples/yashan/future-02.mp3	yashan	Paal	future	2	אתה	תִּישַׁן היטב הלילה.
876	2	426	examples/yashan/future-03.mp3	yashan	Paal	future	3	את	תִּישְׁנִי בחדר שלך הלילה.
877	2	427	examples/yashan/future-04.mp3	yashan	Paal	future	4	הוא	הוא יִישַׁן טוב הלילה.
878	2	428	examples/yashan/future-05.mp3	yashan	Paal	future	5	היא	אני מקווה שתישן טוב הלילה.
879	2	429	examples/yashan/future-06.mp3	yashan	Paal	future	6	אנחנו	אנחנו נִישַׁן בחדרים נפרדים.
880	2	430	examples/yashan/future-07.mp3	yashan	Paal	future	7	אתם	מחר תישנו בבוקר ולא בלילה.
881	2	431	examples/yashan/future-08.mp3	yashan	Paal	future	8	אתן	אחרי הסעודה, תִּישְׁנוּ כולכם שינה עמוקה.
882	2	432	examples/yashan/future-09.mp3	yashan	Paal	future	9	הם	בלילה יִישְׁנוּ בבית של חברים.
883	2	433	examples/yashan/future-10.mp3	yashan	Paal	future	10	הן	כָּל הַתִּינוֹקוֹת יִישְׁנוּ בְּשָׁעָה טוֹבָה.
884	2	434	examples/yashan/imperative-01.mp3	yashan	Paal	imperative	1	אתה	שְׁן עכשיו, אתה צריך מנוחה.
885	2	435	examples/yashan/imperative-02.mp3	yashan	Paal	imperative	2	את	קחי את הכדור הזה ושִׁנִי טוב.
886	2	436	examples/yashan/imperative-03.mp3	yashan	Paal	imperative	3	אתם	שִׁנוּ עכשיו, ילדים
887	2	437	examples/yashan/imperative-04.mp3	yashan	Paal	imperative	4	אתן	שֵׁנָה עכשיו, בבקשה.
888	2	438	examples/yashan/infinitive-01.mp3	yashan	Paal	infinitive	1		אני אוהב ללכת לישון מוקדם.
889	2	439	examples/hishtamesh/past-01.mp3	hishtamesh	Hitpael	past	1	אני	הִשְׁתַּמַּשְׁתִּי בַּמִּטְאַטֵא לְנַקּוֹת אֶת הַבַּיִת.
890	2	440	examples/hishtamesh/past-02.mp3	hishtamesh	Hitpael	past	2	אתה	הִשְׁתַּמַּשְׁתָּ בַּמַחְשֵׁב הַחָדָשׁ שֶׁלְּךָ?
891	2	441	examples/hishtamesh/past-03.mp3	hishtamesh	Hitpael	past	3	את	איך השתמשת במכונת הכביסה בפעם הראשונה?
892	2	442	examples/hishtamesh/past-04.mp3	hishtamesh	Hitpael	past	4	הוא	הִשְׁתַּמֵּשׁ בַּמִּכְלָט כְּדֵי לִשְׁמֹר עַל בִּטְחוֹנוֹ.
893	2	443	examples/hishtamesh/past-05.mp3	hishtamesh	Hitpael	past	5	היא	הִיא הִשְׁתַּמְּשָׁה בְּמִכְשִׁיר הַקְשָׁרוֹת כְּדֵי לִקְשֹׁר אֶת הַחֲבִלִים.
894	2	444	examples/hishtamesh/past-06.mp3	hishtamesh	Hitpael	past	6	אנחנו	הִשְׁתַּמַּשְׁנוּ בְּאוֹפַנִּים לְנָסִיעָה בָּעִיר.
895	2	445	examples/hishtamesh/past-07.mp3	hishtamesh	Hitpael	past	7	אתם	הִשְׁתַּמַּשְׁתֶּם בַּמִּכְשִׁיר הַחָדָשׁ שֶׁלְּכֶם?
896	2	446	examples/hishtamesh/past-08.mp3	hishtamesh	Hitpael	past	8	אתן	הִשְׁתַּמַּשְׁתֶּן בְּשִׁירוֹת הַמִּינִי בַּזְמַן שֶׁהָיִיתֶן בַּחוּפְשָׁה?
897	2	447	examples/hishtamesh/past-09.mp3	hishtamesh	Hitpael	past	9	הם	הִשְׁתַּמְּשׁוּ בָּהֶם לְמַעַן הַפְקַת הָרְבָּה אֶנֶרְגְיָה.
898	2	448	examples/hishtamesh/past-10.mp3	hishtamesh	Hitpael	past	10	הן	הִשְׁתַּמְּשׁוּ בְּחָכְמָה בַּמִּשְׁאָבִים שֶׁלְּכֶם.
899	2	449	examples/hishtamesh/present-01.mp3	hishtamesh	Hitpael	present	1	אני	אני משתמש בטלפון החדש שלי כדי לשלוח הודעות.
900	2	450	examples/hishtamesh/present-02.mp3	hishtamesh	Hitpael	present	2	אני	אני משתמשת בטלפון החכם שלי כדי לשלוח הודעות.
901	3	1	examples/hishtamesh/present-03.mp3	hishtamesh	Hitpael	present	3	אתה	אתה משתמש במחשב כדי לעבוד מהבית.
902	3	2	examples/hishtamesh/present-04.mp3	hishtamesh	Hitpael	present	4	את	היא משתמשת בטלפון שלה כדי לשלוח הודעות.
903	3	3	examples/hishtamesh/present-05.mp3	hishtamesh	Hitpael	present	5	הוא	הוא משתמש במחשב כדי לכתוב את המסמך.
904	3	4	examples/hishtamesh/present-06.mp3	hishtamesh	Hitpael	present	6	היא	היא משתמשת בטלפון כדי לשלוח הודעות לחברים.
905	3	5	examples/hishtamesh/present-07.mp3	hishtamesh	Hitpael	present	7	אנחנו	אנחנו משתמשים בטכנולוגיה חדשה כדי לשפר את התהליכים שלנו.
906	3	6	examples/hishtamesh/present-08.mp3	hishtamesh	Hitpael	present	8	אנחנו	אנחנו משתמשות בתוכנה זו כדי לנהל את הפרויקטים שלנו.
907	3	7	examples/hishtamesh/present-09.mp3	hishtamesh	Hitpael	present	9	אתם	אתם משתמשים בטלפון חכם כדי לשלוח הודעות.
908	3	8	examples/hishtamesh/present-10.mp3	hishtamesh	Hitpael	present	10	אתן	אתן מִשְׁתַּמְּשׁוֹת בטלפונים שלכן כדי לצלם תמונות.
909	3	9	examples/hishtamesh/present-11.mp3	hishtamesh	Hitpael	present	11	הם	הם משתמשים במכשירים חדשים בבית הספר.
910	3	10	examples/hishtamesh/present-12.mp3	hishtamesh	Hitpael	present	12	הן	הן משתמשות במכשירים חכמים בבית הספר.
911	3	11	examples/hishtamesh/future-01.mp3	hishtamesh	Hitpael	future	1	אני	אֶשְׁתַּמֵּשׁ בְּמִפְתַּח הַדִּירָה כְּדֵי לִפְתֹּחַ אֶת הַדֶּלֶת.
912	3	12	examples/hishtamesh/future-02.mp3	hishtamesh	Hitpael	future	2	אתה	אתה תשתמש במכונית שלי מחר?
913	3	13	examples/hishtamesh/future-03.mp3	hishtamesh	Hitpael	future	3	את	תִּשְׁתַּמְּשִׁי בְּמַפְתֵּחַ הַזֶּה כְּדֵי לִפְתֹּחַ אֶת הַדֶּלֶת.
914	3	14	examples/hishtamesh/future-04.mp3	hishtamesh	Hitpael	future	4	הוא	הוא יִשְׁתַּמֵּשׁ בכלי המטבח החדשים מחר.
915	3	15	examples/hishtamesh/future-05.mp3	hishtamesh	Hitpael	future	5	היא	היא תִּשְׁתַּמֵּשׁ בְּמִכְשִׁיר הַחָדָשׁ בִּשְׁבִיל לִצְלֹם תְּמוּנוֹת.
916	3	16	examples/hishtamesh/future-06.mp3	hishtamesh	Hitpael	future	6	אנחנו	נִשְׁתַּמֵּשׁ בְּמִפְתָּחוֹת שׁוֹנוֹת כְּדֵי לִפְתּוֹחַ אֶת הַדֶּלֶת.
917	3	17	examples/hishtamesh/future-07.mp3	hishtamesh	Hitpael	future	7	אתם	בבקשה, תִּשְׁתַּמְּשׁוּ בכלים הללו בעת הצורך.
918	3	18	examples/hishtamesh/future-08.mp3	hishtamesh	Hitpael	future	8	אתן	בבקשה, תִּשְׁתַּמְּשׁוּ בכלים האלה כדי לבשל את הארוחה.
919	3	19	examples/hishtamesh/future-09.mp3	hishtamesh	Hitpael	future	9	הם	בבית הספר החדש יִשְׁתַּמְּשׁוּ בטכנולוגיה מתקדמת.
920	3	20	examples/hishtamesh/future-10.mp3	hishtamesh	Hitpael	future	10	הן	הם יִשְׁתַּמְּשׁוּ בטכנולוגיה חדשה כדי לשפר את התהליך.
921	3	21	examples/hishtamesh/imperative-01.mp3	hishtamesh	Hitpael	imperative	1	אתה	הִשְׁתַּמֵּשׁ בְּמִכְשִׁיר הַדִּיגִיטַלִי בִּשְׁבִיל לִשְׁלֹחַ אֵת הַדּוֹאַר.
922	3	22	examples/hishtamesh/imperative-02.mp3	hishtamesh	Hitpael	imperative	2	את	הִשְׁתַּמְּשִׁי בסכין הזה כדי לחתוך את הלחם.
923	3	23	examples/hishtamesh/imperative-03.mp3	hishtamesh	Hitpael	imperative	3	אתם	הִשְׁתַּמְּשׁוּ בַּזְּמַן הַיְּקָר הַזֶּה לְלִמּוּד דָּבָר חָדָשׁ.
924	3	24	examples/hishtamesh/imperative-04.mp3	hishtamesh	Hitpael	imperative	4	אתן	הִשְׁתַּמֵּשְׁנָה עכשיו, בבקשה.
925	3	25	examples/hishtamesh/infinitive-01.mp3	hishtamesh	Hitpael	infinitive	1		חשוב לדעת **לְהִשְׁתַּמֵּשׁ** בחומרים ממוחזרים כדי לשמור על הסביבה.
926	3	26	examples/niknas/past-01.mp3	niknas	Nifal	past	1	אני	אני נִכְנַסְתִּי הביתה אתמול.
927	3	27	examples/niknas/past-02.mp3	niknas	Nifal	past	2	אתה	אתה נִכְנַסְתָּ לחדר בשקט.
928	3	28	examples/niknas/past-03.mp3	niknas	Nifal	past	3	את	את נִכְנַסְתְּ הביתה בלי להתקשר קודם.
929	3	29	examples/niknas/past-04.mp3	niknas	Nifal	past	4	הוא	ברגע שהוא נכנס לחדר, כולם קמו לברכו.
930	3	30	examples/niknas/past-05.mp3	niknas	Nifal	past	5	היא	נִכְנְסָה לחדר בשקט כדי לא להפריע.
931	3	31	examples/niknas/past-06.mp3	niknas	Nifal	past	6	אנחנו	נִכְנַסְנוּ לבית הקפה ומיד חשנו את הניחוח המתוק של העוגות.
932	3	32	examples/niknas/past-07.mp3	niknas	Nifal	past	7	אתם	כשהגעתם לבית הקפה, האם נִכְנַסְתֶּם מיד או שחיכיתם בחוץ?
933	3	33	examples/niknas/past-08.mp3	niknas	Nifal	past	8	אתן	כשנכנסתן לבית, הרגשתן את החמימות והנוחות של המקום.
934	3	34	examples/niknas/past-09.mp3	niknas	Nifal	past	9	הם	נִכְנְסוּ לַחֶדֶר בְּשֶׁקֶט וְלֹא הִרְגִּישׁוּ בָּהֶם.
935	3	35	examples/niknas/past-10.mp3	niknas	Nifal	past	10	הן	הילדים נִכְנְסוּ לבית בריצה וצחוק.
936	3	36	examples/niknas/present-01.mp3	niknas	Nifal	present	1	אני	אני נִכְנָס לחדר כדי לקחת את הספר.
937	3	37	examples/niknas/present-02.mp3	niknas	Nifal	present	2	אני	אני נכנסת הביתה לאחר יום ארוך בעבודה.
938	3	38	examples/niknas/present-03.mp3	niknas	Nifal	present	3	אתה	אתה נכנס לחדר ומוצא את כל החברים שלך מחכים לך.
939	3	39	examples/niknas/present-04.mp3	niknas	Nifal	present	4	את	היא נִכְנֶסֶת לחדר ומתיישבת ליד השולחן.
940	3	40	examples/niknas/present-05.mp3	niknas	Nifal	present	5	הוא	הילד נכנס לחדרו ומתחיל לשחק במכוניות.
941	3	41	examples/niknas/present-06.mp3	niknas	Nifal	present	6	היא	היא נִכְנֶסֶת לחדר ומתיישבת על הספה.
942	3	42	examples/niknas/present-07.mp3	niknas	Nifal	present	7	אנחנו	אנחנו נִכְנָסִים לבית הספר בשמונה בבוקר.
943	3	43	examples/niknas/present-08.mp3	niknas	Nifal	present	8	אנחנו	אנחנו נִכְנָסוֹת לחדר ומתחילות לדבר.
944	3	44	examples/niknas/present-09.mp3	niknas	Nifal	present	9	אתם	בכל פעם שאתם נכנסים לחדר, אני מרגיש שמח.
945	3	45	examples/niknas/present-10.mp3	niknas	Nifal	present	10	אתן	הַיְלָדוֹת נִכְנָסוֹת לַבַּיִת בְּמִתִינוּת.
946	3	46	examples/niknas/present-11.mp3	niknas	Nifal	present	11	הם	הם נכנסים לבית הספר בשמונה בבוקר.
947	3	47	examples/niknas/present-12.mp3	niknas	Nifal	present	12	הן	הֵן נִכְנָסוֹת לְבֵית הַסֵּפֶר בְּשִׂמְחָה גְדוֹלָה.
948	3	48	examples/niknas/future-01.mp3	niknas	Nifal	future	1	אני	אֶכָּנֵס לחדר בשקט כדי לא להעיר את הילדים.
949	3	49	examples/niknas/future-02.mp3	niknas	Nifal	future	2	אתה	תִּכָּנֵס לחדר ותסגור את הדלת מאחוריך.
950	3	50	examples/niknas/future-03.mp3	niknas	Nifal	future	3	את	תִּכָּנְסִי לחדר ותביאי לי את הספר, בבקשה.
951	3	51	examples/niknas/future-04.mp3	niknas	Nifal	future	4	הוא	יִכָּנֵס לחדר בשקט כדי לא להעיר את הילדים.
952	3	52	examples/niknas/future-05.mp3	niknas	Nifal	future	5	היא	היא תכנס לחדר בשקט כדי לא להפריע לשאר הילדים.
953	3	53	examples/niknas/future-06.mp3	niknas	Nifal	future	6	אנחנו	אנחנו נִכָּנֵס לחדר בשקט כדי לא להפריע.
954	3	54	examples/niknas/future-07.mp3	niknas	Nifal	future	7	אתם	כשתגיעו לשער, תִּכָּנְסוּ בלי לחכות.
955	3	55	examples/niknas/future-08.mp3	niknas	Nifal	future	8	אתן	תִּכָּנְסוּ לחדר ותתכוננו לישיבה.
956	3	56	examples/niknas/future-09.mp3	niknas	Nifal	future	9	הם	כשהילדים יכנסו לבית הספר, נלך לקנות מצרכים.
957	3	57	examples/niknas/future-10.mp3	niknas	Nifal	future	10	הן	כשהילדים יִכָּנְסוּ לבית, אני אכין להם ארוחת ערב.
958	3	58	examples/niknas/imperative-01.mp3	niknas	Nifal	imperative	1	אתה	הִכָּנֵס בבקשה לחדר ותפתח את החלון.
959	3	59	examples/niknas/imperative-02.mp3	niknas	Nifal	imperative	2	את	הִכָּנְסִי לחדר ותראי את ההפתעה.
960	3	60	examples/niknas/imperative-03.mp3	niknas	Nifal	imperative	3	אתם	הִכָּנְסוּ לבית ותרגישו כמו בבית.
961	3	61	examples/niknas/imperative-04.mp3	niknas	Nifal	imperative	4	אתן	הִכָּנֵסְנָה עכשיו, בבקשה.
962	3	62	examples/niknas/infinitive-01.mp3	niknas	Nifal	infinitive	1		הוא ביקש ממני לְהִיכָּנֵס לחדר הישיבות.
963	3	63	examples/hisbir/past-01.mp3	hisbir	Hifil	past	1	אני	הִסְבַּרְתִּי לוֹ שֶׁהַכִּתָּה בְּחֶדֶר מִסְפָּר שְׁלוֹשׁ.
964	3	64	examples/hisbir/past-02.mp3	hisbir	Hifil	past	2	אתה	אחרי שהסברת את הנושא, הבנתי אותו טוב יותר.
965	3	65	examples/hisbir/past-03.mp3	hisbir	Hifil	past	3	את	הִסְבַּרְתְּ לוֹ אֶת הַשִּׁיעוּר בְּצוֹרָה מְאוֹד בְּרוּרָה.
966	3	66	examples/hisbir/past-04.mp3	hisbir	Hifil	past	4	הוא	הִסְבִּיר אֶת הַחוֹקִים לְכֻלָּם בְּפִגּוּשׁ.
967	3	67	examples/hisbir/past-05.mp3	hisbir	Hifil	past	5	היא	היא הסבירה את הנושא בצורה מפורטת מאוד.
968	3	68	examples/hisbir/past-06.mp3	hisbir	Hifil	past	6	אנחנו	הִסְבַּרְנוּ לוֹ בדיוק מה קרה בפגישה.
969	3	69	examples/hisbir/past-07.mp3	hisbir	Hifil	past	7	אתם	הִסְבַּרְתֶּם לוֹ בדיוק מה צריך לעשות?
970	3	70	examples/hisbir/past-08.mp3	hisbir	Hifil	past	8	אתן	הִסְבַּרְתֶּן לָהֶם אֶת הַמַּצָב בְּצוּרָה בְּרוּרָה.
971	3	71	examples/hisbir/past-09.mp3	hisbir	Hifil	past	9	הם	הִסְבִּירוּ לוֹ בְּפִירוּשׁ אֵיךְ לְהַגִּיעַ לַמּוּזֵיאוֹן.
972	3	72	examples/hisbir/past-10.mp3	hisbir	Hifil	past	10	הן	הִסְבִּירוּ לָהֶם אֵיךְ לְהַפְעִיל אֶת הַמַּכְשִׁיר.
973	3	73	examples/hisbir/present-01.mp3	hisbir	Hifil	present	1	אני	אני מסביר לו את הנושא בצורה ברורה.
974	3	74	examples/hisbir/present-02.mp3	hisbir	Hifil	present	2	אני	הַמּוֹרָה מַסְבִּירָה אֶת הַשִּׁיעוּר בְּצוֹרָה בְּרוּרָה.
975	3	75	examples/hisbir/present-03.mp3	hisbir	Hifil	present	3	אתה	אתה מסביר את הנושא בצורה ברורה מאוד.
976	3	76	examples/hisbir/present-04.mp3	hisbir	Hifil	present	4	את	היא מסבירה את הנושא בצורה מובנת.
977	3	77	examples/hisbir/present-05.mp3	hisbir	Hifil	present	5	הוא	הוא מסביר את התופעה בצורה ברורה מאוד.
978	3	78	examples/hisbir/present-06.mp3	hisbir	Hifil	present	6	היא	היא מסבירה את הנושא בצורה ברורה ומובנת.
979	3	79	examples/hisbir/present-07.mp3	hisbir	Hifil	present	7	אנחנו	אנחנו מסבירים את המצב בפירוט רב.
980	3	80	examples/hisbir/present-08.mp3	hisbir	Hifil	present	8	אנחנו	אנחנו מסבירות לילדים את הכללים החדשים של המשחק.
981	3	81	examples/hisbir/present-09.mp3	hisbir	Hifil	present	9	אתם	אתם מסבירים את הנושא בצורה מצוינת.
982	3	82	examples/hisbir/present-10.mp3	hisbir	Hifil	present	10	אתן	הַמּוֹרוֹת מַסְבִּירוֹת אֶת הַחוֹמֶר בִּצוּרָה מוּבֶנֶת.
983	3	83	examples/hisbir/present-11.mp3	hisbir	Hifil	present	11	הם	הם מסבירים את הנושא בצורה ברורה מאוד.
984	3	84	examples/hisbir/present-12.mp3	hisbir	Hifil	present	12	הן	הַמּוֹרוֹת מַסְבִּירוֹת אֶת הַחוֹמֶר בְּצוֹרָה מְאוֹד בְּרוּרָה.
985	3	85	examples/hisbir/future-01.mp3	hisbir	Hifil	future	1	אני	אַסְבִּיר לְךָ אֵיךְ לַעֲשׂוֹת אֶת הַמִּשִּׁימָה הַזּוֹ.
986	3	86	examples/hisbir/future-02.mp3	hisbir	Hifil	future	2	אתה	אולי תסביר לי איך זה עובד?
987	3	87	examples/hisbir/future-03.mp3	hisbir	Hifil	future	3	את	תַּסְבִּירִי לוֹ אֵיךְ לְהַפְעִיל אֶת הַמִּכְשִׁיר.
988	3	88	examples/hisbir/future-04.mp3	hisbir	Hifil	future	4	הוא	הוא יסביר את התרגיל מחר בבוקר.
989	3	89	examples/hisbir/future-05.mp3	hisbir	Hifil	future	5	היא	אולי היא תסביר את זה בפעם הבאה.
990	3	90	examples/hisbir/future-06.mp3	hisbir	Hifil	future	6	אנחנו	נסביר לו את הכל בפירוט.
991	3	91	examples/hisbir/future-07.mp3	hisbir	Hifil	future	7	אתם	תַּסְבִּירוּ לי בבקשה איך עובד המכשיר הזה?
992	3	92	examples/hisbir/future-08.mp3	hisbir	Hifil	future	8	אתן	אם לא תבינו את ההוראות, תסבירו לי בבקשה.
993	3	93	examples/hisbir/future-09.mp3	hisbir	Hifil	future	9	הם	הם יַסְבִּירוּ את הכל בפגישה הבאה.
994	3	94	examples/hisbir/future-10.mp3	hisbir	Hifil	future	10	הן	תלמידים רבים יסבירו את התשובה בשיעור מחר.
995	3	95	examples/hisbir/imperative-01.mp3	hisbir	Hifil	imperative	1	אתה	הַסְבֵּר לי איך זה עובד.
996	3	96	examples/hisbir/imperative-02.mp3	hisbir	Hifil	imperative	2	את	הַסְבִּירִי לוֹ איךְ עושים את זה.
997	3	97	examples/hisbir/imperative-03.mp3	hisbir	Hifil	imperative	3	אתם	הַסְבִּירוּ לִי אֵיךְ עוֹבֵד הַמִּכְשִׁיר הַזֶּה.
998	3	98	examples/hisbir/imperative-04.mp3	hisbir	Hifil	imperative	4	אתן	הַסְבֵּרְנָה עכשיו, בבקשה.
999	3	99	examples/hisbir/infinitive-01.mp3	hisbir	Hifil	infinitive	1		אני אוהב לְהַסְבִּיר דברים בצורה ברורה.
1000	3	100	examples/hirgish/past-01.mp3	hirgish	Hifil	past	1	אני	הִרְגַּשְׁתִּי שמחה כשהגעתי לחוף הים.
1001	3	101	examples/hirgish/past-02.mp3	hirgish	Hifil	past	2	אתה	הִרְגַּשְׁתָּ שִׁנּוּי בַּאֲוִירָה כְּשֶׁהִכְנַסְתָּ לַחֶדֶר?
1002	3	102	examples/hirgish/past-03.mp3	hirgish	Hifil	past	3	את	הִרְגַּשְׁתְּ שֶׁמַּזְגָּה הַאֲוִיר הוֹלֵךְ וּמִתְחַמֵּם?
1003	3	103	examples/hirgish/past-04.mp3	hirgish	Hifil	past	4	הוא	הִרְגִּישׁ שהוא לא לבד בחדר.
1004	3	104	examples/hirgish/past-05.mp3	hirgish	Hifil	past	5	היא	הִרְגִּישָׁה שמחה כשהיא קיבלה את הידיעה.
1005	3	105	examples/hirgish/past-06.mp3	hirgish	Hifil	past	6	אנחנו	הִרְגַּשְׁנוּ שֶׁהַיּוֹם הָיָה מְיֻחָד.
1006	3	106	examples/hirgish/past-07.mp3	hirgish	Hifil	past	7	אתם	הִרְגַּשְׁתֶּם שֶׁהַחֲלוֹם הַזֶּה קְצָת מוּזָר?
1007	3	107	examples/hirgish/past-08.mp3	hirgish	Hifil	past	8	אתן	הִרְגַּשְׁתֶּן שֶׁמַשֶׁהוּ לֹא בַּסֵּדֶר כְּשֶׁהוּא לֹא הִגִּיעַ לַבֵּיתָה?
1008	3	108	examples/hirgish/past-09.mp3	hirgish	Hifil	past	9	הם	הִרְגִּישׁוּ שֶׁמַּהֵר מְאוֹד אֲנִי מִתְקָרֵב לִמְטָרָה.
1009	3	109	examples/hirgish/past-10.mp3	hirgish	Hifil	past	10	הן	כשהגיעו לשיא ההר, הִרְגִּישׁוּ סיפוק גדול.
1010	3	110	examples/hirgish/present-01.mp3	hirgish	Hifil	present	1	אני	אני מרגיש שהיום הולך להיות יום טוב.
1011	3	111	examples/hirgish/present-02.mp3	hirgish	Hifil	present	2	אני	אני מרגישה קצת עייפה היום.
1012	3	112	examples/hirgish/present-03.mp3	hirgish	Hifil	present	3	אתה	אתה מרגיש טוב היום?
1013	3	113	examples/hirgish/present-04.mp3	hirgish	Hifil	present	4	את	היא מרגישה עייפה מאוד אחרי היום הארוך בעבודה.
1014	3	114	examples/hirgish/present-05.mp3	hirgish	Hifil	present	5	הוא	הוא מרגיש עייף היום.
1015	3	115	examples/hirgish/present-06.mp3	hirgish	Hifil	present	6	היא	הִיא מַרְגִּישָׁה הַיּוֹם יוֹתֵר טוֹב.
1016	3	116	examples/hirgish/present-07.mp3	hirgish	Hifil	present	7	אנחנו	אנחנו מרגישים שהחורף מתקרב.
1017	3	117	examples/hirgish/present-08.mp3	hirgish	Hifil	present	8	אנחנו	אנחנו מרגישות שהאווירה כאן ממש נעימה.
1018	3	118	examples/hirgish/present-09.mp3	hirgish	Hifil	present	9	אתם	אתם מרגישים שמשהו לא בסדר?
1019	3	119	examples/hirgish/present-10.mp3	hirgish	Hifil	present	10	אתן	הַנָּשִׁים מַרְגִּישׁוֹת מְאֻדָּרוֹת בַּמִּסְעָדָה הַזֹּאת.
1020	3	120	examples/hirgish/present-11.mp3	hirgish	Hifil	present	11	הם	הם מַרְגִּישִׁים שמחה גדולה בכל הפעם שהם פוגשים את חבריהם.
1021	3	121	examples/hirgish/present-12.mp3	hirgish	Hifil	present	12	הן	הנשים מרגישות שהן לא מקבלות את היחס שהן ראויות לו.
1022	3	122	examples/hirgish/future-01.mp3	hirgish	Hifil	future	1	אני	אַרְגִּישׁ טוב יותר מחר.
1023	3	123	examples/hirgish/future-02.mp3	hirgish	Hifil	future	2	אתה	אתה תרגיש טוב יותר מחר.
1024	3	124	examples/hirgish/future-03.mp3	hirgish	Hifil	future	3	את	תַּרְגִּישִׁי כמו מלכה בשמלה הזו.
1025	3	125	examples/hirgish/future-04.mp3	hirgish	Hifil	future	4	הוא	הוא ירגיש את השינוי בקרוב.
1026	3	126	examples/hirgish/future-05.mp3	hirgish	Hifil	future	5	היא	היא תַּרְגִּישׁ יותר טוב מחר.
1027	3	127	examples/hirgish/future-06.mp3	hirgish	Hifil	future	6	אנחנו	אנחנו נרגיש הקלה כשנגיע הביתה.
1028	3	128	examples/hirgish/future-07.mp3	hirgish	Hifil	future	7	אתם	תרגישו את השמחה באוויר כשתכנסו לחדר.
1029	3	129	examples/hirgish/future-08.mp3	hirgish	Hifil	future	8	אתן	תַּרְגִּישׁוּ בָּטוּחוֹת בְּעַצְמָכֶם כְּשֶׁתִּצְעֲדוּ עַל הַבָּמָה.
1030	3	130	examples/hirgish/future-09.mp3	hirgish	Hifil	future	9	הם	אם ניצור סביבה חמה ומזמינה, הם ירגישו בנוח יותר.
1031	3	131	examples/hirgish/future-10.mp3	hirgish	Hifil	future	10	הן	הֵם יַרְגִּישׁוּ מְאֻשָּׁרִים כְּשֶׁיִּגְמְרוּ אֶת הַמִּשִּׁימָה.
1032	3	132	examples/hirgish/imperative-01.mp3	hirgish	Hifil	imperative	1	אתה	הַרְגֵּשׁ את היופי שבחיים.
1033	3	133	examples/hirgish/imperative-02.mp3	hirgish	Hifil	imperative	2	את	הַרְגִּישִׁי את היופי שבחיים.
1034	3	134	examples/hirgish/imperative-03.mp3	hirgish	Hifil	imperative	3	אתם	הַרְגִּישׁוּ את היופי שבטבע.
1035	3	135	examples/hirgish/imperative-04.mp3	hirgish	Hifil	imperative	4	אתן	הַרְגֵּשְׁנָה עכשיו, בבקשה.
1036	3	136	examples/hirgish/infinitive-01.mp3	hirgish	Hifil	infinitive	1		"כשהייתי בחו""ל, התחלתי לְהַרְגִּישׁ את הגעגועים למשפחה."
1037	3	137	examples/hishpia/past-01.mp3	hishpia	Hifil	past	1	אני	בִּמְשךְ הַשָּׁנִים הִשְׁפַּעְתִּי עַל רַבִּים מִתְלַמִּידַי לִבחור בְּקָרִיירָה בְּתחום הַמדע.
1038	3	138	examples/hishpia/past-02.mp3	hishpia	Hifil	past	2	אתה	הִשְׁפַּעְתָּ עַל הַהַחְלָטָה בְּאוֹפֶן מִשְׁמָעוּתִי.
1039	3	139	examples/hishpia/past-03.mp3	hishpia	Hifil	past	3	את	את הִשְׁפַּעְתְּ על ההחלטה שלי להתחיל ללמוד פסיכולוגיה.
1040	3	140	examples/hishpia/past-04.mp3	hishpia	Hifil	past	4	הוא	הַמּוּרֶה הִשְׁפִּיעַ עַל תַּלְמִידָיו בְּצוּרָה מְשַׁמַּעַת.
1041	3	141	examples/hishpia/past-05.mp3	hishpia	Hifil	past	5	היא	ההחלטה הזו הִשְׁפִּיעָה על כל חיי.
1042	3	142	examples/hishpia/past-06.mp3	hishpia	Hifil	past	6	אנחנו	הִשְׁפַּעְנוּ על ההחלטה לשנות את התקנון.
1043	3	143	examples/hishpia/past-07.mp3	hishpia	Hifil	past	7	אתם	הִשְׁפַּעְתֶּם על החלטותיו בצורה משמעותית.
1044	3	144	examples/hishpia/past-08.mp3	hishpia	Hifil	past	8	אתן	הִשְׁפַּעְתֶּן עַל הַחֲלוּפָה בַּמַּדְרֵגוֹת.
1045	3	145	examples/hishpia/past-09.mp3	hishpia	Hifil	past	9	הם	הַמּוֹרִים הִשְׁפִּיעוּ עַל הַתְּלָמִידִים בְּאוֹפָן חִיּוּבִי.
1046	3	146	examples/hishpia/past-10.mp3	hishpia	Hifil	past	10	הן	הַמּוֹרִים הִשְׁפִּיעוּ עַל הַתְּלָמִידִים בְּמִידָה רַבָּה.
1047	3	147	examples/hishpia/present-01.mp3	hishpia	Hifil	present	1	אני	אני מַשְׁפִּיעַ על החלטות של אחרים בקבוצה.
1048	3	148	examples/hishpia/present-02.mp3	hishpia	Hifil	present	2	אני	ההחלטה שלך מַשְׁפִּיעָה על כולנו.
1049	3	149	examples/hishpia/present-03.mp3	hishpia	Hifil	present	3	אתה	אתה מַשְׁפִּיעַ על ההחלטות שלנו בכל יום.
1050	3	150	examples/hishpia/present-04.mp3	hishpia	Hifil	present	4	את	ההרצאה הזו מַשְׁפִּיעָה מאוד על חיי היומיום שלי.
1051	3	151	examples/hishpia/present-05.mp3	hishpia	Hifil	present	5	הוא	הוא מַשְׁפִּיעַ על ההחלטות שלנו.
1052	3	152	examples/hishpia/present-06.mp3	hishpia	Hifil	present	6	היא	ההרצאה המרתקת של הפרופסור הייתה מַשְׁפִּיעָה מאוד על קהל המאזינים.
1053	3	153	examples/hishpia/present-07.mp3	hishpia	Hifil	present	7	אנחנו	אנחנו מַשְׁפִּיעִים על הסביבה בכל יום.
1054	3	154	examples/hishpia/present-08.mp3	hishpia	Hifil	present	8	אנחנו	אנחנו מַשְׁפִּיעוֹת על התלמידים שלנו בכל יום.
1055	3	155	examples/hishpia/present-09.mp3	hishpia	Hifil	present	9	אתם	אתם מַשְׁפִּיעִים על ההחלטות שלנו בכל יום.
1056	3	156	examples/hishpia/present-10.mp3	hishpia	Hifil	present	10	אתן	הדוגמניות המפורסמות מַשְׁפִּיעוֹת על טעם הלבוש של הצעירים.
1057	3	157	examples/hishpia/present-11.mp3	hishpia	Hifil	present	11	הם	המורים משפיעים על התלמידים בבית הספר.
1058	3	158	examples/hishpia/present-12.mp3	hishpia	Hifil	present	12	הן	הן מַשְׁפִּיעוֹת על ההחלטות שלנו יותר ממה שאנחנו חושבים.
1059	3	159	examples/hishpia/future-01.mp3	hishpia	Hifil	future	1	אני	אני מאמין שאוכל אַשְׁפִּיעַ על ההחלטה הזו.
1060	3	160	examples/hishpia/future-02.mp3	hishpia	Hifil	future	2	אתה	אתה תשפיע על ההחלטות בישיבה הזו.
1061	3	161	examples/hishpia/future-03.mp3	hishpia	Hifil	future	3	את	את יכולה לתַּשְׁפִּיעִי על ההחלטות שלנו.
1062	3	162	examples/hishpia/future-04.mp3	hishpia	Hifil	future	4	הוא	אני מאמין שהמנהיג החדש יַשְׁפִּיעַ על עתיד המדינה.
1063	3	163	examples/hishpia/future-05.mp3	hishpia	Hifil	future	5	היא	היא תשפיע על ההחלטות שלנו בנושא.
1064	3	164	examples/hishpia/future-06.mp3	hishpia	Hifil	future	6	אנחנו	אנחנו נשפיע על המצב בבחירות הקרובות.
1065	3	165	examples/hishpia/future-07.mp3	hishpia	Hifil	future	7	אתם	אני מקווה שתשפיעו לטובה על הסביבה שלכם.
1066	3	166	examples/hishpia/future-08.mp3	hishpia	Hifil	future	8	אתן	אתן תשפיעו על העתיד של המדינה.
1067	3	167	examples/hishpia/future-09.mp3	hishpia	Hifil	future	9	הם	ההחלטות של הממשלה ישפיעו על כלכלת המדינה.
1068	3	168	examples/hishpia/future-10.mp3	hishpia	Hifil	future	10	הן	ההחלטות שתקבלנה בוועידה יַשְׁפִּיעוּ על עתיד המדינה.
1069	3	169	examples/hishpia/imperative-01.mp3	hishpia	Hifil	imperative	1	אתה	הַשְׁפַּע עליו בחוכמה וברגישות.
1070	3	170	examples/hishpia/imperative-02.mp3	hishpia	Hifil	imperative	2	את	הַשְׁפִּיעִי עליו בחוכמה וברגישות.
1071	3	171	examples/hishpia/imperative-03.mp3	hishpia	Hifil	imperative	3	אתם	בבקשה, הַשְׁפִּיעוּ על חבריכם להצטרף לקמפיין.
1072	3	172	examples/hishpia/imperative-04.mp3	hishpia	Hifil	imperative	4	אתן	הַשְׁפַּעְנָה עכשיו, בבקשה.
1073	3	173	examples/hishpia/infinitive-01.mp3	hishpia	Hifil	infinitive	1		חשוב לְהַשְׁפִּיעַ על אנשים בצורה חיובית.
1074	3	174	examples/hitnaheg/past-01.mp3	hitnaheg	Hitpael	past	1	אני	הִתְנַהַגְתִּי בְּצוֹרָה מְכֻבֶּדֶת בַּמִּפְגָּשׁ.
1075	3	175	examples/hitnaheg/past-02.mp3	hitnaheg	Hitpael	past	2	אתה	הִתְנַהַגְתָּ בצורה מכובדת מאוד אתמול.
1076	3	176	examples/hitnaheg/past-03.mp3	hitnaheg	Hitpael	past	3	את	הִתְנַהַגְתְּ מוּפְתִית בַּמִפְגָשׁ הַמִשְׁפָּחְתִי.
1077	3	177	examples/hitnaheg/past-04.mp3	hitnaheg	Hitpael	past	4	הוא	הילד הִתְנַהֵג יפה בבית הספר.
1078	3	178	examples/hitnaheg/past-05.mp3	hitnaheg	Hitpael	past	5	היא	היא הִתְנַהֲגָה בצורה מכובדת במהלך כל הפגישה.
1079	3	179	examples/hitnaheg/past-06.mp3	hitnaheg	Hitpael	past	6	אנחנו	בבית הספר הִתְנַהַגְנוּ בצורה מכובדת והוגנת.
1080	3	180	examples/hitnaheg/past-07.mp3	hitnaheg	Hitpael	past	7	אתם	הִתְנַהַגְתֶּם יפה במהלך הטיול.
1081	3	181	examples/hitnaheg/past-08.mp3	hitnaheg	Hitpael	past	8	אתן	הִתְנַהַגְתֶּן בְּצוּרָה מְאֻמְרֶצֶת בַּמְּסִיבָה אֶתְמוֹל.
1082	3	182	examples/hitnaheg/past-09.mp3	hitnaheg	Hitpael	past	9	הם	הילדים הִתְנַהֲגוּ מצוין ביום ההוא.
1083	3	183	examples/hitnaheg/past-10.mp3	hitnaheg	Hitpael	past	10	הן	בבית הספר, הילדים הִתְנַהֲגוּ בצורה מצוינת.
1084	3	184	examples/hitnaheg/present-01.mp3	hitnaheg	Hitpael	present	1	אני	אני מתנהג כמו שצריך כדי לקבל את הפרס.
1085	3	185	examples/hitnaheg/present-02.mp3	hitnaheg	Hitpael	present	2	אני	היא מתנהגת יפה בבית הספר.
1086	3	186	examples/hitnaheg/present-03.mp3	hitnaheg	Hitpael	present	3	אתה	אתה מתנהג ממש יפה היום.
1087	3	187	examples/hitnaheg/present-04.mp3	hitnaheg	Hitpael	present	4	את	הבת שלי מִתְנַהֶגֶת היום בצורה מופתית.
1088	3	188	examples/hitnaheg/present-05.mp3	hitnaheg	Hitpael	present	5	הוא	הוא מתנהג בצורה מופתית בבית הספר.
1089	3	189	examples/hitnaheg/present-06.mp3	hitnaheg	Hitpael	present	6	היא	היא מתנהגת יפה מאוד בבית הספר.
1090	3	190	examples/hitnaheg/present-07.mp3	hitnaheg	Hitpael	present	7	אנחנו	בדרך כלל, אנחנו מתנהגים בצורה מכובדת בפני אנשים זרים.
1091	3	191	examples/hitnaheg/present-08.mp3	hitnaheg	Hitpael	present	8	אנחנו	כולנו מתנהגות בצורה מכבדת בבית הספר.
1092	3	192	examples/hitnaheg/present-09.mp3	hitnaheg	Hitpael	present	9	אתם	אתם מתנהגים באדיבות כאשר אתם מדברים עם אנשים זרים.
1093	3	193	examples/hitnaheg/present-10.mp3	hitnaheg	Hitpael	present	10	אתן	הילדות בכיתה מתנהגות באופן מופת.
1094	3	194	examples/hitnaheg/present-11.mp3	hitnaheg	Hitpael	present	11	הם	הילדים מתנהגים יפה בבית הספר.
1095	3	195	examples/hitnaheg/present-12.mp3	hitnaheg	Hitpael	present	12	הן	הילדות מִתְנַהֲגוֹת יפה היום.
1096	3	196	examples/hitnaheg/future-01.mp3	hitnaheg	Hitpael	future	1	אני	בבוקר אֶתְנַהֵג כמו שצריך.
1097	3	197	examples/hitnaheg/future-02.mp3	hitnaheg	Hitpael	future	2	אתה	אתה תתנהג בצורה מכובדת בבית הספר.
1098	3	198	examples/hitnaheg/future-03.mp3	hitnaheg	Hitpael	future	3	את	תִּתְנַהֲגִי בכבוד כלפי כולם.
1099	3	199	examples/hitnaheg/future-04.mp3	hitnaheg	Hitpael	future	4	הוא	אני מקווה שבני יִתְנַהֵג יפה בחגיגה.
1100	3	200	examples/hitnaheg/future-05.mp3	hitnaheg	Hitpael	future	5	היא	היא תִּתְנַהֵג בצורה מכובדת בבית הספר.
1101	3	201	examples/hitnaheg/future-06.mp3	hitnaheg	Hitpael	future	6	אנחנו	נִתְנַהֵג בצורה מכובדת בבית הספר.
1102	3	202	examples/hitnaheg/future-07.mp3	hitnaheg	Hitpael	future	7	אתם	בבקשה, תִּתְנַהֲגוּ בצורה מכובדת במהלך הטקס.
1103	3	203	examples/hitnaheg/future-08.mp3	hitnaheg	Hitpael	future	8	אתן	בבקשה, תִּתְנַהֲגוּ בצורה מכובדת במהלך הטקס.
1104	3	204	examples/hitnaheg/future-09.mp3	hitnaheg	Hitpael	future	9	הם	אני מקווה שהילדים יתנהגו יפה במסיבה.
1105	3	205	examples/hitnaheg/future-10.mp3	hitnaheg	Hitpael	future	10	הן	כשהם יִתְנַהֲגוּ בכבוד, יזכו לכבוד בחזרה.
1106	3	206	examples/hitnaheg/imperative-01.mp3	hitnaheg	Hitpael	imperative	1	אתה	הִתְנַהֵג בְּכָבוֹד וְסוֹבְלָנוּת לְכָל אָדָם.
1107	3	207	examples/hitnaheg/imperative-02.mp3	hitnaheg	Hitpael	imperative	2	את	הִתְנַהֲגִי בכבוד כלפי כל אדם.
1108	3	208	examples/hitnaheg/imperative-03.mp3	hitnaheg	Hitpael	imperative	3	אתם	בבקשה, הִתְנַהֲגוּ בצורה מכובדת במהלך האירוע.
1109	3	209	examples/hitnaheg/imperative-04.mp3	hitnaheg	Hitpael	imperative	4	אתן	הִתְנַהַגְנָה עכשיו, בבקשה.
1110	3	210	examples/hitnaheg/infinitive-01.mp3	hitnaheg	Hitpael	infinitive	1		חשוב ללמד את הילדים לְהִתְנַהֵג בצורה מכבדת.
1111	3	211	examples/leha-amin/past-01.mp3	leha'amin	Hifil	past	1	אני	הֶאֱמַנְתִּי בוֹ מִיָד כְּשֶׁאָמַר אֶת הַדָּבָר הַזֶּה.
1112	3	212	examples/leha-amin/past-02.mp3	leha'amin	Hifil	past	2	אתה	הֶאֱמַנְתָּ לי כשהבטחתי לך שזה יקרה?
1113	3	213	examples/leha-amin/past-03.mp3	leha'amin	Hifil	past	3	את	הֶאֱמַנְתְּ שתוכלי לעשות את זה לבד?
1114	3	214	examples/leha-amin/past-04.mp3	leha'amin	Hifil	past	4	הוא	הוא הֶאֱמִין בחלומותיו ולא ויתר.
1115	3	215	examples/leha-amin/past-05.mp3	leha'amin	Hifil	past	5	היא	היא הֶאֱמִינָה בכוחו של החינוך.
1116	3	216	examples/leha-amin/past-06.mp3	leha'amin	Hifil	past	6	אנחנו	בסופו של דבר, הֶאֱמַנּוּ ביכולת שלנו להצליח.
1117	3	217	examples/leha-amin/past-07.mp3	leha'amin	Hifil	past	7	אתם	הֶאֱמַנְתֶּם בּוֹ מִתְּחִלָּה?
1118	3	218	examples/leha-amin/past-08.mp3	leha'amin	Hifil	past	8	אתן	הֶאֱמַנְתֶּן שְׁהוּא יָבוֹא הַיּוֹם?
1119	3	219	examples/leha-amin/past-09.mp3	leha'amin	Hifil	past	9	הם	כולם הֶאֱמִינוּ שהוא יצליח במשימה.
1120	3	220	examples/leha-amin/past-10.mp3	leha'amin	Hifil	past	10	הן	הֶאֱמִינוּ בוֹ כִּי הָיָה אִישׁ כֵּן וְאֱמִתִּי.
1121	3	221	examples/leha-amin/present-01.mp3	leha'amin	Hifil	present	1	אני	אני מַאֲמִין שיש לנו עתיד טוב יותר.
1122	3	222	examples/leha-amin/present-02.mp3	leha'amin	Hifil	present	2	אני	אני מַאֲמִינָה שכל אדם יכול לשנות את העולם לטובה.
1123	3	223	examples/leha-amin/present-03.mp3	leha'amin	Hifil	present	3	אתה	אתה מַאֲמִין שתוכל לעשות את זה?
1124	3	224	examples/leha-amin/present-04.mp3	leha'amin	Hifil	present	4	את	אֲנִי מַאֲמִינָה שֶׁיָּכוֹל לְהַצְלִיחַ בְּכָל דָּבָר שֶׁיִּרְצֶה.
1125	3	225	examples/leha-amin/present-05.mp3	leha'amin	Hifil	present	5	הוא	הוא מַאֲמִין ביכולת שלו להצליח.
1126	3	226	examples/leha-amin/present-06.mp3	leha'amin	Hifil	present	6	היא	היא מַאֲמִינָה בכוחות שלה לשנות את העולם.
1127	3	227	examples/leha-amin/present-07.mp3	leha'amin	Hifil	present	7	אנחנו	אנחנו מאמינים שכל אדם יכול להצליח אם הוא משקיע מספיק.
1128	3	228	examples/leha-amin/present-08.mp3	leha'amin	Hifil	present	8	אנחנו	אנחנו מַאֲמִינוֹת שהשינוי יבוא בסוף.
1129	3	229	examples/leha-amin/present-09.mp3	leha'amin	Hifil	present	9	אתם	אתם מַאֲמִינִים ביכולת שלכם להשיג את המטרות שלכם.
1130	3	230	examples/leha-amin/present-10.mp3	leha'amin	Hifil	present	10	אתן	אנחנו מַאֲמִינוֹת שתוכלי להצליח בכל דבר שתרצי לעשות.
1131	3	231	examples/leha-amin/present-11.mp3	leha'amin	Hifil	present	11	הם	רבים מאמינים שהטכנולוגיה תשנה את העולם בעתיד.
1132	3	232	examples/leha-amin/present-12.mp3	leha'amin	Hifil	present	12	הן	הנשים מַאֲמִינוֹת ביכולת שלהן להצליח.
1133	3	233	examples/leha-amin/future-01.mp3	leha'amin	Hifil	future	1	אני	אַאֲמִין לך מחר בבוקר.
1134	3	234	examples/leha-amin/future-02.mp3	leha'amin	Hifil	future	2	אתה	תַּאֲמִין שתמיד אהיה כאן בשבילך.
1135	3	235	examples/leha-amin/future-03.mp3	leha'amin	Hifil	future	3	את	תַּאֲמִינִי, הכל יהיה בסדר.
1136	3	236	examples/leha-amin/future-04.mp3	leha'amin	Hifil	future	4	הוא	אם הוא יַאֲמִין לי, הוא יֵדַע את האמת.
1137	3	237	examples/leha-amin/future-05.mp3	leha'amin	Hifil	future	5	היא	אם תַּאֲמִין בי, אני אוכיח לך שהכל אפשרי.
1138	3	238	examples/leha-amin/future-06.mp3	leha'amin	Hifil	future	6	אנחנו	אנחנו נַאֲמִין ביכולת שלך להצליח.
1139	3	239	examples/leha-amin/future-07.mp3	leha'amin	Hifil	future	7	אתם	תַּאֲמִינוּ לי, זה באמת קרה.
1140	3	240	examples/leha-amin/future-08.mp3	leha'amin	Hifil	future	8	אתן	תַּאֲמִינוּ שזה יקרה בקרוב מאוד.
1141	3	241	examples/leha-amin/future-09.mp3	leha'amin	Hifil	future	9	הם	אולי יום אחד יַאֲמִינוּ ביכולות שלהם.
1142	3	242	examples/leha-amin/future-10.mp3	leha'amin	Hifil	future	10	הן	הם יַאֲמִינוּ בסופו של דבר שהוא אדם טוב.
1143	3	243	examples/leha-amin/imperative-01.mp3	leha'amin	Hifil	imperative	1	אתה	הֶאֱמֵן לי, זה באמת קרה.
1144	3	244	examples/leha-amin/imperative-02.mp3	leha'amin	Hifil	imperative	2	את	הֶאֱמִינִי, הַכּוֹחַ בְּיָדַיִךְ
1145	3	245	examples/leha-amin/imperative-03.mp3	leha'amin	Hifil	imperative	3	אתם	הֶאֱמִינוּ ביכולות שלכם והצליחו בכל מה שתעשו.
1146	3	246	examples/leha-amin/imperative-04.mp3	leha'amin	Hifil	imperative	4	אתן	הֶאֱמֵנָה עכשיו, בבקשה.
1147	3	247	examples/leha-amin/infinitive-01.mp3	leha'amin	Hifil	infinitive	1		קשה לי להאמין שהוא באמת אמר את זה.
1148	3	248	examples/lehakir/past-01.mp3	lehakir	Hifil	past	1	אני	הִכַּרְתִּי אותוֹ ברחוב והתחלנו לדבר.
1149	3	249	examples/lehakir/past-02.mp3	lehakir	Hifil	past	2	אתה	הִכַּרְתָּ את הדמות הזו מסרט אחר?
1150	3	250	examples/lehakir/past-03.mp3	lehakir	Hifil	past	3	את	הִכַּרְתְּ אותוֹ ברחוב אמש?
1151	3	251	examples/lehakir/past-04.mp3	lehakir	Hifil	past	4	הוא	הִכִּיר את הפנים המוכרות בקהל.
1152	3	252	examples/lehakir/past-05.mp3	lehakir	Hifil	past	5	היא	הִכִּירָה אֶת הַשָּׁכֵן הַחָדָשׁ מִיָּד בְּרֶגַע שֶׁרָאֲתָה אוֹתוֹ.
1153	3	253	examples/lehakir/past-06.mp3	lehakir	Hifil	past	6	אנחנו	בַּתְּחִלַת הַשָּׁנָה הִכַּרְנוּ אֶת הַשָּׁכֵן הַחָדָשׁ שֶׁלָּנוּ.
1154	3	254	examples/lehakir/past-07.mp3	lehakir	Hifil	past	7	אתם	הִכַּרְתֶּם אוֹתוֹ בַּמִּסְעָדָה?
1155	3	255	examples/lehakir/past-08.mp3	lehakir	Hifil	past	8	אתן	הִכַּרְתֶּן את המקום הזה כשהייתן בתיכון?
1156	3	256	examples/lehakir/past-09.mp3	lehakir	Hifil	past	9	הם	הִכִּירוּ אֶת הַמּוֹרֶה מִיָּדִים.
1157	3	257	examples/lehakir/past-10.mp3	lehakir	Hifil	past	10	הן	הִכִּירוּ בַּחוּרִים אֶת הַמּוּזִיקָה הַחֲדָשָׁה בְּמָהֵר.
1158	3	258	examples/lehakir/present-01.mp3	lehakir	Hifil	present	1	אני	אני מַכִּיר את השכן החדש שלנו.
1159	3	259	examples/lehakir/present-02.mp3	lehakir	Hifil	present	2	אני	אני מַכִּירָה את השכנה החדשה שלי.
1160	3	260	examples/lehakir/present-03.mp3	lehakir	Hifil	present	3	אתה	אתה מכיר את האיש הזה מהעבודה?
1161	3	261	examples/lehakir/present-04.mp3	lehakir	Hifil	present	4	את	הִיא מַכִּירָה אֶת כָּל הַסִּפּוּרִים שֶׁל אֱלִיפַז.
1162	3	262	examples/lehakir/present-05.mp3	lehakir	Hifil	present	5	הוא	אני מכיר את הפנים האלה, אבל לא מצליח לזכור את השם.
1163	3	263	examples/lehakir/present-06.mp3	lehakir	Hifil	present	6	היא	היא מַכִּירָה את כל השכנים בבניין.
1164	3	264	examples/lehakir/present-07.mp3	lehakir	Hifil	present	7	אנחנו	אנחנו מַכִּירִים את השכנים החדשים.
1165	3	265	examples/lehakir/present-08.mp3	lehakir	Hifil	present	8	אנחנו	אנחנו מכירות את כל השכנות שלנו.
1166	3	266	examples/lehakir/present-09.mp3	lehakir	Hifil	present	9	אתם	אתם מכירים את המקום הזה?
1167	3	267	examples/lehakir/present-10.mp3	lehakir	Hifil	present	10	אתן	אתן מכירות את המורה החדשה בבית הספר?
1168	3	268	examples/lehakir/present-11.mp3	lehakir	Hifil	present	11	הם	הם מַכִּירִים את הדרך הטובה ביותר להגיע לשם.
1169	3	269	examples/lehakir/present-12.mp3	lehakir	Hifil	present	12	הן	הן מַכִּירוֹת את המנהגים המקומיים.
1170	3	270	examples/lehakir/future-01.mp3	lehakir	Hifil	future	1	אני	אַכִּיר אוֹתוֹ בְּרֵאשִׁית הַשָּׁבוּעַ.
1171	3	271	examples/lehakir/future-02.mp3	lehakir	Hifil	future	2	אתה	תַּכִּיר את הפנים המוכרים בקהל.
1172	3	272	examples/lehakir/future-03.mp3	lehakir	Hifil	future	3	את	אם תַּכִּירִי את הדמויות, הסרט יהיה יותר מעניין.
1173	3	273	examples/lehakir/future-04.mp3	lehakir	Hifil	future	4	הוא	ביום מן הימים, כולם יַכִּירו את האמת.
1174	3	274	examples/lehakir/future-05.mp3	lehakir	Hifil	future	5	היא	תַּכִּיר אותו ברגע שתראה אותו.
1175	3	275	examples/lehakir/future-06.mp3	lehakir	Hifil	future	6	אנחנו	נכיר את המקום הזה בזמן הבא שנבוא לכאן.
1176	3	276	examples/lehakir/future-07.mp3	lehakir	Hifil	future	7	אתם	תַּכִּירוּ את ההזדמנות כשהיא תגיע.
1177	3	277	examples/lehakir/future-08.mp3	lehakir	Hifil	future	8	אתן	תַּכִּירוּ את הפנים שלו בקהל?
1178	3	278	examples/lehakir/future-09.mp3	lehakir	Hifil	future	9	הם	בקרוב, כולם יַכִּירוּ את ההישגים שלך.
1179	3	279	examples/lehakir/future-10.mp3	lehakir	Hifil	future	10	הן	כשהם יגיעו לגיל הזה, הם יַכִּירוּ את החשיבות של לימודים.
1180	3	280	examples/lehakir/imperative-01.mp3	lehakir	Hifil	imperative	1	אתה	הַכֵּר את הפנים שלה בקהל.
1181	3	281	examples/lehakir/imperative-02.mp3	lehakir	Hifil	imperative	2	את	הַכִּירִי את הדמות שבמראָה.
1182	3	282	examples/lehakir/imperative-03.mp3	lehakir	Hifil	imperative	3	אתם	הַכִּירוּ אֶת הַמַּצִּיק הַזֶּה, הוּא תָּמִיד עוֹשֶׂה בְּעִיּוֹת.
1183	3	283	examples/lehakir/imperative-04.mp3	lehakir	Hifil	imperative	4	אתן	הַכֵּרְנָה עכשיו, בבקשה.
1184	3	284	examples/lehakir/infinitive-01.mp3	lehakir	Hifil	infinitive	1		חשוב לְהַכִּיר את הדמויות בסיפור כדי להבין אותו טוב יותר.
1185	3	285	examples/lehatkhil/past-01.mp3	lehatkhil	Hifil	past	1	אני	הִתְחַלְתִּי לִכְתוֹב אֶת הַמִּכְתָב אֶתְמוֹל.
1186	3	286	examples/lehatkhil/past-02.mp3	lehatkhil	Hifil	past	2	אתה	הִתְחַלְתָּ לִרְקוֹד וְכֻלָּם הִצְטָרְפוּ אֵלֶיךָ.
1187	3	287	examples/lehatkhil/past-03.mp3	lehatkhil	Hifil	past	3	את	הִתְחַלְתְּ לְלַמֵד אוֹתִי לִנְגֵן בְּגִיטָרָה.
1188	3	288	examples/lehatkhil/past-04.mp3	lehatkhil	Hifil	past	4	הוא	הוא הִתְחִיל לכתוב את הספר לפני שנה.
1189	3	289	examples/lehatkhil/past-05.mp3	lehatkhil	Hifil	past	5	היא	הִתְחִילָה לִרְקוֹד כְּשֶׁשָׁמְעָה אֶת הַשִּׁיר הַזֶּה.
1190	3	290	examples/lehatkhil/past-06.mp3	lehatkhil	Hifil	past	6	אנחנו	הִתְחַלְנוּ לִלְמֹד עִבְרִית בְּבֵית-הַסֵפֶר הַחָדָשׁ.
1191	3	291	examples/lehatkhil/past-07.mp3	lehatkhil	Hifil	past	7	אתם	הִתְחַלְתֶּם לִלְמֹד עִבְרִית בְּשָׁנָה שָׁעָבְרָה?
1192	3	292	examples/lehatkhil/past-08.mp3	lehatkhil	Hifil	past	8	אתן	הִתְחַלְתֶּן לִרְקוֹד בְּרֶגַע שֶׁהַמּוּזִיקָה הִתְחִילָה.
1193	3	293	examples/lehatkhil/past-09.mp3	lehatkhil	Hifil	past	9	הם	הִתְחִילוּ לְהַכִּין אֶת הָאֲרוּחָה לִפְנֵי שָׁעָה.
1194	3	294	examples/lehatkhil/past-10.mp3	lehatkhil	Hifil	past	10	הן	הילדים התחילו לשחק בחצר.
1195	3	295	examples/lehatkhil/present-01.mp3	lehatkhil	Hifil	present	1	אני	אני מַתְחִיל ללמוד עברית.
1196	3	296	examples/lehatkhil/present-02.mp3	lehatkhil	Hifil	present	2	אני	אני מתחילה לעבוד על הפרויקט שלי.
1197	3	297	examples/lehatkhil/present-03.mp3	lehatkhil	Hifil	present	3	אתה	אתה מתחיל ללמוד עברית מחר?
1198	3	298	examples/lehatkhil/present-04.mp3	lehatkhil	Hifil	present	4	את	הַמּוֹרָה מַתְחִילָה אֶת הַשִּׁעוּר בְּכִתָּה.
1199	3	299	examples/lehatkhil/present-05.mp3	lehatkhil	Hifil	present	5	הוא	הוא מַתְחִיל ללמוד עברית בשבוע הבא.
1200	3	300	examples/lehatkhil/present-06.mp3	lehatkhil	Hifil	present	6	היא	הַסְרֵט מַתְחִילָה לְהִתְנַגֵּן בְּעוֹד כַּמָּה דַּקּוֹת.
1201	3	301	examples/lehatkhil/present-07.mp3	lehatkhil	Hifil	present	7	אנחנו	אנחנו מתחילים את היום בפגישה.
1202	3	302	examples/lehatkhil/present-08.mp3	lehatkhil	Hifil	present	8	אנחנו	אנחנו מתחילות את היום בשמחה.
1203	3	303	examples/lehatkhil/present-09.mp3	lehatkhil	Hifil	present	9	אתם	אתם מַתְחִילִים את הפרויקט מחר בבוקר.
1204	3	304	examples/lehatkhil/present-10.mp3	lehatkhil	Hifil	present	10	אתן	הַיְּלָדוֹת מַתְחִילוֹת לְשַׂחֵק בַּחֲצָר.
1205	3	305	examples/lehatkhil/present-11.mp3	lehatkhil	Hifil	present	11	הם	הם מתחילים את הפגישה בדיוק בשעה שמונה.
1206	3	306	examples/lehatkhil/present-12.mp3	lehatkhil	Hifil	present	12	הן	הילדות מתחילות לשחק בחצר.
1207	3	307	examples/lehatkhil/future-01.mp3	lehatkhil	Hifil	future	1	אני	אַתְחִיל לְכָתוֹב אֶת הַמְכְתָב מָחָר בַּבֹּקֶר.
1208	3	308	examples/lehatkhil/future-02.mp3	lehatkhil	Hifil	future	2	אתה	אם תתחיל לעבוד מוקדם, תסיים מהר יותר.
1209	3	309	examples/lehatkhil/future-03.mp3	lehatkhil	Hifil	future	3	את	כשתתחילי את הפרויקט, תזכרי לעשות את המחקר הראשוני.
1210	3	310	examples/lehatkhil/future-04.mp3	lehatkhil	Hifil	future	4	הוא	הוא יתחיל ללמוד עברית מחר.
1211	3	311	examples/lehatkhil/future-05.mp3	lehatkhil	Hifil	future	5	היא	מתי תתחיל ללמוד עברית?
1212	3	312	examples/lehatkhil/future-06.mp3	lehatkhil	Hifil	future	6	אנחנו	נַתְחִיל ללמוד את השיעור מחר.
1213	3	313	examples/lehatkhil/future-07.mp3	lehatkhil	Hifil	future	7	אתם	תַּתְחִילוּ ללמוד עברית מחר.
1214	3	314	examples/lehatkhil/future-08.mp3	lehatkhil	Hifil	future	8	אתן	אתן תתחילו את הפרויקט מחר בבוקר.
1215	3	315	examples/lehatkhil/future-09.mp3	lehatkhil	Hifil	future	9	הם	כולם יתחילו ללמוד עברית בשנה הבאה.
1216	3	316	examples/lehatkhil/future-10.mp3	lehatkhil	Hifil	future	10	הן	בשבוע הבא יתחילו ההכנות לחגיגות יום העצמאות.
1217	3	317	examples/lehatkhil/imperative-01.mp3	lehatkhil	Hifil	imperative	1	אתה	הַתְחֵל לְסַפֵּר אוֹתוֹ סִפּוּר שֶׁאֲנִי אוֹהֵב.
1218	3	318	examples/lehatkhil/imperative-02.mp3	lehatkhil	Hifil	imperative	2	את	הַתְחִילִי לְסַפֵּר לִי אֶת הַסִּפּוּר.
1219	3	319	examples/lehatkhil/imperative-03.mp3	lehatkhil	Hifil	imperative	3	אתם	בִּרְגַע, הַתְחִילוּ לַעֲבוֹד.
1220	3	320	examples/lehatkhil/imperative-04.mp3	lehatkhil	Hifil	imperative	4	אתן	הַתְחֵלְנָה עכשיו, בבקשה.
1221	3	321	examples/lehatkhil/infinitive-01.mp3	lehatkhil	Hifil	infinitive	1		אני רוצה לְהַתְחִיל את היום בצורה חיובית.
1222	3	322	examples/lehitkadem/past-01.mp3	lehitkadem	Hitpael	past	1	אני	הִתְקַדַּמְתִּי בַּמִּשִׁימָה שֶׁלִּי הַיּוֹם.
1223	3	323	examples/lehitkadem/past-02.mp3	lehitkadem	Hitpael	past	2	אתה	הִתְקַדַּמְתָּ בלימודי המתמטיקה שלך השנה.
1224	3	324	examples/lehitkadem/past-03.mp3	lehitkadem	Hitpael	past	3	את	הִתְקַדַּמְתְּ בַּמִּשִׁימָה בְּצוּרָה מְרַשִּׁימָה.
1225	3	325	examples/lehitkadem/past-04.mp3	lehitkadem	Hitpael	past	4	הוא	הפרויקט הִתְקַדֵּם במהירות.
1226	3	326	examples/lehitkadem/past-05.mp3	lehitkadem	Hitpael	past	5	היא	הַמַּעֲרָכָה הִתְקַדְּמָה בִּמְהִירוּת.
1227	3	327	examples/lehitkadem/past-06.mp3	lehitkadem	Hitpael	past	6	אנחנו	במהלך הדיונים הִתְקַדַּמְנוּ בצורה משמעותית.
1228	3	328	examples/lehitkadem/past-07.mp3	lehitkadem	Hitpael	past	7	אתם	הִתְקַדַּמְתֶּם בַּמִּשִׂימָה הַיּוֹם?
1229	3	329	examples/lehitkadem/past-08.mp3	lehitkadem	Hitpael	past	8	אתן	הִתְקַדַּמְתֶּן מְאוֹד בַּלִּמּוּדִים בַּשָּׁנָה הַזֹּאת.
1230	3	330	examples/lehitkadem/past-09.mp3	lehitkadem	Hitpael	past	9	הם	במהלך השנה האחרונה, הם התקדמו בבניית הבית שלהם.
1231	3	331	examples/lehitkadem/past-10.mp3	lehitkadem	Hitpael	past	10	הן	הִתְקַדְּמוּ הַתַּלְמִידִים בִּלְמִידַת הַחוֹמֶר בְּמִהִירוּת.
1232	3	332	examples/lehitkadem/present-01.mp3	lehitkadem	Hitpael	present	1	אני	אני מתקדם בפרויקט שלי בצעדי קטן אך בטוחים.
1233	3	333	examples/lehitkadem/present-02.mp3	lehitkadem	Hitpael	present	2	אני	אני מתקדמת בלימודי התכנות שלי.
1234	3	334	examples/lehitkadem/present-03.mp3	lehitkadem	Hitpael	present	3	אתה	אתה מתקדם בלימודים שלך מאוד יפה.
1235	3	335	examples/lehitkadem/present-04.mp3	lehitkadem	Hitpael	present	4	את	הַטֶכְנוֹלוֹגִיָה מִתְקַדֶּמֶת בִּמְהִירוּת.
1236	3	336	examples/lehitkadem/present-05.mp3	lehitkadem	Hitpael	present	5	הוא	הפרויקט מתקדם יפה מאוד.
1237	3	337	examples/lehitkadem/present-06.mp3	lehitkadem	Hitpael	present	6	היא	הפרויקט שלנו מתקדמת במהירות.
1238	3	338	examples/lehitkadem/present-07.mp3	lehitkadem	Hitpael	present	7	אנחנו	אנחנו מתקדמים בפרויקט בקצב מרשים.
1239	3	339	examples/lehitkadem/present-08.mp3	lehitkadem	Hitpael	present	8	אנחנו	אנחנו מתקדמות בפרויקט בצורה מרשימה.
1240	3	340	examples/lehitkadem/present-09.mp3	lehitkadem	Hitpael	present	9	אתם	אתם מתקדמים יפה בלימודים שלכם.
1241	3	341	examples/lehitkadem/present-10.mp3	lehitkadem	Hitpael	present	10	אתן	הטכנולוגיות החדשות מתקדמות במהירות.
1242	3	342	examples/lehitkadem/present-11.mp3	lehitkadem	Hitpael	present	11	הם	הם מתקדמים בבניית הכביש החדש במהירות.
1243	3	343	examples/lehitkadem/present-12.mp3	lehitkadem	Hitpael	present	12	הן	הטכנולוגיות המתקדמות משנות את חיינו.
1244	3	344	examples/lehitkadem/future-01.mp3	lehitkadem	Hitpael	future	1	אני	אֶתְקַדֵּם בַּעֲבוֹדָה בְּקַרוֹב.
1245	3	345	examples/lehitkadem/future-02.mp3	lehitkadem	Hitpael	future	2	אתה	אם תתקדם בקצב הזה, תסיים את הפרויקט בזמן.
1246	3	346	examples/lehitkadem/future-03.mp3	lehitkadem	Hitpael	future	3	את	תִּתְקַדְּמִי בביטחון, ותראי שהצלחה תגיע.
1247	3	347	examples/lehitkadem/future-04.mp3	lehitkadem	Hitpael	future	4	הוא	הילד יִתְקַדֵּם בשיעורי המתמטיקה שלו.
1248	3	348	examples/lehitkadem/future-05.mp3	lehitkadem	Hitpael	future	5	היא	ככל שתתקדם בלימודים, תבין יותר.
1249	3	349	examples/lehitkadem/future-06.mp3	lehitkadem	Hitpael	future	6	אנחנו	אנחנו נִתְקַדֵּם לשלב הבא בפרויקט.
1250	3	350	examples/lehitkadem/future-07.mp3	lehitkadem	Hitpael	future	7	אתם	אנחנו מקווים שתתקדמו במהירות בפרויקט הזה.
1251	3	351	examples/lehitkadem/future-08.mp3	lehitkadem	Hitpael	future	8	אתן	אַתֶּן תִּתְקַדְּמוּ בְּלִמּוּדֵי הַמַּתֶּמָתִיקָה בְּמַהִירוּת.
1252	3	352	examples/lehitkadem/future-09.mp3	lehitkadem	Hitpael	future	9	הם	אני מקווה שבני ובנות יִתְקַדְּמוּ בחיים.
1253	3	353	examples/lehitkadem/future-10.mp3	lehitkadem	Hitpael	future	10	הן	הִנֵּה יִתְקַדְּמוּ הַחֲדָשׁוֹת בִּמְהִירוּת.
1254	3	354	examples/lehitkadem/imperative-01.mp3	lehitkadem	Hitpael	imperative	1	אתה	הִתְקַדֵּם בבקשה לשלב הבא של הפרויקט.
1255	3	355	examples/lehitkadem/imperative-02.mp3	lehitkadem	Hitpael	imperative	2	את	הִתְקַדְּמִי בביטחון, את יכולה לעשות את זה!
1256	3	356	examples/lehitkadem/imperative-03.mp3	lehitkadem	Hitpael	imperative	3	אתם	הִתְקַדְּמוּ בביטחון, ואל תפחדו מהלא נודע.
1257	3	357	examples/lehitkadem/imperative-04.mp3	lehitkadem	Hitpael	imperative	4	אתן	הִתְקַדֵּמְנָה עכשיו, בבקשה.
1258	3	358	examples/lehitkadem/infinitive-01.mp3	lehitkadem	Hitpael	infinitive	1		אני מאמין שכדי להתקדם בחיים, צריך לעבוד קשה.
1259	3	359	examples/lehafsik/past-01.mp3	lehafsik	Hifil	past	1	אני	הִפְסַקְתִּי לַעֲשׂוֹת אִתּוֹ שִׁיחוֹת מְאֻרְכּוֹת.
1260	3	360	examples/lehafsik/past-02.mp3	lehafsik	Hifil	past	2	אתה	הִפְסַקְתָּ לדבר באמצע המשפט.
1261	3	361	examples/lehafsik/past-03.mp3	lehafsik	Hifil	past	3	את	הִפְסַקְתְּ לְדַבֵּר בְּאֶמְצַע הַמִּשְׁפָּט.
1262	3	362	examples/lehafsik/past-04.mp3	lehafsik	Hifil	past	4	הוא	הִפְסִיק לָרוּץ וְהִתְחִיל לָלֶכֶת.
1263	3	363	examples/lehafsik/past-05.mp3	lehafsik	Hifil	past	5	היא	הִפְסִיקָה לְדַבֵּר כְּשֶׁנִּכְנַס הַמּוֹרֶה לַכִּתָּה.
1264	3	364	examples/lehafsik/past-06.mp3	lehafsik	Hifil	past	6	אנחנו	הִפְסַקְנוּ לְדַבֵּר כְּשֶׁשָּׁמַעְנוּ אֶת הַשִּׁיר הַזֶּה.
1265	3	365	examples/lehafsik/past-07.mp3	lehafsik	Hifil	past	7	אתם	הִפְסַקְתֶּם לְדַבֵּר בְּרֶגַע שֶׁהִכַּנְסְתִּי לַחֶדֶר.
1266	3	366	examples/lehafsik/past-08.mp3	lehafsik	Hifil	past	8	אתן	הִפְסַקְתֶּן לְדַבֵּר כְּשֶׁהַמּוֹרָה נִכְנְסָה לַכִּתָּה.
1267	3	367	examples/lehafsik/past-09.mp3	lehafsik	Hifil	past	9	הם	הִפְסִיקוּ לְהַדְרִיךְ אוֹתוֹ בַּעֲבוֹדָה.
1268	3	368	examples/lehafsik/past-10.mp3	lehafsik	Hifil	past	10	הן	הִפְסִיקוּ לְדַבֵּר כְּשֶׁהַמּוֹרָה נִכְנְסָה לַכִּתָּה.
1269	3	369	examples/lehafsik/present-01.mp3	lehafsik	Hifil	present	1	אני	אני מפסיק לשתות קפה בבוקר.
1270	3	370	examples/lehafsik/present-02.mp3	lehafsik	Hifil	present	2	אני	אֲנִי מַפְסִיקָה לְהַתְקִין אֶת הַשּׁוֹרָה הַזּוֹ.
1271	3	371	examples/lehafsik/present-03.mp3	lehafsik	Hifil	present	3	אתה	אתה מפסיק לדבר כשהמורה נכנסת לכיתה.
1272	3	372	examples/lehafsik/present-04.mp3	lehafsik	Hifil	present	4	את	היא מפסיקה לדבר כשהיא כועסת.
1273	3	373	examples/lehafsik/present-05.mp3	lehafsik	Hifil	present	5	הוא	הוא מַפְסִיק לדבר כשהמורה נכנסת לכיתה.
1274	3	374	examples/lehafsik/present-06.mp3	lehafsik	Hifil	present	6	היא	היא מפסיקה לשחק כשהיא שומעת את הטלפון.
1275	3	375	examples/lehafsik/present-07.mp3	lehafsik	Hifil	present	7	אנחנו	אנחנו מפסיקים לעשן בגלל הבריאות שלנו.
1276	3	376	examples/lehafsik/present-08.mp3	lehafsik	Hifil	present	8	אנחנו	אנחנו מַפְסִיקוֹת לשתות סודה כדי לשמור על הבריאות.
1277	3	377	examples/lehafsik/present-09.mp3	lehafsik	Hifil	present	9	אתם	אתם מפסיקים לשחק כדורגל בגלל החום.
1278	3	378	examples/lehafsik/present-10.mp3	lehafsik	Hifil	present	10	אתן	הַנָּשִׁים מַפְסִיקוֹת לְדַבֵּר כְּשֶׁהוּא נִכְנָס לַחֶדֶר.
1279	3	379	examples/lehafsik/present-11.mp3	lehafsik	Hifil	present	11	הם	הם מַפְסִיקִים לצלצל בפעמון בזמן ההפסקה.
1280	3	380	examples/lehafsik/present-12.mp3	lehafsik	Hifil	present	12	הן	הַנָּשִׁים מַפְסִיקוֹת לְדַבֵּר כְּשֶׁהוּא נִכְנָס לַחֶדֶר.
1281	3	381	examples/lehafsik/future-01.mp3	lehafsik	Hifil	future	1	אני	אַפְסִיק לשתות קפה בבוקר כדי לשפר את שנת הלילה שלי.
1282	3	382	examples/lehafsik/future-02.mp3	lehafsik	Hifil	future	2	אתה	אם תַּפְסִיק לדבר בטלפון, נוכל להתחיל את הפגישה.
1283	3	383	examples/lehafsik/future-03.mp3	lehafsik	Hifil	future	3	את	תַּפְסִיקִי לְדַבֵּר אֵלַי בְּקוֹל רָם!
1284	3	384	examples/lehafsik/future-04.mp3	lehafsik	Hifil	future	4	הוא	אם לא תעשה שינוי, הוא יפסיק לדבר איתך.
1285	3	385	examples/lehafsik/future-05.mp3	lehafsik	Hifil	future	5	היא	אם תַּפְסִיק לדבר, אוכל לשמוע את המוזיקה.
1286	3	386	examples/lehafsik/future-06.mp3	lehafsik	Hifil	future	6	אנחנו	בואו נפסיק לרגע וננוח קצת.
1287	3	387	examples/lehafsik/future-07.mp3	lehafsik	Hifil	future	7	אתם	תַּפְסִיקוּ לדבר בבקשה, אני צריך לחשוב.
1288	3	388	examples/lehafsik/future-08.mp3	lehafsik	Hifil	future	8	אתן	תַּפְסִיקוּ לרגע, אני צריכה לחשוב.
1289	3	389	examples/lehafsik/future-09.mp3	lehafsik	Hifil	future	9	הם	אם הם יפסיקו את השביתה, הכל יחזור לשגרה.
1290	3	390	examples/lehafsik/future-10.mp3	lehafsik	Hifil	future	10	הן	הם יַפְסִיקוּ לדבר כשהמורה תיכנס לכיתה.
1291	3	391	examples/lehafsik/imperative-01.mp3	lehafsik	Hifil	imperative	1	אתה	הַפְסֵק לדבר ותקשיב לי.
1292	3	392	examples/lehafsik/imperative-02.mp3	lehafsik	Hifil	imperative	2	את	בבקשה, הַפְסִיקִי לדבר על זה כל הזמן.
1293	3	393	examples/lehafsik/imperative-03.mp3	lehafsik	Hifil	imperative	3	אתם	בבקשה, הפסיקו לריב כל הזמן.
1294	3	394	examples/lehafsik/imperative-04.mp3	lehafsik	Hifil	imperative	4	אתן	הַפְסֵקְנָה עכשיו, בבקשה.
1295	3	395	examples/lehafsik/infinitive-01.mp3	lehafsik	Hifil	infinitive	1		חשוב לְהַפְסִיק לפני שמאוחר מדי.
1296	3	396	examples/lehazmin/past-01.mp3	lehazmin	Hifil	past	1	אני	הִזְמַנְתִּי אֶת כָּל חֲבֵרַי לַמְּסִיבָה שֶׁלִּי.
1297	3	397	examples/lehazmin/past-02.mp3	lehazmin	Hifil	past	2	אתה	הִזְמַנְתָּ אוֹתִי לְחַגִיגַת יוֹם הוּלֶדֶת שֶׁלְךָ?
1298	3	398	examples/lehazmin/past-03.mp3	lehazmin	Hifil	past	3	את	הִזְמַנְתְּ אֶת כָּל הַמִּשְׁפָּחָה לְחַגִּיגַת יוֹם הוּלֶדֶת.
1299	3	399	examples/lehazmin/past-04.mp3	lehazmin	Hifil	past	4	הוא	הוא הִזְמִין את כולם למסיבה בשבת.
1300	3	400	examples/lehazmin/past-05.mp3	lehazmin	Hifil	past	5	היא	היא הִזְמִינָה אותי לחגוג איתה את יום ההולדת שלה.
1301	3	401	examples/lehazmin/past-06.mp3	lehazmin	Hifil	past	6	אנחנו	הִזְמַנּוּ את כל המשפחה לחגוג איתנו את יום ההולדת של הבת שלנו.
1302	3	402	examples/lehazmin/past-07.mp3	lehazmin	Hifil	past	7	אתם	הִזְמַנְתֶּם אֶת כָּל הַמִּשְׁפָּחָה לַחֲתֻנָּה?
1303	3	403	examples/lehazmin/past-08.mp3	lehazmin	Hifil	past	8	אתן	הִזְמַנְתֶּן אֶת כָּל הַחֲבֵרוֹת לְחַגִיגַת יוֹם הוּלֶדֶת.
1304	3	404	examples/lehazmin/past-09.mp3	lehazmin	Hifil	past	9	הם	הם הִזְמִינוּ את כל המשפחה לחגיגת יום ההולדת.
1305	3	405	examples/lehazmin/past-10.mp3	lehazmin	Hifil	past	10	הן	הִזְמִינוּ אוֹתוֹ לַחֲתֻנָּה וְהוּא שָׂמֵחַ מְאוֹד.
1306	3	406	examples/lehazmin/present-01.mp3	lehazmin	Hifil	present	1	אני	אני מזמין אותך לבוא לביתי הערב.
1307	3	407	examples/lehazmin/present-02.mp3	lehazmin	Hifil	present	2	אני	אני מזמינה את כולם לבוא לחגוג איתי את יום הולדתי.
1308	3	408	examples/lehazmin/present-03.mp3	lehazmin	Hifil	present	3	אתה	אתה מזמין את כולם לחגוג איתנו.
1309	3	409	examples/lehazmin/present-04.mp3	lehazmin	Hifil	present	4	את	הַחֲבֵרָה מַזְמִינָה אוֹתָךְ לְחַגִיגַת הַיּוֹם הַמְיֻחָד.
1310	3	410	examples/lehazmin/present-05.mp3	lehazmin	Hifil	present	5	הוא	הוא מזמין אותנו לארוחת ערב בביתו.
1311	3	411	examples/lehazmin/present-06.mp3	lehazmin	Hifil	present	6	היא	היא מזמינה את כולם לחגוג איתה את יום ההולדת שלה.
1312	3	412	examples/lehazmin/present-07.mp3	lehazmin	Hifil	present	7	אנחנו	אנחנו מזמינים את כולכם לחגוג איתנו את חגיגות יום העצמאות.
1313	3	413	examples/lehazmin/present-08.mp3	lehazmin	Hifil	present	8	אנחנו	אנחנו מזמינות את כל החברות לחגוג איתנו את יום ההולדת.
1314	3	414	examples/lehazmin/present-09.mp3	lehazmin	Hifil	present	9	אתם	בואו נזרז, כולם מזמינים אתכם לבוא לחגוג איתנו!
1315	3	415	examples/lehazmin/present-10.mp3	lehazmin	Hifil	present	10	אתן	אנחנו מזמינות את כולכם למסיבה בבית שלנו.
1316	3	416	examples/lehazmin/present-11.mp3	lehazmin	Hifil	present	11	הם	הם מזמינים את כולם לחגוג איתם את יום ההולדת.
1317	3	417	examples/lehazmin/present-12.mp3	lehazmin	Hifil	present	12	הן	הן מזמינות את כולם לחגוג איתנו את החג.
1318	3	418	examples/lehazmin/future-01.mp3	lehazmin	Hifil	future	1	אני	אַזְמִין אוֹתְךָ לַחֲגִיגָה בְּשִׁבְתִי.
1319	3	419	examples/lehazmin/future-02.mp3	lehazmin	Hifil	future	2	אתה	אתה תזמין את כולם למסיבה ביום שישי?
1320	3	420	examples/lehazmin/future-03.mp3	lehazmin	Hifil	future	3	את	בבקשה, תזמיני אותי לחתונה שלך.
1321	3	421	examples/lehazmin/future-04.mp3	lehazmin	Hifil	future	4	הוא	הוא יַזְמִין את כל החברים לחגיגה.
1322	3	422	examples/lehazmin/future-05.mp3	lehazmin	Hifil	future	5	היא	היא תזמין את כל החברים למסיבה.
1323	3	423	examples/lehazmin/future-06.mp3	lehazmin	Hifil	future	6	אנחנו	נַזְמִין אֶת כֻּלָּם לַחֲגִיגַת יוֹם הוּלֶדֶת שֶׁל יוֹסִי.
1324	3	424	examples/lehazmin/future-07.mp3	lehazmin	Hifil	future	7	אתם	בבקשה תזמינו את כל החברים למסיבה.
1325	3	425	examples/lehazmin/future-08.mp3	lehazmin	Hifil	future	8	אתן	תַּזְמִינוּ אֶת כָּל הַחֲבֵרִים לְמִסִיבַת יוֹם הוּלֶדֶת.
1326	3	426	examples/lehazmin/future-09.mp3	lehazmin	Hifil	future	9	הם	הם יזמינו את כולם לחגיגה בשבוע הבא.
1327	3	427	examples/lehazmin/future-10.mp3	lehazmin	Hifil	future	10	הן	הן יזמינו את כולם למסיבה בשבת.
1328	3	428	examples/lehazmin/imperative-01.mp3	lehazmin	Hifil	imperative	1	אתה	הַזְמֵן את חבריך לבוא לחגוג איתנו.
1329	3	429	examples/lehazmin/imperative-02.mp3	lehazmin	Hifil	imperative	2	את	הַזְמִינִי אֶת חַבְרֵי לַחֲגִיגַת יוֹם הַהוּלֵדֶת שֶׁלַּח
1330	3	430	examples/lehazmin/imperative-03.mp3	lehazmin	Hifil	imperative	3	אתם	הַזְמִינוּ את כל החברים למסיבה!
1331	3	431	examples/lehazmin/imperative-04.mp3	lehazmin	Hifil	imperative	4	אתן	הַזְמֵנָה עכשיו, בבקשה.
1332	3	432	examples/lehazmin/infinitive-01.mp3	lehazmin	Hifil	infinitive	1		אני רוצה לְהַזְמִין אותך למסיבה שלי.
1333	3	433	examples/lehash-ir/past-01.mp3	lehash'ir	Hifil	past	1	אני	הִשְׁאַרְתִּי לוֹ הוֹדָעָה בַּדֵּאוּרִית.
1334	3	434	examples/lehash-ir/past-02.mp3	lehash'ir	Hifil	past	2	אתה	הִשְׁאַרְתָּ את המפתחות על השולחן.
1335	3	435	examples/lehash-ir/past-03.mp3	lehash'ir	Hifil	past	3	את	הִשְׁאַרְתְּ לי הודעה לפני שיצאת?
1336	3	436	examples/lehash-ir/past-04.mp3	lehash'ir	Hifil	past	4	הוא	הִשְׁאִיר את הדלת פתוחה כדי שיוכלו להיכנס.
1337	3	437	examples/lehash-ir/past-05.mp3	lehash'ir	Hifil	past	5	היא	היא הִשְׁאִירָה את המכתב על השולחן.
1338	3	438	examples/lehash-ir/past-06.mp3	lehash'ir	Hifil	past	6	אנחנו	הִשְׁאַרְנוּ אֶת הַכֶּלֶב בַּבַּיִת כְּשֶׁיָּצָאנוּ לַטִיּוּל.
1339	3	439	examples/lehash-ir/past-07.mp3	lehash'ir	Hifil	past	7	אתם	הִשְׁאַרְתֶּם את הַדֶּלֶת פְּתוּחָה כְּשֶׁיָּצָאתֶם?
1340	3	440	examples/lehash-ir/past-08.mp3	lehash'ir	Hifil	past	8	אתן	הִשְׁאַרְתֶּן את המפתחות על השולחן.
1341	3	441	examples/lehash-ir/past-09.mp3	lehash'ir	Hifil	past	9	הם	הִשְׁאִירוּ את הדלת פתוחה כשהלכו.
1342	3	442	examples/lehash-ir/past-10.mp3	lehash'ir	Hifil	past	10	הן	הִשְׁאִירוּ את המכתב על השולחן.
1343	3	443	examples/lehash-ir/present-01.mp3	lehash'ir	Hifil	present	1	אני	אני מַשְׁאִיר את המפתחות על השולחן.
1344	3	444	examples/lehash-ir/present-02.mp3	lehash'ir	Hifil	present	2	אני	אני מַשְׁאִירָה את המפתחות על השולחן.
1345	3	445	examples/lehash-ir/present-03.mp3	lehash'ir	Hifil	present	3	אתה	אתה מַשְׁאִיר את האורות דלוקים כשאתה יוצא?
1346	3	446	examples/lehash-ir/present-04.mp3	lehash'ir	Hifil	present	4	את	היא מַשְׁאִירָה את הדלת פתוחה כדי שייכנס אור.
1347	3	447	examples/lehash-ir/present-05.mp3	lehash'ir	Hifil	present	5	הוא	הוא מַשְׁאִיר את הדלת פתוחה בכל פעם שהוא יוצא.
1348	3	448	examples/lehash-ir/present-06.mp3	lehash'ir	Hifil	present	6	היא	הִיא מַשְׁאִירָה אֶת הַדֶּלֶת פָּתוּחָה כְּדֵי שֶׁיִּכָּנֵס אֲוִיר.
1349	3	449	examples/lehash-ir/present-07.mp3	lehash'ir	Hifil	present	7	אנחנו	אנחנו מַשְׁאִירִים את הכלים במטבח לפני שנצא.
1350	3	450	examples/lehash-ir/present-08.mp3	lehash'ir	Hifil	present	8	אנחנו	אנחנו מַשְׁאִירוֹת את הדלת פתוחה כדי שהחתול יוכל לצאת ולחזור.
1351	4	1	examples/lehash-ir/present-09.mp3	lehash'ir	Hifil	present	9	אתם	אתם מַשְׁאִירִים את הדלת פתוחה?
1352	4	2	examples/lehash-ir/present-10.mp3	lehash'ir	Hifil	present	10	אתן	הנשים מַשְׁאִירוֹת את הבגדים על המתלה.
1353	4	3	examples/lehash-ir/present-11.mp3	lehash'ir	Hifil	present	11	הם	הם מַשְׁאִירִים את הבית נקי לפני שהם יוצאים לחופשה.
1354	4	4	examples/lehash-ir/present-12.mp3	lehash'ir	Hifil	present	12	הן	הנשים מַשְׁאִירוֹת את הבגדים על הכסא.
1355	4	5	examples/lehash-ir/future-01.mp3	lehash'ir	Hifil	future	1	אני	אַשְׁאִיר את הדלת פתוחה כדי שתוכל להיכנס.
1356	4	6	examples/lehash-ir/future-02.mp3	lehash'ir	Hifil	future	2	אתה	אתה תשאיר את המפתחות על השולחן כשתצא?
1357	4	7	examples/lehash-ir/future-03.mp3	lehash'ir	Hifil	future	3	את	תַּשְׁאִירִי את הדלת פתוחה כשתצאי, בבקשה.
1358	4	8	examples/lehash-ir/future-04.mp3	lehash'ir	Hifil	future	4	הוא	הוא ישאיר את המפתחות על השולחן.
1359	4	9	examples/lehash-ir/future-05.mp3	lehash'ir	Hifil	future	5	היא	היא תשאיר את המפתחות על השולחן.
1360	4	10	examples/lehash-ir/future-06.mp3	lehash'ir	Hifil	future	6	אנחנו	נַשְׁאִיר את המזוודות בחדר.
1361	4	11	examples/lehash-ir/future-07.mp3	lehash'ir	Hifil	future	7	אתם	תַּשְׁאִירוּ לנו את המפתחות על השולחן.
1362	4	12	examples/lehash-ir/future-08.mp3	lehash'ir	Hifil	future	8	אתן	תַּשְׁאִירוּ לוֹ את הַמַּפְתֵּחַ בַּדֶּלֶת.
1363	4	13	examples/lehash-ir/future-09.mp3	lehash'ir	Hifil	future	9	הם	הם ישאירו את הדלת פתוחה כדי שנוכל להיכנס בלי מפתח.
1364	4	14	examples/lehash-ir/future-10.mp3	lehash'ir	Hifil	future	10	הן	הם יַשְׁאִירוּ את הבית פתוח כדי שנוכל להיכנס.
1365	4	15	examples/lehash-ir/imperative-01.mp3	lehash'ir	Hifil	imperative	1	אתה	הַשְׁאֵר את הדלת פתוחה כשאתה יוצא.
1366	4	16	examples/lehash-ir/imperative-02.mp3	lehash'ir	Hifil	imperative	2	את	הַשְׁאִירִי את המפתחות על השולחן, בבקשה.
1367	4	17	examples/lehash-ir/imperative-03.mp3	lehash'ir	Hifil	imperative	3	אתם	הַשְׁאִירוּ את הדלת פתוחה כשאתם יוצאים.
1368	4	18	examples/lehash-ir/imperative-04.mp3	lehash'ir	Hifil	imperative	4	אתן	הַשְׁאֵרְנָה עכשיו, בבקשה.
1369	4	19	examples/lehash-ir/infinitive-01.mp3	lehash'ir	Hifil	infinitive	1		אני מתכנן להשאיר את המפתחות על השולחן.
1370	4	20	examples/lehatzia/past-01.mp3	lehatzia	Hifil	past	1	אני	הִצַּעְתִּי לוֹ לְהִתְפַּעֵל מִמֻּזִיקָה חֲדָשָׁה.
1371	4	21	examples/lehatzia/past-02.mp3	lehatzia	Hifil	past	2	אתה	הִצַּעְתָּ רַעְיוֹן מְעוֹלֶה בִּישִׁיבָה הַקוֹדֶמֶת.
1372	4	22	examples/lehatzia/past-03.mp3	lehatzia	Hifil	past	3	את	הִצַּעְתְּ לָנוּ לְלֶכֶת לַחוֹף בְּשַׁבָּת.
1373	4	23	examples/lehatzia/past-04.mp3	lehatzia	Hifil	past	4	הוא	הִצִּיעַ לי לנסות מסלול חדש בהרים.
1374	4	24	examples/lehatzia/past-05.mp3	lehatzia	Hifil	past	5	היא	הִצִּיעָה לוֹ לִשְׁתּוֹת תֵּה כְּדֵי לְהִירְגַּע.
1375	4	25	examples/lehatzia/past-06.mp3	lehatzia	Hifil	past	6	אנחנו	בִּמְפִגָּשׁ הַקּוֹדֵם הִצַּעְנוּ לְחַלֵּק אֶת הַפְּרוֹיֶקְט לְכַמָּה חֲלָקִים.
1376	4	26	examples/lehatzia/past-07.mp3	lehatzia	Hifil	past	7	אתם	הִצַּעְתֶּם רעיונות מעניינים בפגישה.
1377	4	27	examples/lehatzia/past-08.mp3	lehatzia	Hifil	past	8	אתן	הִצַּעְתֶּן רַעְיון מְעוֹלֶה בַּפְּגִישָׁה.
1378	4	28	examples/lehatzia/past-09.mp3	lehatzia	Hifil	past	9	הם	הם הִצִּיעוּ להוסיף עוד כיתה בבית הספר.
1379	4	29	examples/lehatzia/past-10.mp3	lehatzia	Hifil	past	10	הן	הִצִּיעוּ לנו לנסות את המסעדה החדשה בשכונה.
1380	4	30	examples/lehatzia/present-01.mp3	lehatzia	Hifil	present	1	אני	אני מַצִּיעַ שנלך לים מחר.
1381	4	31	examples/lehatzia/present-02.mp3	lehatzia	Hifil	present	2	אני	אני מַצִּיעָה שנצא לטיול בטבע בסוף השבוע.
1382	4	32	examples/lehatzia/present-03.mp3	lehatzia	Hifil	present	3	אתה	אתה מציע לנו לנסות את המסעדה החדשה בעיר?
1383	4	33	examples/lehatzia/present-04.mp3	lehatzia	Hifil	present	4	את	היא מציעה לנו לנסות מסעדה חדשה בעיר.
1384	4	34	examples/lehatzia/present-05.mp3	lehatzia	Hifil	present	5	הוא	הוא מציע לנו לנסות מסעדה חדשה בעיר.
1385	4	35	examples/lehatzia/present-06.mp3	lehatzia	Hifil	present	6	היא	היא מציעה לנו לנסוע לים בסוף השבוע.
1386	4	36	examples/lehatzia/present-07.mp3	lehatzia	Hifil	present	7	אנחנו	אנחנו מציעים לך לבקר במוזיאון החדש בעיר.
1387	4	37	examples/lehatzia/present-08.mp3	lehatzia	Hifil	present	8	אנחנו	אנחנו מציעות פתרונות יצירתיים לבעיות שלך.
1388	4	38	examples/lehatzia/present-09.mp3	lehatzia	Hifil	present	9	אתם	אתם מציעים לנו פתרונות יצירתיים לבעיות היומיום.
1389	4	39	examples/lehatzia/present-10.mp3	lehatzia	Hifil	present	10	אתן	הן מציעות לנו לנסות מסעדה חדשה בעיר.
1390	4	40	examples/lehatzia/present-11.mp3	lehatzia	Hifil	present	11	הם	החברים שלי מציעים ללכת לים מחר.
1391	4	41	examples/lehatzia/present-12.mp3	lehatzia	Hifil	present	12	הן	הן מציעות לנו לנסות את המסעדה החדשה בשכונה.
1392	4	42	examples/lehatzia/future-01.mp3	lehatzia	Hifil	future	1	אני	אַצִּיעַ לְךָ לִנְסוֹת אֶת הַמִּשְׁקָל הַחָדָשׁ שֶׁלָּנוּ.
1393	4	43	examples/lehatzia/future-02.mp3	lehatzia	Hifil	future	2	אתה	אתה תציע רעיונות חדשים בפגישה מחר.
1394	4	44	examples/lehatzia/future-03.mp3	lehatzia	Hifil	future	3	את	אם תציעי פתרון טוב, נוכל לפתור את הבעיה.
1395	4	45	examples/lehatzia/future-04.mp3	lehatzia	Hifil	future	4	הוא	בישיבה הבאה הוא יציע רעיונות חדשים לשיפור הפרויקט.
1396	4	46	examples/lehatzia/future-05.mp3	lehatzia	Hifil	future	5	היא	תַּצִּיעַ רעיון חדש למנהל שלה.
1397	4	47	examples/lehatzia/future-06.mp3	lehatzia	Hifil	future	6	אנחנו	נציע לו לבוא למסיבה שלנו.
1398	4	48	examples/lehatzia/future-07.mp3	lehatzia	Hifil	future	7	אתם	אם תַּצִּיעוּ רעיונות חדשים, נוכל לשפר את הפרויקט.
1399	4	49	examples/lehatzia/future-08.mp3	lehatzia	Hifil	future	8	אתן	אתן תציעו רעיונות חדשים למפגש הבא.
1400	4	50	examples/lehatzia/future-09.mp3	lehatzia	Hifil	future	9	הם	אם יַצִּיעוּ לנו פתרון טוב יותר, נשקול אותו.
1401	4	51	examples/lehatzia/future-10.mp3	lehatzia	Hifil	future	10	הן	הן יַצִּיעוּ פתרונות חדשים למשבר הכלכלי.
1402	4	52	examples/lehatzia/imperative-01.mp3	lehatzia	Hifil	imperative	1	אתה	הַצַּע לוֹ פִּתְרוֹן אֲחֵר.
1403	4	53	examples/lehatzia/imperative-02.mp3	lehatzia	Hifil	imperative	2	את	הַצִּיעִי רעיון חדש למשחק.
1404	4	54	examples/lehatzia/imperative-03.mp3	lehatzia	Hifil	imperative	3	אתם	הַצִּיעוּ לנו רעיונות לטיול בסוף השבוע.
1405	4	55	examples/lehatzia/imperative-04.mp3	lehatzia	Hifil	imperative	4	אתן	הַצַּעְנָה עכשיו, בבקשה.
1406	4	56	examples/lehatzia/infinitive-01.mp3	lehatzia	Hifil	infinitive	1		אני רוצה לְהַצִּיעַ פתרון חדש לבעיה.
1407	4	57	examples/lechapes/past-01.mp3	lechapes	Piel	past	1	אני	חִפַּשְׂתִּי את המפתחות בכל המגירות בבית.
1408	4	58	examples/lechapes/past-02.mp3	lechapes	Piel	past	2	אתה	חִפַּשְׂתָּ את המפתחות בכל הבית ולא מצאת אותם.
1409	4	59	examples/lechapes/past-03.mp3	lechapes	Piel	past	3	את	חִיפַּשְׂתְּ בַּכֻּלָּם אֲבָל לֹא מָצָאת אֶת הַמַּפְתֵּחַ.
1410	4	60	examples/lechapes/past-04.mp3	lechapes	Piel	past	4	הוא	הוא חִפֵּשׂ את המפתחות בכל המגירות.
1411	4	61	examples/lechapes/past-05.mp3	lechapes	Piel	past	5	היא	היא חִפְּשָׂה בכל מקום אפשרי, אך לא מצאה את המפתחות.
1412	4	62	examples/lechapes/past-06.mp3	lechapes	Piel	past	6	אנחנו	חִפַּשְׂנוּ את המפתחות בכל הבית.
1413	4	63	examples/lechapes/past-07.mp3	lechapes	Piel	past	7	אתם	חִפַּשְׂתֶּם את המפתחות בכל המגירות?
1414	4	64	examples/lechapes/past-08.mp3	lechapes	Piel	past	8	אתן	חִפַּשְׂתֶּן בכל מקום אפשרי למצוא את המפתחות.
1415	4	65	examples/lechapes/past-09.mp3	lechapes	Piel	past	9	הם	הם חִפְּשׂוּ את המפתחות בכל הבית.
1416	4	66	examples/lechapes/past-10.mp3	lechapes	Piel	past	10	הן	כשהגיעו למחנה, חִפְּשׂוּ את האוהל שלהם.
1417	4	67	examples/lechapes/present-01.mp3	lechapes	Piel	present	1	אני	אני מחפש את המפתחות שלי בכל מקום.
1418	4	68	examples/lechapes/present-02.mp3	lechapes	Piel	present	2	אני	אני מחפשת את המפתחות שלי בכל מקום.
1419	4	69	examples/lechapes/present-03.mp3	lechapes	Piel	present	3	אתה	אתה מחפש את המפתחות בכל המקומות הלא נכונים.
1420	4	70	examples/lechapes/present-04.mp3	lechapes	Piel	present	4	את	היא מחפשת את המפתחות שלה בכל הבית.
1421	4	71	examples/lechapes/present-05.mp3	lechapes	Piel	present	5	הוא	הוא מחפש את המפתחות שלו בכל המקומות האפשריים.
1422	4	72	examples/lechapes/present-06.mp3	lechapes	Piel	present	6	היא	היא מְחַפֶּשֶׂת את המפתחות שלה בכל מקום.
1423	4	73	examples/lechapes/present-07.mp3	lechapes	Piel	present	7	אנחנו	אנחנו מחפשים את המפתחות בכל פינה בבית.
1424	4	74	examples/lechapes/present-08.mp3	lechapes	Piel	present	8	אנחנו	אנחנו מחפשות את המפתחות בכל מקום.
1425	4	75	examples/lechapes/present-09.mp3	lechapes	Piel	present	9	אתם	אתם מחפשים את המפתחות בכל המקומות הלא נכונים.
1426	4	76	examples/lechapes/present-10.mp3	lechapes	Piel	present	10	אתן	הַנָּשִׁים מְחַפְּשׂוֹת אֶת הַמַּפְתֵּחוֹת בַּכִּסְאוֹת.
1427	4	77	examples/lechapes/present-11.mp3	lechapes	Piel	present	11	הם	הם מְחַפְּשִׂים את המפתחות בכל הבית.
1428	4	78	examples/lechapes/present-12.mp3	lechapes	Piel	present	12	הן	הנשים מחפשות את המפתחות שלהן בכל מקום.
1429	4	79	examples/lechapes/future-01.mp3	lechapes	Piel	future	1	אני	אֲחַפֵּשׂ בְּמִגִּירַת הַשֻּׁלְחָן אַחֲרֵי הַמַּפְתֵּחַ.
1430	4	80	examples/lechapes/future-02.mp3	lechapes	Piel	future	2	אתה	אתה תחפש בכל מקום אפשרי למצוא את המפתח.
1431	4	81	examples/lechapes/future-03.mp3	lechapes	Piel	future	3	את	תְּחַפְּשִׂי בַּאִינְטֶרְנֶט אֶת הַמִּידְעָן הַזֶּה.
1432	4	82	examples/lechapes/future-04.mp3	lechapes	Piel	future	4	הוא	הַחָקִירָה תִּהְיֶה קָשָׁה וְהוּא יְחַפֵּשׂ בְּכָל מָקוֹם.
1433	4	83	examples/lechapes/future-05.mp3	lechapes	Piel	future	5	היא	היא תְּחַפֵּשׂ בַּאִינטֶרנֶט אַחֲרֵי מִידְעוֹן
1434	4	84	examples/lechapes/future-06.mp3	lechapes	Piel	future	6	אנחנו	נְחַפֵּשׂ בַּגִּינָה אֶת הַכַּדּוּר שֶׁל הַיְּלָדִים.
1435	4	85	examples/lechapes/future-07.mp3	lechapes	Piel	future	7	אתם	בבוקר תחפשו את המפתחות בארון.
1436	4	86	examples/lechapes/future-08.mp3	lechapes	Piel	future	8	אתן	בבקשה, תְּחַפְּשׂוּ בתיקים שלכם ותראו אם אתן מוצאות את המפתחות.
1437	4	87	examples/lechapes/future-09.mp3	lechapes	Piel	future	9	הם	הם יְחַפְּשׂוּ בכל מקום אפשרי למצוא את המפתח.
1438	4	88	examples/lechapes/future-10.mp3	lechapes	Piel	future	10	הן	הם יחפשו את המפתחות בכל פינה של הבית.
1439	4	89	examples/lechapes/imperative-01.mp3	lechapes	Piel	imperative	1	אתה	חַפֵּשׂ בְּגוּגֶל אֶת הַמִּידָע שֶׁאַתָּה צָרִיךְ.
1440	4	90	examples/lechapes/imperative-02.mp3	lechapes	Piel	imperative	2	את	חַפְּשִׂי בתיק שלך את המפתחות.
1441	4	91	examples/lechapes/imperative-03.mp3	lechapes	Piel	imperative	3	אתם	חַפְּשׂוּ בְּכָל הַמְּקוֹמוֹת הַשּׁוֹנִים בְּבֵית הַסֵּפֶר.
1442	4	92	examples/lechapes/imperative-04.mp3	lechapes	Piel	imperative	4	אתן	חַפֵּשְׂנָה עכשיו, בבקשה.
1443	4	93	examples/lechapes/infinitive-01.mp3	lechapes	Piel	infinitive	1		אני מתכנן לחפש את המפתחות שלי בכל הבית.
1444	4	94	examples/lehashlim/past-01.mp3	lehashlim	Hifil	past	1	אני	הִשְׁלַמְתִּי את המטלה היום.
1445	4	95	examples/lehashlim/past-02.mp3	lehashlim	Hifil	past	2	אתה	הִשְׁלַמְתָּ את המשימה בזמן?
1446	4	96	examples/lehashlim/past-03.mp3	lehashlim	Hifil	past	3	את	הִשְׁלַמְתְּ אֶת הַפְּרוֹיֶקט בְּזְמַן שִׁיא.
1447	4	97	examples/lehashlim/past-04.mp3	lehashlim	Hifil	past	4	הוא	הִשְׁלִים את הַמִּשִּׁימָה בְּהַצְלָחָה.
1448	4	98	examples/lehashlim/past-05.mp3	lehashlim	Hifil	past	5	היא	הִיא הִשְׁלִימָה את הַמִּשִּׁימָה בְּזְמַן קָצָר.
1449	4	99	examples/lehashlim/past-06.mp3	lehashlim	Hifil	past	6	אנחנו	בסוף השבוע הִשְׁלַמְנוּ את כל המטלות של הבית.
1450	4	100	examples/lehashlim/past-07.mp3	lehashlim	Hifil	past	7	אתם	הִשְׁלַמְתֶּם את כל המשימות בזמן?
1451	4	101	examples/lehashlim/past-08.mp3	lehashlim	Hifil	past	8	אתן	אחרי שבוע של עבודה קשה, הִשְׁלַמְתֶּן את כל המשימות.
1452	4	102	examples/lehashlim/past-09.mp3	lehashlim	Hifil	past	9	הם	הִשְׁלִימוּ את הַפְּרוֹיֶקְט בְּזְמַן קְצוּב.
1453	4	103	examples/lehashlim/past-10.mp3	lehashlim	Hifil	past	10	הן	הִשְׁלִימוּ את המשימה בזמן.
1454	4	104	examples/lehashlim/present-01.mp3	lehashlim	Hifil	present	1	אני	אני מַשְׁלִים את הפרויקט שלי בזמן.
1455	4	105	examples/lehashlim/present-02.mp3	lehashlim	Hifil	present	2	אני	"אני מַשְׁלִימָה את הדו""ח בדיוק בזמן."
1456	4	106	examples/lehashlim/present-03.mp3	lehashlim	Hifil	present	3	אתה	אתה מַשְׁלִים את הפרויקט בזמן.
1457	4	107	examples/lehashlim/present-04.mp3	lehashlim	Hifil	present	4	את	היא מַשְׁלִימָה את הפרויקט שלה בזמן.
1458	4	108	examples/lehashlim/present-05.mp3	lehashlim	Hifil	present	5	הוא	הוא מַשְׁלִים את המשימה בזריזות.
1459	4	109	examples/lehashlim/present-06.mp3	lehashlim	Hifil	present	6	היא	הִיא מַשְׁלִימָה אֶת הַפּוֹרְיֶקְט בַּזְמַן הַמְּתוּכְנֵן.
1460	4	110	examples/lehashlim/present-07.mp3	lehashlim	Hifil	present	7	אנחנו	אנחנו מַשְׁלִימִים את הפרויקט היום.
1461	4	111	examples/lehashlim/present-08.mp3	lehashlim	Hifil	present	8	אנחנו	אנחנו מַשְׁלִימוֹת את הפרויקט בזמן.
1462	4	112	examples/lehashlim/present-09.mp3	lehashlim	Hifil	present	9	אתם	אתם מַשְׁלִימִים את המשימה בזמן.
1463	4	113	examples/lehashlim/present-10.mp3	lehashlim	Hifil	present	10	אתן	הן מַשְׁלִימוֹת את הפרויקט בזמן.
1464	4	114	examples/lehashlim/present-11.mp3	lehashlim	Hifil	present	11	הם	הם מַשְׁלִימִים את הפרויקט היום.
1465	4	115	examples/lehashlim/present-12.mp3	lehashlim	Hifil	present	12	הן	הן מַשְׁלִימוֹת את הפרויקט בזמן.
1466	4	116	examples/lehashlim/future-01.mp3	lehashlim	Hifil	future	1	אני	אַשְׁלִים אֶת הַמִּשִּׁימָה בְּקָרוֹב.
1467	4	117	examples/lehashlim/future-02.mp3	lehashlim	Hifil	future	2	אתה	"תַּשְׁלִים את הדו""ח עד מחר בבוקר."
1468	4	118	examples/lehashlim/future-03.mp3	lehashlim	Hifil	future	3	את	"תַּשְׁלִימִי את הדו""ח עד מחר בבוקר."
1469	4	119	examples/lehashlim/future-04.mp3	lehashlim	Hifil	future	4	הוא	הוא יַשְׁלִים את הפרויקט עד סוף השבוע.
1470	4	120	examples/lehashlim/future-05.mp3	lehashlim	Hifil	future	5	היא	היא תַּשְׁלִים את הפרויקט עד מחר.
1471	4	121	examples/lehashlim/future-06.mp3	lehashlim	Hifil	future	6	אנחנו	נַשְׁלִים את הפרויקט עד סוף השבוע.
1472	4	122	examples/lehashlim/future-07.mp3	lehashlim	Hifil	future	7	אתם	תַּשְׁלִימוּ את הפרויקט עד מחר.
1473	4	123	examples/lehashlim/future-08.mp3	lehashlim	Hifil	future	8	אתן	"אנא תַּשְׁלִימוּ את הדו""ח עד סוף השבוע."
1474	4	124	examples/lehashlim/future-09.mp3	lehashlim	Hifil	future	9	הם	בקרוב ישלימו את הבנייה של בית הספר החדש.
1475	4	125	examples/lehashlim/future-10.mp3	lehashlim	Hifil	future	10	הן	הם ישלימו את הפרויקט בזמן.
1476	4	126	examples/lehashlim/imperative-01.mp3	lehashlim	Hifil	imperative	1	אתה	בבקשה, השלם את הטופס הזה עד מחר.
1477	4	127	examples/lehashlim/imperative-02.mp3	lehashlim	Hifil	imperative	2	את	"הַשְׁלִימִי את הדו""ח עד מחר בבוקר."
1478	4	128	examples/lehashlim/imperative-03.mp3	lehashlim	Hifil	imperative	3	אתם	הַשְׁלִימוּ את המשימה עד מחר.
1479	4	129	examples/lehashlim/imperative-04.mp3	lehashlim	Hifil	imperative	4	אתן	הַשְׁלֵמְנָה עכשיו, בבקשה.
1480	4	130	examples/lehashlim/infinitive-01.mp3	lehashlim	Hifil	infinitive	1		חשוב לְהַשְׁלִים את המשימות בזמן.
1481	4	131	examples/lehavtiach/past-01.mp3	lehavtiach	Hifil	past	1	אני	הִבְטַחְתִּי לוֹ שֶׁאֲנִי אָבוֹא לַמְסִיבָה.
1482	4	132	examples/lehavtiach/past-02.mp3	lehavtiach	Hifil	past	2	אתה	הִבְטַחְתָּ שֶׁתָּבוֹא לַחֲגִיגָה וְלֹא הִגַּעְתָּ.
1483	4	133	examples/lehavtiach/past-03.mp3	lehavtiach	Hifil	past	3	את	הִבְטַחְתְּ לִי שֶׁתָּבוֹאִי לַחֲגִיגָה.
1484	4	134	examples/lehavtiach/past-04.mp3	lehavtiach	Hifil	past	4	הוא	הוא הִבְטִיחַ לחזור מחר.
1485	4	135	examples/lehavtiach/past-05.mp3	lehavtiach	Hifil	past	5	היא	היא הִבְטִיחָה לחזור מחר.
1486	4	136	examples/lehavtiach/past-06.mp3	lehavtiach	Hifil	past	6	אנחנו	הִבְטַחְנוּ לוֹ שֶׁנָּחוּר לִבְקוֹר אוֹתוֹ בְּקָרוֹב.
1487	4	137	examples/lehavtiach/past-07.mp3	lehavtiach	Hifil	past	7	אתם	אַתֶּם הִבְטַחְתֶּם לָנוּ שֶׁתִּקְחוּ אוֹתָנוּ לַסֵּתֶר.
1488	4	138	examples/lehavtiach/past-08.mp3	lehavtiach	Hifil	past	8	אתן	הִבְטַחְתֶּן לְהַגִיעַ בַּזְמַן, אֲבָל אֵין כָּאן אֲף אַחַת מִכֶּן.
1489	4	139	examples/lehavtiach/past-09.mp3	lehavtiach	Hifil	past	9	הם	הִבְטִיחוּ לנו שהמצב ישתפר בקרוב.
1490	4	140	examples/lehavtiach/past-10.mp3	lehavtiach	Hifil	past	10	הן	הם הִבְטִיחוּ לנו שינויים משמעותיים בחוק.
1491	4	141	examples/lehavtiach/present-01.mp3	lehavtiach	Hifil	present	1	אני	אני מַבְטִיחַ לך שאתמיד בלימודים.
1492	4	142	examples/lehavtiach/present-02.mp3	lehavtiach	Hifil	present	2	אני	אני מבטיחה לך שאתמיד בלימודים.
1493	4	143	examples/lehavtiach/present-03.mp3	lehavtiach	Hifil	present	3	אתה	אתה מבטיח לי שתהיה שם בזמן?
1494	4	144	examples/lehavtiach/present-04.mp3	lehavtiach	Hifil	present	4	את	היא מַבְטִיחָה לחזור מחר.
1495	4	145	examples/lehavtiach/present-05.mp3	lehavtiach	Hifil	present	5	הוא	הוא מבטיח לחזור מחר.
1496	4	146	examples/lehavtiach/present-06.mp3	lehavtiach	Hifil	present	6	היא	היא מבטיחה לי שתחזור בקרוב.
1497	4	147	examples/lehavtiach/present-07.mp3	lehavtiach	Hifil	present	7	אנחנו	אנחנו מבטיחים לתמוך בך בכל מה שתצטרך.
1498	4	148	examples/lehavtiach/present-08.mp3	lehavtiach	Hifil	present	8	אנחנו	אנחנו מבטיחות שנעשה את כל המאמצים כדי להצליח.
1499	4	149	examples/lehavtiach/present-09.mp3	lehavtiach	Hifil	present	9	אתם	אתם מבטיחים לנו ימים יפים יותר בעתיד.
1500	4	150	examples/lehavtiach/present-10.mp3	lehavtiach	Hifil	present	10	אתן	הן מבטיחות לחזור מחר.
1501	4	151	examples/lehavtiach/present-11.mp3	lehavtiach	Hifil	present	11	הם	הם מבטיחים לבוא מחר.
1502	4	152	examples/lehavtiach/present-12.mp3	lehavtiach	Hifil	present	12	הן	הפוליטיקאיות מבטיחות שינוי, אבל לא תמיד מקיימות את הבטחותיהן.
1503	4	153	examples/lehavtiach/future-01.mp3	lehavtiach	Hifil	future	1	אני	אני אַבְטִיחַ לך שתמיד אהיה שם בשבילך.
1504	4	154	examples/lehavtiach/future-02.mp3	lehavtiach	Hifil	future	2	אתה	תַּבְטִיחַ לְהָגִיעַ בְּזָמָן?
1505	4	155	examples/lehavtiach/future-03.mp3	lehavtiach	Hifil	future	3	את	תַּבְטִיחִי לִי שֶׁתָּחֲזְרִי מוֹקֶדֶם?
1506	4	156	examples/lehavtiach/future-04.mp3	lehavtiach	Hifil	future	4	הוא	הוא יַבְטִיחַ לנו שיפתור את הבעיה.
1507	4	157	examples/lehavtiach/future-05.mp3	lehavtiach	Hifil	future	5	היא	היא תַּבְטִיחַ לבוא בזמן.
1508	4	158	examples/lehavtiach/future-06.mp3	lehavtiach	Hifil	future	6	אנחנו	נַבְטִיחַ לך שנהביא את כל הציוד בזמן.
1509	4	159	examples/lehavtiach/future-07.mp3	lehavtiach	Hifil	future	7	אתם	אם תַּבְטִיחוּ לי שתגיעו בזמן, אז אוכל לסדר את הכל.
1510	4	160	examples/lehavtiach/future-08.mp3	lehavtiach	Hifil	future	8	אתן	הן תַּבְטַחְנָה לך שתמיד יהיה לך אוכל בבית.
1511	4	161	examples/lehavtiach/future-09.mp3	lehavtiach	Hifil	future	9	הם	הם יבטיחו לנו עולם טוב יותר.
1512	4	162	examples/lehavtiach/future-10.mp3	lehavtiach	Hifil	future	10	הן	כשיִּגְמְרוּ את הפרויקט, תַּבְטַחְנָה לי שיהיה הכל מוכן בזמן.
1513	4	163	examples/lehavtiach/imperative-01.mp3	lehavtiach	Hifil	imperative	1	אתה	הַבְטַח לי שתגיע בזמן.
1514	4	164	examples/lehavtiach/imperative-02.mp3	lehavtiach	Hifil	imperative	2	את	הַבְטִיחִי לִי שֶׁתַּחְזְרִי בְּקָרוֹב.
1515	4	165	examples/lehavtiach/imperative-03.mp3	lehavtiach	Hifil	imperative	3	אתם	הַבְטִיחוּ לוֹ שֶׁתָּמוֹכוּ בוֹ בְּכָל מַצָּב.
1516	4	166	examples/lehavtiach/imperative-04.mp3	lehavtiach	Hifil	imperative	4	אתן	הַבְטַחְנָה עכשיו, בבקשה.
1517	4	167	examples/lehavtiach/infinitive-01.mp3	lehavtiach	Hifil	infinitive	1		אין לי מה להבטיח, אבל אנסה לעשות את המיטב.
1518	4	168	examples/lenasot/past-01.mp3	lenasot	Piel	past	1	אני	נִסִּיתִי לבשל אוכל אתיופי בפעם הראשונה.
1519	4	169	examples/lenasot/past-02.mp3	lenasot	Piel	past	2	אתה	נִסִּיתָ לפתור את הבעיה לבד?
1520	4	170	examples/lenasot/past-03.mp3	lenasot	Piel	past	3	את	נִסִּיתְ לְהָכִין אֶת הַמֶּרֶק אֶתְמוֹל, אֲבָל לֹא הִצְלַחְתְּ.
1521	4	171	examples/lenasot/past-04.mp3	lenasot	Piel	past	4	הוא	הִיא נִסָּה לְהַכִּין אֶת הַמָּטוֹס כְּדֵי שֶׁיִּתְקֵן.
1522	4	172	examples/lenasot/past-05.mp3	lenasot	Piel	past	5	היא	הִיא נִסְּתָה לְפַתּוֹר אֶת הַחִידָה, אֲבָל לֹא הִצְלִיחָה.
1523	4	173	examples/lenasot/past-06.mp3	lenasot	Piel	past	6	אנחנו	נִסִּינוּ לפתור את הבעיה בדרכים שונות.
1524	4	174	examples/lenasot/past-07.mp3	lenasot	Piel	past	7	אתם	האם נִסִּיתֶם כבר את המסעדה החדשה בשכונה?
1525	4	175	examples/lenasot/past-08.mp3	lenasot	Piel	past	8	אתן	נִסִּיתֶן לבשל את המתכון החדש שהמליצה חברה שלכם?
1526	4	176	examples/lenasot/past-09.mp3	lenasot	Piel	past	9	הם	הם נִסּוּ לפתור את הבעיה בכל מיני דרכים.
1527	4	177	examples/lenasot/past-10.mp3	lenasot	Piel	past	10	הן	הם נִסּוּ לפתור את הבעיה בכוחות עצמם.
1528	4	178	examples/lenasot/present-01.mp3	lenasot	Piel	present	1	אני	אני מְנַסֶּה להבין את ההוראות.
1529	4	179	examples/lenasot/present-02.mp3	lenasot	Piel	present	2	אני	אני מְנַסָּה לעשות את זה בצורה הטובה ביותר.
1530	4	180	examples/lenasot/present-03.mp3	lenasot	Piel	present	3	אתה	אתה מנסה לפתור את החידה הזו?
1531	4	181	examples/lenasot/present-04.mp3	lenasot	Piel	present	4	את	הילד מְנַסָּה לפתוח את המתנה שלו בלי עזרה.
1532	4	182	examples/lenasot/present-05.mp3	lenasot	Piel	present	5	הוא	הוא מְנַסֶּה לפתור את הבעיה כבר שעה.
1533	4	183	examples/lenasot/present-06.mp3	lenasot	Piel	present	6	היא	היא מְנַסָּה להכין עוגה חדשה היום.
1534	4	184	examples/lenasot/present-07.mp3	lenasot	Piel	present	7	אנחנו	אנחנו מְנַסִּים לפתור את הבעיה כבר שעות.
1535	4	185	examples/lenasot/present-08.mp3	lenasot	Piel	present	8	אנחנו	אנחנו מנסות להבין את המצב הכלכלי הנוכחי.
1536	4	186	examples/lenasot/present-09.mp3	lenasot	Piel	present	9	אתם	אתם מנסים להבין את המשוואה הזו?
1537	4	187	examples/lenasot/present-10.mp3	lenasot	Piel	present	10	אתן	הילדות מְנַסּוֹת לבנות מגדל מקוביות.
1538	4	188	examples/lenasot/present-11.mp3	lenasot	Piel	present	11	הם	הם מנסים למצוא את הדרך הטובה ביותר להתמודד עם הבעיה.
1539	4	189	examples/lenasot/present-12.mp3	lenasot	Piel	present	12	הן	הן מְנַסּוֹת לפתור את הבעיה בדרכים שונות.
1540	4	190	examples/lenasot/future-01.mp3	lenasot	Piel	future	1	אני	אֲנַסֶּה לְהָכִין אֶת הַמָּתוֹק הַזֶּה בַּבַּיִת.
1541	4	191	examples/lenasot/future-02.mp3	lenasot	Piel	future	2	אתה	אם תְּנַסֶּה לבשל את המתכון הזה, אני בטוח שתצליח.
1542	4	192	examples/lenasot/future-03.mp3	lenasot	Piel	future	3	את	תְּנַסִּי לשים את עצמך במקום שלו.
1543	4	193	examples/lenasot/future-04.mp3	lenasot	Piel	future	4	הוא	הוא יְנַסֶּה לפתור את הבעיה מחר.
1544	4	194	examples/lenasot/future-05.mp3	lenasot	Piel	future	5	היא	תְּנַסֶּה לְפָתוֹר אֶת הַחִידָה הַזּוֹ?
1545	4	195	examples/lenasot/future-06.mp3	lenasot	Piel	future	6	אנחנו	אנחנו נְנַסֶּה לפתור את הבעיה יחד.
1546	4	196	examples/lenasot/future-07.mp3	lenasot	Piel	future	7	אתם	תְּנַסּוּ לפתור את הבעיה ביחד.
1547	4	197	examples/lenasot/future-08.mp3	lenasot	Piel	future	8	אתן	תְּנַסּוּ לפתור את התרגיל בעצמכם לפני שתשאלו אותי.
1548	4	198	examples/lenasot/future-09.mp3	lenasot	Piel	future	9	הם	בטוח שהם ינסו לשכנע אותך לבוא איתם.
1549	4	199	examples/lenasot/future-10.mp3	lenasot	Piel	future	10	הן	בבית הספר ינסו לשפר את מערכת ההוראה בשנה הבאה.
1550	4	200	examples/lenasot/imperative-01.mp3	lenasot	Piel	imperative	1	אתה	נַסֵּה לפתור את התעלומה הזו בעצמך.
1551	4	201	examples/lenasot/imperative-02.mp3	lenasot	Piel	imperative	2	את	נַסִּי לְהָבִין אֶת הַמַּצָב.
1552	4	202	examples/lenasot/imperative-03.mp3	lenasot	Piel	imperative	3	אתם	נַסּוּ לחשוב על פתרון יצירתי יותר.
1553	4	203	examples/lenasot/imperative-04.mp3	lenasot	Piel	imperative	4	אתן	נַסֶּינָה עכשיו, בבקשה.
1554	4	204	examples/lenasot/infinitive-01.mp3	lenasot	Piel	infinitive	1		אני רוצה לנסות את המתכון החדש הזה.
1555	4	205	examples/legalot/past-01.mp3	legalot	Piel	past	1	אני	גִּילִּיתִי סוד מדהים בבית הישן הזה.
1556	4	206	examples/legalot/past-02.mp3	legalot	Piel	past	2	אתה	גִּילִּיתָ סוד שהיה חבוי שנים רבות.
1557	4	207	examples/legalot/past-03.mp3	legalot	Piel	past	3	את	גילית את הסוד הגדול שלי.
1558	4	208	examples/legalot/past-04.mp3	legalot	Piel	past	4	הוא	הוא גִּילָּה את הסוד שהסתתר מאחורי התמונה.
1559	4	209	examples/legalot/past-05.mp3	legalot	Piel	past	5	היא	הִיא גִּילְתָה מִסְמָךְ עַתִּיק בְּסִפְרִיָה.
1560	4	210	examples/legalot/past-06.mp3	legalot	Piel	past	6	אנחנו	גִּילִּינוּ אוצר קדום בחצר הבית.
1561	4	211	examples/legalot/past-07.mp3	legalot	Piel	past	7	אתם	גיליתם את הסוד הגדול של המשפחה?
1562	4	212	examples/legalot/past-08.mp3	legalot	Piel	past	8	אתן	גִּילִּיתֶן סוֹד מְאוֹד חָשׁוּב בְּמִפְגָּשׁ הַנָּשִׁים.
1563	4	213	examples/legalot/past-09.mp3	legalot	Piel	past	9	הם	בסוף המחקר, הם גִּילוּ את הסודות הנסתרים של היקום.
1564	4	214	examples/legalot/past-10.mp3	legalot	Piel	past	10	הן	הן גִּילוּ את המטמון המוסתר בחצר הבית.
1565	4	215	examples/legalot/present-01.mp3	legalot	Piel	present	1	אני	אני מְגַלֶּה כל יום משהו חדש על העולם.
1566	4	216	examples/legalot/present-02.mp3	legalot	Piel	present	2	אני	אני מְגַלָּה כל יום משהו חדש ומעניין.
1567	4	217	examples/legalot/present-03.mp3	legalot	Piel	present	3	אתה	אתה מגלה כל פעם משהו חדש בטיולים שלך.
1568	4	218	examples/legalot/present-04.mp3	legalot	Piel	present	4	את	אני מגלה כל יום משהו חדש בטבע.
1569	4	219	examples/legalot/present-05.mp3	legalot	Piel	present	5	הוא	הילד מגלה חרק חדש בחצר הבית.
1570	4	220	examples/legalot/present-06.mp3	legalot	Piel	present	6	היא	היא מגלה את הסודות הכמוסים ביותר של היקום.
1571	4	221	examples/legalot/present-07.mp3	legalot	Piel	present	7	אנחנו	אנחנו מְגַלִּים מקומות חדשים בעיר כל הזמן.
1572	4	222	examples/legalot/present-08.mp3	legalot	Piel	present	8	אנחנו	אנחנו מגלות את הסודות העתיקים של העיר.
1573	4	223	examples/legalot/present-09.mp3	legalot	Piel	present	9	אתם	אתם מְגַלִּים עולמות חדשים בכל יום.
1574	4	224	examples/legalot/present-10.mp3	legalot	Piel	present	10	אתן	אתן מְגַלּוֹת כל יום משהו חדש ומעניין.
1575	4	225	examples/legalot/present-11.mp3	legalot	Piel	present	11	הם	הם מְגַלִּים את האמת מאחורי הסיפור.
1576	4	226	examples/legalot/present-12.mp3	legalot	Piel	present	12	הן	הן מגלות את הסודות הכמוסים של העבר.
1577	4	227	examples/legalot/future-01.mp3	legalot	Piel	future	1	אני	אַגַלֶּה לְךָ סוֹד גָדוֹל בְּקָרוֹב.
1578	4	228	examples/legalot/future-02.mp3	legalot	Piel	future	2	אתה	אולי תגלה דברים מעניינים במהלך המסע שלך.
1579	4	229	examples/legalot/future-03.mp3	legalot	Piel	future	3	את	בקרוב תְּגַלִּי את הסודות הגדולים של העולם.
1580	4	230	examples/legalot/future-04.mp3	legalot	Piel	future	4	הוא	בַּעֲתִידוֹת יִגְלֶה מַדָּעָן אֶת הַתְּשׁוּבָה לְשָׁאלָה עַתִּיקָה.
1581	4	231	examples/legalot/future-05.mp3	legalot	Piel	future	5	היא	בקרוב תגלה את האמת על המצב.
1582	4	232	examples/legalot/future-06.mp3	legalot	Piel	future	6	אנחנו	בקרוב נְגַלֶּה את הסודות הנסתרים של היקום.
1583	4	233	examples/legalot/future-07.mp3	legalot	Piel	future	7	אתם	בטיול הבא שלכם בהרים, תגלו נוף מרהיב שטרם ראיתם.
1584	4	234	examples/legalot/future-08.mp3	legalot	Piel	future	8	אתן	אם תמשיכו לחפש, בסופו של דבר תגלו את האמת.
1585	4	235	examples/legalot/future-09.mp3	legalot	Piel	future	9	הם	הם יְגַלּוּ את הסודות הכמוסים ביותר של היקום.
1586	4	236	examples/legalot/future-10.mp3	legalot	Piel	future	10	הן	אנשים רבים יגלו את האמת בעתיד.
1587	4	237	examples/legalot/imperative-01.mp3	legalot	Piel	imperative	1	אתה	גַּלֵּה את היופי שבעולם.
1588	4	238	examples/legalot/imperative-02.mp3	legalot	Piel	imperative	2	את	גַּלִּי את הסודות הנסתרים של היקום.
1589	4	239	examples/legalot/imperative-03.mp3	legalot	Piel	imperative	3	אתם	גַּלּוּ את הסודות הנסתרים של הטבע.
1590	4	240	examples/legalot/imperative-04.mp3	legalot	Piel	imperative	4	אתן	גַּלֶּינָה עכשיו, בבקשה.
1591	4	241	examples/legalot/infinitive-01.mp3	legalot	Piel	infinitive	1		אני מקווה לגלות משהו חדש בכל יום.
1592	4	242	examples/livchor/past-01.mp3	livchor	Paal	past	1	אני	בָּחַרְתִּי לָלֶכֶת לַחוֹף בְּיום שִׁישִׁי.
1593	4	243	examples/livchor/past-02.mp3	livchor	Paal	past	2	אתה	בָּחַרְתָּ לָלֶכֶת לַחוֹף בְּיום שִׁישִׁי.
1594	4	244	examples/livchor/past-03.mp3	livchor	Paal	past	3	את	בָּחַרְתְּ לָלֶכֶת לַחוֹף אֶתְמוֹל בַּבּוֹקֶר.
1595	4	245	examples/livchor/past-04.mp3	livchor	Paal	past	4	הוא	הוא בָּחַר ללכת לים במקום לעבוד.
1596	4	246	examples/livchor/past-05.mp3	livchor	Paal	past	5	היא	הִיא בָּחֲרָה לָלֶכֶת לַבֵּית סֵפֶר הַחָדָשׁ.
1597	4	247	examples/livchor/past-06.mp3	livchor	Paal	past	6	אנחנו	בָּחַרְנוּ לִנְסוֹעַ לִירוּשָׁלַיִם מִפְּנֵי שֶׁהִיא עִיר קְדוֹשָׁה.
1598	4	248	examples/livchor/past-07.mp3	livchor	Paal	past	7	אתם	בְּחַרְתֶּם בְּדֶרֶךְ הַחַיִּים הַנְכוֹנָה.
1599	4	249	examples/livchor/past-08.mp3	livchor	Paal	past	8	אתן	בְּחַרְתֶּן לָלֶכֶת לַחוֹף הַיָּם בְּשַׁבָּת.
1600	4	250	examples/livchor/past-09.mp3	livchor	Paal	past	9	הם	הם בָּחֲרוּ לבלות את החופשה בירושלים.
1601	4	251	examples/livchor/past-10.mp3	livchor	Paal	past	10	הן	הם בָּחֲרוּ לבלות את החופשה בים המלח.
1602	4	252	examples/livchor/present-01.mp3	livchor	Paal	present	1	אני	אני בוחר בדרך הקלה יותר.
1603	4	253	examples/livchor/present-02.mp3	livchor	Paal	present	2	אני	אני בּוֹחֶרֶת את המתנה המושלמת עבור חברתי.
1604	4	254	examples/livchor/present-03.mp3	livchor	Paal	present	3	אתה	אתה בוחר את המתנה הכי יפה לחג.
1605	4	255	examples/livchor/present-04.mp3	livchor	Paal	present	4	את	היא בּוֹחֶרֶת את התמונה הכי יפה לתלות בסלון.
1606	4	256	examples/livchor/present-05.mp3	livchor	Paal	present	5	הוא	הוא בּוֹחֵר בַּמּוֹעֲדוֹן הַסְפּוֹרְט הַכִּי טוֹב.
1607	4	257	examples/livchor/present-06.mp3	livchor	Paal	present	6	היא	היא בּוֹחֶרֶת בִּגְדִים לַחֲתוּנָה.
1608	4	258	examples/livchor/present-07.mp3	livchor	Paal	present	7	אנחנו	כולם בוחרים בחיים בריאים ומאושרים.
1609	4	259	examples/livchor/present-08.mp3	livchor	Paal	present	8	אנחנו	אנחנו בוחרות את המתנה הכי יפה עבור הילדה.
1610	4	260	examples/livchor/present-09.mp3	livchor	Paal	present	9	אתם	אתם בוחרים את המנהיגים שלכם בבחירות הדמוקרטיות.
1611	4	261	examples/livchor/present-10.mp3	livchor	Paal	present	10	אתן	הַבָּנוֹת בּוֹחֲרוֹת אֵת הַשָּׂרוֹן לַחֲגִיגַת יוֹם הוּלֶדֶת.
1612	4	262	examples/livchor/present-11.mp3	livchor	Paal	present	11	הם	בּוֹחֲרִים בּוֹ בְּגִלְלוֹ שֶׁהוּא מוּכָּח וְנֶחְמָד.
1613	4	263	examples/livchor/present-12.mp3	livchor	Paal	present	12	הן	הנשים בוחרות את המנהיגות החדשות שלהן בבחירות המקדימות.
1614	4	264	examples/livchor/future-01.mp3	livchor	Paal	future	1	אני	בבוקר אֶבְחַר מה ללבוש לעבודה.
1615	4	265	examples/livchor/future-02.mp3	livchor	Paal	future	2	אתה	תִּבְחַר בְּחָכְמָה אֶת הַמַּתָּנָה הַמֻּשְׁלֶמֶת עֲבוּרָהּ.
1616	4	266	examples/livchor/future-03.mp3	livchor	Paal	future	3	את	תִּבְחֲרִי בְּחָכְמָה אֶת הַדֶּרֶךְ שֶׁלָּךְ.
1617	4	267	examples/livchor/future-04.mp3	livchor	Paal	future	4	הוא	אֱלֹקים יִבְחַר אֶת הַמֶּלֶךְ הַחָדָשׁ.
1618	4	268	examples/livchor/future-05.mp3	livchor	Paal	future	5	היא	כשתבואי לשוק, תבחרי את הפירות הכי טריים.
1619	4	269	examples/livchor/future-06.mp3	livchor	Paal	future	6	אנחנו	אנחנו נִבְחַר את המתנה הכי טובה עבורו.
1620	4	270	examples/livchor/future-07.mp3	livchor	Paal	future	7	אתם	תִּבְחֲרוּ בַּחֲיִים וְלֹא בַּמָּוֶת.
1621	4	271	examples/livchor/future-08.mp3	livchor	Paal	future	8	אתן	תִּבְחֲרוּ בדרך הצדק והיושר.
1622	4	272	examples/livchor/future-09.mp3	livchor	Paal	future	9	הם	הם יִבְחֲרוּ את הנציג שלהם בבחירות הקרובות.
1623	4	273	examples/livchor/future-10.mp3	livchor	Paal	future	10	הן	בחירות חשובות לפנינו, ואני מאמין שיִבְחֲרוּ בדרך הנכונה.
1624	4	274	examples/livchor/imperative-01.mp3	livchor	Paal	imperative	1	אתה	בְּחַר את הדרך הנכונה בצומת.
1625	4	275	examples/livchor/imperative-02.mp3	livchor	Paal	imperative	2	את	בִּחֲרִי בחוכמה את דרכך בחיים.
1626	4	276	examples/livchor/imperative-03.mp3	livchor	Paal	imperative	3	אתם	בִּחֲרוּ את הדרך הטובה ביותר עבורכם.
1627	4	277	examples/livchor/imperative-04.mp3	livchor	Paal	imperative	4	אתן	בְּחַרְנָה עכשיו, בבקשה.
1628	4	278	examples/livchor/infinitive-01.mp3	livchor	Paal	infinitive	1		הוא הלך לבחור את המתנה המושלמת.
1629	4	279	examples/la-azor/past-01.mp3	la'azor	Paal	past	1	אני	עָזַרְתִּי לוֹ לְהָרִים אֶת הַמִּשְׂאוֹת הַכְּבֵדִים.
1630	4	280	examples/la-azor/past-02.mp3	la'azor	Paal	past	2	אתה	בזמן שעברת את המבחן, עָזַרְתָּ לי להבין את החומר.
1631	4	281	examples/la-azor/past-03.mp3	la'azor	Paal	past	3	את	את עָזַרְתְּ לי מאוד בשיעורי הבית.
1632	4	282	examples/la-azor/past-04.mp3	la'azor	Paal	past	4	הוא	הוא עָזַר לי לשאת את המזוודה הכבדה.
1633	4	283	examples/la-azor/past-05.mp3	la'azor	Paal	past	5	היא	הִיא עָזְרָה לִי לְהָרִים אֶת הַמִּשְׂאָה הַכָּבֵד.
1634	4	284	examples/la-azor/past-06.mp3	la'azor	Paal	past	6	אנחנו	עָזַרְנוּ לוֹ לַסַּיֵד אֶת הַכְּלָבִים בַּפָּארְק.
1635	4	285	examples/la-azor/past-07.mp3	la'azor	Paal	past	7	אתם	תודה שעֲזַרְתֶּם לי עם ההובלה אתמול.
1636	4	286	examples/la-azor/past-08.mp3	la'azor	Paal	past	8	אתן	עֲזַרְתֶּן לוֹ לִסְגוֹר אֶת הַדֶּלֶת.
1637	4	287	examples/la-azor/past-09.mp3	la'azor	Paal	past	9	הם	כולם עָזְרוּ לו לסיים את הפרויקט בזמן.
1638	4	288	examples/la-azor/past-10.mp3	la'azor	Paal	past	10	הן	כשהגיעו לבית הספר, עָזְרוּ לילדים לרדת מהאוטובוס.
1639	4	289	examples/la-azor/present-01.mp3	la'azor	Paal	present	1	אני	אני עוֹזֵר לחבר שלי בשיעורי הבית.
1640	4	290	examples/la-azor/present-02.mp3	la'azor	Paal	present	2	אני	אני עוזרת לחבר שלי בשיעורי הבית.
1641	4	291	examples/la-azor/present-03.mp3	la'azor	Paal	present	3	אתה	אתה עוזר לי מאוד בבית הספר.
1642	4	292	examples/la-azor/present-04.mp3	la'azor	Paal	present	4	את	הָאֵם עוֹזֶרֶת לַיֶּלֶד לְהִתְלַבֵּשׁ.
1643	4	293	examples/la-azor/present-05.mp3	la'azor	Paal	present	5	הוא	הוא עוֹזֵר לַחֲבֵרוֹ בִּשְׁעַת צָרָה.
1644	4	294	examples/la-azor/present-06.mp3	la'azor	Paal	present	6	היא	היא עוֹזֶרֶת לוֹ בַּשְּׂעוּרִים.
1645	4	295	examples/la-azor/present-07.mp3	la'azor	Paal	present	7	אנחנו	אנחנו עוֹזְרִים לקשישים בשכונה.
1646	4	296	examples/la-azor/present-08.mp3	la'azor	Paal	present	8	אנחנו	אנחנו עוֹזְרוֹת לילדים בשיעורי הבית שלהם.
1647	4	297	examples/la-azor/present-09.mp3	la'azor	Paal	present	9	אתם	אתם עוזרים לי כל הזמן.
1648	4	298	examples/la-azor/present-10.mp3	la'azor	Paal	present	10	אתן	הַמּוֹרוֹת עוֹזְרוֹת לַתַּלְמִידִים בְּשִׁעוּרִים.
1649	4	299	examples/la-azor/present-11.mp3	la'azor	Paal	present	11	הם	כולם עוֹזְרִים בהכנות לחג.
1650	4	300	examples/la-azor/present-12.mp3	la'azor	Paal	present	12	הן	הן עוֹזְרוֹת לוֹ בְּכָל הַמִּשִׂים בַּבַּיִת.
1651	4	301	examples/la-azor/future-01.mp3	la'azor	Paal	future	1	אני	אֶעֱזֹר לךָ בְּכָל דָּבָר שֶׁתִּצְטָרֵךְ.
1652	4	302	examples/la-azor/future-02.mp3	la'azor	Paal	future	2	אתה	תַּעֲזֹר לי לשאת את המזוודה הזו.
1653	4	303	examples/la-azor/future-03.mp3	la'azor	Paal	future	3	את	תַּעַזְרִי לי להכין את הארוחה הערב?
1654	4	304	examples/la-azor/future-04.mp3	la'azor	Paal	future	4	הוא	הוא יַּעֲזֹר לנו בכל מה שצריך.
1655	4	305	examples/la-azor/future-05.mp3	la'azor	Paal	future	5	היא	היא תַּעֲזֹר לוֹ עם השיעורים מחר.
1656	4	306	examples/la-azor/future-06.mp3	la'azor	Paal	future	6	אנחנו	נַעֲזֹר לך בבית הספר עם שיעורי הבית.
1657	4	307	examples/la-azor/future-07.mp3	la'azor	Paal	future	7	אתם	אנא תַּעַזְרוּ לי עם הכביסה מחר.
1658	4	308	examples/la-azor/future-08.mp3	la'azor	Paal	future	8	אתן	תַּעַזְרוּ לי עם הכביסה, בבקשה.
1659	4	309	examples/la-azor/future-09.mp3	la'azor	Paal	future	9	הם	אני מקווה שחברים יַּעַזְרוּ לי בזמן הצורך.
1660	4	310	examples/la-azor/future-10.mp3	la'azor	Paal	future	10	הן	הִנֵּה, כָּל הַנָּשִׁים בַּמַּחֲנֶה תַּעֲזֹרְנָה בְּבִנְיַן הַמִּזְבֵּחַ.
1661	4	311	examples/la-azor/imperative-01.mp3	la'azor	Paal	imperative	1	אתה	עֲזֹר לי לשאת את המשא הזה.
1662	4	312	examples/la-azor/imperative-02.mp3	la'azor	Paal	imperative	2	את	עִזְרִי אותו בבית הספר.
1663	4	313	examples/la-azor/imperative-03.mp3	la'azor	Paal	imperative	3	אתם	עִזְרוּ לִי לְשָׂאת אֶת הַמִּשָּׂא הַזֶּה.
1664	4	314	examples/la-azor/imperative-04.mp3	la'azor	Paal	imperative	4	אתן	עֲזֹרְנָה עכשיו, בבקשה.
1665	4	315	examples/la-azor/infinitive-01.mp3	la'azor	Paal	infinitive	1		אנחנו כאן כדי לַעֲזוֹר לך בכל מה שתצטרך.
1666	4	316	examples/lish-ol/past-01.mp3	lish'ol	Paal	past	1	אני	שָׁאַלְתִּי אֶת הַמּוֹרֶה אִם אֶפְשָׁר לְהַשְׁאִיל אֶת הַסֵּפֶר.
1667	4	317	examples/lish-ol/past-02.mp3	lish'ol	Paal	past	2	אתה	אתמול בבוקר שָׁאַלְתָּ אותי אם יש לי זמן לשתות קפה יחד.
1668	4	318	examples/lish-ol/past-03.mp3	lish'ol	Paal	past	3	את	אמא, את שָׁאַלְתְּ את אבא אם אנחנו יכולים ללכת לחוף הים מחר?
1669	4	319	examples/lish-ol/past-04.mp3	lish'ol	Paal	past	4	הוא	הוא שָׁאַל אותה אם היא יכולה לעזור לו עם השיעורים.
1670	4	320	examples/lish-ol/past-05.mp3	lish'ol	Paal	past	5	היא	הִיא שָׁאֲלָה מַה הַזְמַן?
1671	4	321	examples/lish-ol/past-06.mp3	lish'ol	Paal	past	6	אנחנו	שָׁאַלְנוּ אוֹתוֹ אִם הוּא יוֹדֵעַ אֵיפֹה הַמַּפָּה.
1672	4	322	examples/lish-ol/past-07.mp3	lish'ol	Paal	past	7	אתם	כששאלתם אותי אם אני רוצה לבוא, אמרתי כן מיד.
1673	4	323	examples/lish-ol/past-08.mp3	lish'ol	Paal	past	8	אתן	שְׁאַלְתֶּן אותי אם אני יכול לעזור בשיעורי הבית.
1674	4	324	examples/lish-ol/past-09.mp3	lish'ol	Paal	past	9	הם	הם שָׁאָלוּ אותי אם אני יכול לעזור להם עם המטלות.
1675	4	325	examples/lish-ol/past-10.mp3	lish'ol	Paal	past	10	הן	הֵן שָׁאָלוּ אוֹתוֹ אִם יוּכַל לְהַגִּיעַ לַמֶּסִבָּה.
1676	4	326	examples/lish-ol/present-01.mp3	lish'ol	Paal	present	1	אני	אני שׁוֹאֵל את עצמי אם זה הדבר הנכון לעשות.
1677	4	327	examples/lish-ol/present-02.mp3	lish'ol	Paal	present	2	אני	אני שׁוֹאֶלֶת את עצמי מה יהיה מחר.
1678	4	328	examples/lish-ol/present-03.mp3	lish'ol	Paal	present	3	אתה	אתה שׁוֹאֵל אותי שאלות קשות מאוד.
1679	4	329	examples/lish-ol/present-04.mp3	lish'ol	Paal	present	4	את	היא שׁוֹאֶלֶת אותי למה לא באתי אתמול.
1680	4	330	examples/lish-ol/present-05.mp3	lish'ol	Paal	present	5	הוא	הוא שׁוֹאֵל אותי אם אני יכול לעזור לו עם השיעורי בית.
1681	4	331	examples/lish-ol/present-06.mp3	lish'ol	Paal	present	6	היא	הילדה שואלת את אמא שלה אם היא יכולה ללכת לשחק בחצר.
1682	4	332	examples/lish-ol/present-07.mp3	lish'ol	Paal	present	7	אנחנו	בדרך כלל, שׁוֹאֲלִים את המורה כשיש לנו שאלות.
1683	4	333	examples/lish-ol/present-08.mp3	lish'ol	Paal	present	8	אנחנו	אנחנו שׁוֹאֲלוֹת את עצמנו מה המשמעות של החיים.
1684	4	334	examples/lish-ol/present-09.mp3	lish'ol	Paal	present	9	אתם	בדרך כלל, שׁוֹאֲלִים את המורה לפני שמתחילים לעבוד.
1685	4	335	examples/lish-ol/present-10.mp3	lish'ol	Paal	present	10	אתן	הַתְּלָמִידוֹת שׁוֹאֲלוֹת אֶת הַמּוֹרָה הַרְבֵּה שְׁאֵלוֹת.
1686	4	336	examples/lish-ol/present-11.mp3	lish'ol	Paal	present	11	הם	בכל פעם שיש להם שאלה, הם שואלים את המורה.
1687	4	337	examples/lish-ol/present-12.mp3	lish'ol	Paal	present	12	הן	הנשים שואלות את עצמן מה יעשו אחרי החגים.
1688	4	338	examples/lish-ol/future-01.mp3	lish'ol	Paal	future	1	אני	אֶשְׁאַל אוֹתוֹ אִם הוּא יָכוֹל לַעֲזוֹר לִי.
1689	4	339	examples/lish-ol/future-02.mp3	lish'ol	Paal	future	2	אתה	אם תפגוש את חברך מחר, תִּשְׁאַל אותו אם הוא יכול לעזור לנו.
1690	4	340	examples/lish-ol/future-03.mp3	lish'ol	Paal	future	3	את	תִּשְׁאֲלִי את עצמך מה באמת חשוב לך.
1691	4	341	examples/lish-ol/future-04.mp3	lish'ol	Paal	future	4	הוא	הוא יִשְׁאַל את המורה אם יש שיעורי בית.
1692	4	342	examples/lish-ol/future-05.mp3	lish'ol	Paal	future	5	היא	היא תִּשְׁאַל אותו מחר על הפרויקט.
1693	4	343	examples/lish-ol/future-06.mp3	lish'ol	Paal	future	6	אנחנו	בשבוע הבא נִשְׁאַל את המורה על הפרויקט הגדול.
1694	4	344	examples/lish-ol/future-07.mp3	lish'ol	Paal	future	7	אתם	תִּשְׁאֲלוּ אֶת הַמּוֹרֶה אִם יֵשׁ שִׁעוּר בְּיום שִׁישִׁי.
1695	4	345	examples/lish-ol/future-08.mp3	lish'ol	Paal	future	8	אתן	בבוקר, כשתגיעי לעבודה, תִּשְׁאַלְנָה את הבוס שלך אם יש עוד פרוייקטים חדשים.
1696	4	346	examples/lish-ol/future-09.mp3	lish'ol	Paal	future	9	הם	יִשְׁאֲלוּ אוֹתִי מַה הַמַּעֲשֶׂה בְּשִׁעוּר הַמַּתֶּמָטִיקָה הַבָּא.
1697	4	347	examples/lish-ol/future-10.mp3	lish'ol	Paal	future	10	הן	כאשר תִּשְׁאַלְנָה הילדות את אמא שלהן, היא תספר להן את הסיפור האמיתי.
1698	4	348	examples/lish-ol/imperative-01.mp3	lish'ol	Paal	imperative	1	אתה	שְׁאַל את חברך אם הוא יכול לעזור לך.
1699	4	349	examples/lish-ol/imperative-02.mp3	lish'ol	Paal	imperative	2	את	שַׁאֲלִי את אמא שלך אם היא יכולה לעזור לנו.
1700	4	350	examples/lish-ol/imperative-03.mp3	lish'ol	Paal	imperative	3	אתם	שַׁאֲלוּ את המורה אם אפשר לצאת החוצה.
1701	4	351	examples/lish-ol/imperative-04.mp3	lish'ol	Paal	imperative	4	אתן	שְׁאַלְנָה עכשיו, בבקשה.
1702	4	352	examples/lish-ol/infinitive-01.mp3	lish'ol	Paal	infinitive	1		אני אוהב לשאול שאלות בשיעור.
1703	4	353	examples/lizkor/past-01.mp3	lizkor	Paal	past	1	אני	כשהייתי קטן, זָכַרְתִּי כל פרט מהסיפורים שסבתי סיפרה לי.
1704	4	354	examples/lizkor/past-02.mp3	lizkor	Paal	past	2	אתה	זָכַרְתָּ אֶת הַיּוֹם הַהוּא שֶׁבִּלְיַתִי עִמְּךָ בַּחוֹף?
1705	4	355	examples/lizkor/past-03.mp3	lizkor	Paal	past	3	את	זָכַרְתְּ אֶת הַיּוֹם שֶׁהָיִינוּ בַּחוֹף?
1706	4	356	examples/lizkor/past-04.mp3	lizkor	Paal	past	4	הוא	הוּא זָכַר אֶת הַיּוֹם שֶׁבּוֹ נִפְגַּשְׁנוּ לְרִאשׁוֹנָה.
1707	4	357	examples/lizkor/past-05.mp3	lizkor	Paal	past	5	היא	הִיא זָכְרָה אֶת הַיּוֹם הַמְיֻחָד הַזֶּה בְּכָל שָׁנָה.
1708	4	358	examples/lizkor/past-06.mp3	lizkor	Paal	past	6	אנחנו	זָכַרְנוּ אֶת הַיָּמִים הַטּוֹבִים שֶׁל פַּעַם.
1709	4	359	examples/lizkor/past-07.mp3	lizkor	Paal	past	7	אתם	אתם זְכַרְתֶּם את היום שבו פגשנו לראשונה?
1710	4	360	examples/lizkor/past-08.mp3	lizkor	Paal	past	8	אתן	בבקשה, זְכַרְתֶּן את היום שבו נפגשנו לראשונה?
1711	4	361	examples/lizkor/past-09.mp3	lizkor	Paal	past	9	הם	הם זָכְרוּ את היום המיוחד הזה כל חייהם.
1712	4	362	examples/lizkor/past-10.mp3	lizkor	Paal	past	10	הן	הֵם זָכְרוּ אֶת הַיָּמִים הַטּוֹבִים שֶׁל פַּעַם.
1713	4	363	examples/lizkor/present-01.mp3	lizkor	Paal	present	1	אני	אני זוֹכֵר את היום ההוא בחוף הים.
1714	4	364	examples/lizkor/present-02.mp3	lizkor	Paal	present	2	אני	אני זוכרת את היום ההוא בבירור.
1715	4	365	examples/lizkor/present-03.mp3	lizkor	Paal	present	3	אתה	אתה זוֹכֵר את היום ההוא בחוף הים?
1716	4	366	examples/lizkor/present-04.mp3	lizkor	Paal	present	4	את	הִיא זוֹכֶרֶת אֶת הַיּוֹם שֶׁבּוֹ פָּגְשׁוּ לְרִאשׁוֹנָה.
1717	4	367	examples/lizkor/present-05.mp3	lizkor	Paal	present	5	הוא	הוא זוֹכֵר את כל הפרטים הקטנים של החיים שלו.
1718	4	368	examples/lizkor/present-06.mp3	lizkor	Paal	present	6	היא	היא זוֹכֶרֶת את היום ההוא בברור.
1719	4	369	examples/lizkor/present-07.mp3	lizkor	Paal	present	7	אנחנו	אנחנו זוֹכְרִים את כל הרגעים היפים שהיו לנו יחד.
1720	4	370	examples/lizkor/present-08.mp3	lizkor	Paal	present	8	אנחנו	אנחנו זוכרות את הימים הטובים שלנו ביחד.
1721	4	371	examples/lizkor/present-09.mp3	lizkor	Paal	present	9	אתם	אתם זוכרים את היום ההוא בים?
1722	4	372	examples/lizkor/present-10.mp3	lizkor	Paal	present	10	אתן	כשאנחנו מדברות על ילדותנו, כולנו זוֹכְרוֹת את הרגעים המיוחדים.
1723	4	373	examples/lizkor/present-11.mp3	lizkor	Paal	present	11	הם	כולם זוֹכְרִים את היום ההוא בברור.
1724	4	374	examples/lizkor/present-12.mp3	lizkor	Paal	present	12	הן	הנשים זוֹכְרוֹת את הימים הטובים של פעם.
1725	4	375	examples/lizkor/future-01.mp3	lizkor	Paal	future	1	אני	אֶזְכּוֹר תמיד את היום הזה.
1726	4	376	examples/lizkor/future-02.mp3	lizkor	Paal	future	2	אתה	תזכור לקנות חלב בדרך הביתה?
1727	4	377	examples/lizkor/future-03.mp3	lizkor	Paal	future	3	את	תזכרי לקנות חלב בדרך הביתה.
1728	4	378	examples/lizkor/future-04.mp3	lizkor	Paal	future	4	הוא	אני בטוח שהוא יִזְכּוֹר את היום הזה.
1729	4	379	examples/lizkor/future-05.mp3	lizkor	Paal	future	5	היא	תִּזְכּוֹר לקנות חלב כשתלך לסופר.
1730	4	380	examples/lizkor/future-06.mp3	lizkor	Paal	future	6	אנחנו	נִזְכּוֹר את היום הזה לנצח.
1731	4	381	examples/lizkor/future-07.mp3	lizkor	Paal	future	7	אתם	תִּזְכְּרוּ לקחת את הפתקים לפני שתצאו מהבית.
1732	4	382	examples/lizkor/future-08.mp3	lizkor	Paal	future	8	אתן	תִּזְכֹּרְנָה את היום הזה כל חייהן.
1733	4	383	examples/lizkor/future-09.mp3	lizkor	Paal	future	9	הם	ביום השואה, יזכרו את כל הקרבנות.
1734	4	384	examples/lizkor/future-10.mp3	lizkor	Paal	future	10	הן	הן תזכרנה את היום הזה כל חייהן.
1735	4	385	examples/lizkor/imperative-01.mp3	lizkor	Paal	imperative	1	אתה	זְכֹר את היום הזה וכל מה שקרה בו.
1736	4	386	examples/lizkor/imperative-02.mp3	lizkor	Paal	imperative	2	את	זִכְרִי את היום הזה, הוא חשוב מאוד.
1737	4	387	examples/lizkor/imperative-03.mp3	lizkor	Paal	imperative	3	אתם	זִכְרוּ את היום הזה, הוא יום חשוב בחיינו.
1738	4	388	examples/lizkor/imperative-04.mp3	lizkor	Paal	imperative	4	אתן	זְכֹרְנָה עכשיו, בבקשה.
1739	4	389	examples/lizkor/infinitive-01.mp3	lizkor	Paal	infinitive	1		חשוב לזכור את הדברים החשובים בחיים.
1740	4	390	examples/liknot/past-01.mp3	liknot	Paal	past	1	אני	קָנִיתִי בַּיִת חָדָשׁ בִּירוּשָׁלַיִם.
1741	4	391	examples/liknot/past-02.mp3	liknot	Paal	past	2	אתה	אבא, קָנִיתָ לי מתנה לחג?
1742	4	392	examples/liknot/past-03.mp3	liknot	Paal	past	3	את	אתמול קָנִית לי חולצה חדשה.
1743	4	393	examples/liknot/past-04.mp3	liknot	Paal	past	4	הוא	הוּא קָנָה אֶת הַמַּתָּנָה בַּחֲנוּת הַמַּתָּנוֹת.
1744	4	394	examples/liknot/past-05.mp3	liknot	Paal	past	5	היא	הִיא קָנְתָה אֶת הַשִּׂמְלָה הַחֲדָשָׁה בְּחֲנוּת הַבְּגָדִים.
1745	4	395	examples/liknot/past-06.mp3	liknot	Paal	past	6	אנחנו	קָנִינוּ בַּיִת חָדָשׁ בְּשָׁכוּן הַיָּפָה.
1746	4	396	examples/liknot/past-07.mp3	liknot	Paal	past	7	אתם	אתם קניתם את המתנה הזו בחנות הזו?
1747	4	397	examples/liknot/past-08.mp3	liknot	Paal	past	8	אתן	בִּשְׁבִיל הַמִּסִיבָה, קְנִיתֶן עוֹגוֹת וּמִשְׁקָאוֹת.
1748	4	398	examples/liknot/past-09.mp3	liknot	Paal	past	9	הם	הם קָנוּ את כל הבגדים בחנות.
1749	4	399	examples/liknot/past-10.mp3	liknot	Paal	past	10	הן	הם קָנוּ את המתנה בחנות הצעצועים.
1750	4	400	examples/liknot/present-01.mp3	liknot	Paal	present	1	אני	אני קוֹנֶה לחם בחנות המקומית כל יום.
1751	4	401	examples/liknot/present-02.mp3	liknot	Paal	present	2	אני	אני קונה לחם בחנות המקומית.
1752	4	402	examples/liknot/present-03.mp3	liknot	Paal	present	3	אתה	אתה קונה מתנות לחג?
1753	4	403	examples/liknot/present-04.mp3	liknot	Paal	present	4	את	היא קוֹנָה בגדים חדשים לקראת החורף.
1754	4	404	examples/liknot/present-05.mp3	liknot	Paal	present	5	הוא	הוא קוֹנֶה מזון בשוק.
1755	4	405	examples/liknot/present-06.mp3	liknot	Paal	present	6	היא	הִיא קוֹנָה לַחְמִים לַמִּשְׁפָּחָה.
1756	4	406	examples/liknot/present-07.mp3	liknot	Paal	present	7	אנחנו	אנחנו קונים מתנות לחג.
1757	4	407	examples/liknot/present-08.mp3	liknot	Paal	present	8	אנחנו	אנחנו קונות מתנות לחג.
1758	4	408	examples/liknot/present-09.mp3	liknot	Paal	present	9	אתם	אתם קונים ביצים בסופרמרקט?
1759	4	409	examples/liknot/present-10.mp3	liknot	Paal	present	10	אתן	הן קונות מוצרים אורגניים בשוק.
1760	4	410	examples/liknot/present-11.mp3	liknot	Paal	present	11	הם	הם קונים בגדים חדשים לקראת החורף.
1761	4	411	examples/liknot/present-12.mp3	liknot	Paal	present	12	הן	הנשים בחנות קונות מתנות ליום ההולדת שלי.
1762	4	412	examples/liknot/future-01.mp3	liknot	Paal	future	1	אני	ביום שישי אֶקְנֶה מצרכים בשוק.
1763	4	413	examples/liknot/future-02.mp3	liknot	Paal	future	2	אתה	תִּקְנֶה מָחָר בּוֹקֶר בַּשּׁוּק פֵּרוֹת וִירָקוֹת.
1764	4	414	examples/liknot/future-03.mp3	liknot	Paal	future	3	את	אם תִּקְנִי את המוצר הזה, אני בטוח שתהיי מרוצה.
1765	4	415	examples/liknot/future-04.mp3	liknot	Paal	future	4	הוא	הוא יִקְנֶה את המתנה מחר.
1766	4	416	examples/liknot/future-05.mp3	liknot	Paal	future	5	היא	היא תִּקְנֶה מחר את המתנה שהבטיחה.
1767	4	417	examples/liknot/future-06.mp3	liknot	Paal	future	6	אנחנו	אנחנו נִקְנֶה מחר את כל הדברים הדרושים לחג.
1768	4	418	examples/liknot/future-07.mp3	liknot	Paal	future	7	אתם	בבקשה, תִּקְנוּ לי את הלחם הזה בדרך הביתה.
1769	4	419	examples/liknot/future-08.mp3	liknot	Paal	future	8	אתן	אֲנַחְנוּ תִּקְנֶינָה לוֹ מַתָּנָה לְיוֹם הוּלֶדֶת.
1770	4	420	examples/liknot/future-09.mp3	liknot	Paal	future	9	הם	הם יִקְנוּ בית חדש בשנה הבאה.
1771	4	421	examples/liknot/future-10.mp3	liknot	Paal	future	10	הן	הן תִּקְנֶינָה את המתנות לחג.
1772	4	422	examples/liknot/imperative-01.mp3	liknot	Paal	imperative	1	אתה	קְנֵה לי כרטיס לקולנוע בבקשה.
1773	4	423	examples/liknot/imperative-02.mp3	liknot	Paal	imperative	2	את	קְנִי לָנוּ חֲלֵב בַּמַּרְקָט.
1774	4	424	examples/liknot/imperative-03.mp3	liknot	Paal	imperative	3	אתם	קְנוּ לוֹ מַתָּנָה לְיוֹם הוּלֶדֶת.
1775	4	425	examples/liknot/imperative-04.mp3	liknot	Paal	imperative	4	אתן	קְנֶינָה עכשיו, בבקשה.
1776	4	426	examples/liknot/infinitive-01.mp3	liknot	Paal	infinitive	1		אנחנו מתכננים לִקְנוֹת מכונית חדשה בשנה הבאה.
1777	4	427	examples/liftoach/past-01.mp3	liftoach	Paal	past	1	אני	פָּתַחְתִּי את החלון כדי להכניס קצת אוויר צח.
1778	4	428	examples/liftoach/past-02.mp3	liftoach	Paal	past	2	אתה	פָּתַחְתָּ את החלון לפני שהתחלנו לאכול.
1779	4	429	examples/liftoach/past-03.mp3	liftoach	Paal	past	3	את	פָּתַחְתְּ אֶת הַחֶלוֹן וְהַבַּיִת מִיָּד התמלא באוויר צח.
1780	4	430	examples/liftoach/past-04.mp3	liftoach	Paal	past	4	הוא	הוּא פָּתַח אֶת הַדֶּלֶת וְהִכְנִיס אוֹתִי פְּנִימָה.
1781	4	431	examples/liftoach/past-05.mp3	liftoach	Paal	past	5	היא	הִיא פָּתְחָה אֶת הַדֶּלֶת בְּשֶׁקֶט כְּדֵי לֹא לְהַעִיר אֶת הַיְלָדִים.
1782	4	432	examples/liftoach/past-06.mp3	liftoach	Paal	past	6	אנחנו	פָּתַחְנוּ אֶת הַדֶּלֶת וְנִכְנַסְנוּ לַבַּיִת.
1783	4	433	examples/liftoach/past-07.mp3	liftoach	Paal	past	7	אתם	אתם פתחתם את הדלת בשבילי בבוקר.
1784	4	434	examples/liftoach/past-08.mp3	liftoach	Paal	past	8	אתן	פתחתן את הדלת כדי לשחרר את הכלבים.
1785	4	435	examples/liftoach/past-09.mp3	liftoach	Paal	past	9	הם	פָּתְחוּ את הדלת בזהירות כדי לא להעיר את הילדים.
1786	4	436	examples/liftoach/past-10.mp3	liftoach	Paal	past	10	הן	הן פָּתְחוּ את הדלת ונכנסו פנימה.
1787	4	437	examples/liftoach/present-01.mp3	liftoach	Paal	present	1	אני	אני פּוֹתֵחַ את החלון כדי להכניס אוויר צח.
1788	4	438	examples/liftoach/present-02.mp3	liftoach	Paal	present	2	אני	הילדה פותחת את הדלת בזהירות.
1789	4	439	examples/liftoach/present-03.mp3	liftoach	Paal	present	3	אתה	אתה פותח את הדלת בכל פעם שאני מבקש.
1790	4	440	examples/liftoach/present-04.mp3	liftoach	Paal	present	4	את	היא פותחת את הדלת בכל בוקר.
1791	4	441	examples/liftoach/present-05.mp3	liftoach	Paal	present	5	הוא	הוא פּוֹתֵחַ את הדלת בכל בוקר.
1792	4	442	examples/liftoach/present-06.mp3	liftoach	Paal	present	6	היא	היא פותחת את הדלת בכל בוקר.
1793	4	443	examples/liftoach/present-07.mp3	liftoach	Paal	present	7	אנחנו	אנחנו פותחים את הדלת בכל בוקר כדי לאוורר את הבית.
1794	4	444	examples/liftoach/present-08.mp3	liftoach	Paal	present	8	אנחנו	אנחנו פּוֹתְחוֹת את הדלתות לבית החדש שלנו.
1795	4	445	examples/liftoach/present-09.mp3	liftoach	Paal	present	9	אתם	אתם פּוֹתְחִים את הדלת בכל בוקר כדי להכניס אור לבית.
1796	4	446	examples/liftoach/present-10.mp3	liftoach	Paal	present	10	אתן	הפקידות פותחות את המשרד בבוקר.
1797	4	447	examples/liftoach/present-11.mp3	liftoach	Paal	present	11	הם	בבית הספר פותחים את היום בשירה.
1798	4	448	examples/liftoach/present-12.mp3	liftoach	Paal	present	12	הן	הן פותחות את הדלתות בבוקר.
1799	4	449	examples/liftoach/future-01.mp3	liftoach	Paal	future	1	אני	מחר בבוקר אֶפְתַּח את החלון להכניס אוויר צח.
1800	4	450	examples/liftoach/future-02.mp3	liftoach	Paal	future	2	אתה	תִּפְתַּח את הדלת כשאני אגיע הביתה?
1801	5	1	examples/liftoach/future-03.mp3	liftoach	Paal	future	3	את	בבקשה תִּפְתְּחִי את הדלת כדי שאוכל להיכנס.
1802	5	2	examples/liftoach/future-04.mp3	liftoach	Paal	future	4	הוא	הוא יִפְתַּח את הדלת מחר בבוקר.
1803	5	3	examples/liftoach/future-05.mp3	liftoach	Paal	future	5	היא	תִּפְתַּח את הדלת כדי לצאת החוצה.
1804	5	4	examples/liftoach/future-06.mp3	liftoach	Paal	future	6	אנחנו	נִפְתַּח את החלונות כדי שהאוויר הצח ייכנס.
1805	5	5	examples/liftoach/future-07.mp3	liftoach	Paal	future	7	אתם	תִּפְתְּחוּ את הדלת כשאני אומר לכם.
1806	5	6	examples/liftoach/future-08.mp3	liftoach	Paal	future	8	אתן	הַדְּלָתוֹת תִּפְתַּחְנָה בְּעוֹד שָׁעָה.
1807	5	7	examples/liftoach/future-09.mp3	liftoach	Paal	future	9	הם	הם יִפְתְּחוּ את הדלת כדי להכניס אוויר.
1808	5	8	examples/liftoach/future-10.mp3	liftoach	Paal	future	10	הן	הדלתות תִּפְתַּחְנָה מחר בבוקר.
1809	5	9	examples/liftoach/imperative-01.mp3	liftoach	Paal	imperative	1	אתה	פְּתַח את החלון, בבקשה.
1810	5	10	examples/liftoach/imperative-02.mp3	liftoach	Paal	imperative	2	את	פִּתְחִי את הדלת, בבקשה.
1811	5	11	examples/liftoach/imperative-03.mp3	liftoach	Paal	imperative	3	אתם	פִּתְחוּ את הדלת, בבקשה.
1812	5	12	examples/liftoach/imperative-04.mp3	liftoach	Paal	imperative	4	אתן	פְּתַחְנָה עכשיו, בבקשה.
1813	5	13	examples/liftoach/infinitive-01.mp3	liftoach	Paal	infinitive	1		אני רוצה לִפְתּוֹחַ את החלון כדי להכניס קצת אוויר.
1814	5	14	examples/lesaper/past-01.mp3	lesaper	Piel	past	1	אני	סִפַּרְתִּי לוֹ עַל הַמַּסָּע שֶׁלִי לְאֵירוֹפָּה.
1815	5	15	examples/lesaper/past-02.mp3	lesaper	Piel	past	2	אתה	אַתָּה סִפַּרְתָּ לִי אֶת הַסִּפּוּר הַזֶּה כְּבָר?
1816	5	16	examples/lesaper/past-03.mp3	lesaper	Piel	past	3	את	אַתְּ סִפַּרְתְּ לִי אֶת הַסִּפּוּר הַכִּי מְעַנְיֵן שֶׁשָּׁמַעְתִּי מֵעוֹלָם.
1817	5	17	examples/lesaper/past-04.mp3	lesaper	Piel	past	4	הוא	הוא סִפֵּר לי סיפור מרתק על מסעותיו בעולם.
1818	5	18	examples/lesaper/past-05.mp3	lesaper	Piel	past	5	היא	הִיא סִפְּרָה לִי אֶת הַסּוֹד הַגָּדוֹל.
1819	5	19	examples/lesaper/past-06.mp3	lesaper	Piel	past	6	אנחנו	סִפַּרְנוּ לוֹ עַל הַהַרְפַּתְקָה שֶׁלָּנוּ בַּמִּדְבָּר.
1820	5	20	examples/lesaper/past-07.mp3	lesaper	Piel	past	7	אתם	סִפַּרְתֶּם לִי אֶת הַסִּפּוּר הַכִּי מְעַנְיֵן שֶׁשָּׁמַעְתִּי בְּחַיַי.
1821	5	21	examples/lesaper/past-08.mp3	lesaper	Piel	past	8	אתן	הִיא סִפַּרְתֶּן לִי עַל הַמַּסָּע אֶל הַחוֹף.
1822	5	22	examples/lesaper/past-09.mp3	lesaper	Piel	past	9	הם	הם סִפְּרוּ לי על ההרפתקה המופלאה שלהם.
1823	5	23	examples/lesaper/past-10.mp3	lesaper	Piel	past	10	הן	הן סִפְּרוּ לי את הסיפור המרגש הזה.
1824	5	24	examples/lesaper/present-01.mp3	lesaper	Piel	present	1	אני	אני מספר לך סיפור מרתק על מסעותיי בעולם.
1825	5	25	examples/lesaper/present-02.mp3	lesaper	Piel	present	2	אני	אני מְסַפֶּרֶת לך סיפור מרתק על הילדות שלי.
1826	5	26	examples/lesaper/present-03.mp3	lesaper	Piel	present	3	אתה	אתה מספר את הסיפור הזה כל כך טוב.
1827	5	27	examples/lesaper/present-04.mp3	lesaper	Piel	present	4	את	היא מספרת לי סיפור מרתק על חוויותיה בנסיעה.
1828	5	28	examples/lesaper/present-05.mp3	lesaper	Piel	present	5	הוא	הוא מְסַפֵּר לי סיפור מרתק.
1829	5	29	examples/lesaper/present-06.mp3	lesaper	Piel	present	6	היא	הילדה מְסַפֶּרֶת לי על חוויותיה בבית הספר.
1830	5	30	examples/lesaper/present-07.mp3	lesaper	Piel	present	7	אנחנו	אנחנו מספרים לו את הסיפור המרתק הזה.
1831	5	31	examples/lesaper/present-08.mp3	lesaper	Piel	present	8	אנחנו	אנחנו מספרות לילדים סיפורים לפני השינה.
1832	5	32	examples/lesaper/present-09.mp3	lesaper	Piel	present	9	אתם	אתם מספרים לי את הסיפור הכי מעניין ששמעתי השנה.
1833	5	33	examples/lesaper/present-10.mp3	lesaper	Piel	present	10	אתן	הַנָּשִׁים מְסַפְּרוֹת סִפּוּרִים מְרַתְקִים.
1834	5	34	examples/lesaper/present-11.mp3	lesaper	Piel	present	11	הם	הם מספרים סיפורים מרתקים מכל מיני מקומות בעולם.
1835	5	35	examples/lesaper/present-12.mp3	lesaper	Piel	present	12	הן	הן מְסַפְּרוֹת סיפורים מרתקים בכל פעם שאנחנו נפגשים.
1836	5	36	examples/lesaper/future-01.mp3	lesaper	Piel	future	1	אני	אֲסַפֵּר לְךָ מָה שֶׁקָּרָה בְּבֵית הַסֵּפֶר הַיּוֹם.
1837	5	37	examples/lesaper/future-02.mp3	lesaper	Piel	future	2	אתה	מתי אתה תספר לי את הסיפור הזה?
1838	5	38	examples/lesaper/future-03.mp3	lesaper	Piel	future	3	את	אז תְּסַפְּרִי לי על היום שלך?
1839	5	39	examples/lesaper/future-04.mp3	lesaper	Piel	future	4	הוא	הוא יְסַפֵּר לנו את הסיפור מחר.
1840	5	40	examples/lesaper/future-05.mp3	lesaper	Piel	future	5	היא	היא תספר לנו את הסיפור מחר בערב.
1841	5	41	examples/lesaper/future-06.mp3	lesaper	Piel	future	6	אנחנו	נְסַפֵּר לְךָ סִפּוּר מְעֲנֵיֵן מֵאוֹד.
1842	5	42	examples/lesaper/future-07.mp3	lesaper	Piel	future	7	אתם	תְּסַפְּרוּ לִי מָה קָרָה בַּשִּׁעוּר?
1843	5	43	examples/lesaper/future-08.mp3	lesaper	Piel	future	8	אתן	בַּבֹּקֶר תְּסַפְּרוּ לִי אֶת כָּל הַפְּרָטִים.
1844	5	44	examples/lesaper/future-09.mp3	lesaper	Piel	future	9	הם	הם יספרו את הסיפור בפעם הבאה.
1845	5	45	examples/lesaper/future-10.mp3	lesaper	Piel	future	10	הן	הם יְסַפְּרוּ לנו את הסיפור כשהם יחזרו מהמסע.
1846	5	46	examples/lesaper/imperative-01.mp3	lesaper	Piel	imperative	1	אתה	סַפֵּר לי את הסיפור המעניין ששמעת אתמול.
1847	5	47	examples/lesaper/imperative-02.mp3	lesaper	Piel	imperative	2	את	סַפְּרִי לי את הסיפור המרתק הזה ששמעת ברדיו.
1848	5	48	examples/lesaper/imperative-03.mp3	lesaper	Piel	imperative	3	אתם	סַפְּרוּ לִי עַל הַמַּסָּע שֶׁלָּכֶם.
1849	5	49	examples/lesaper/imperative-04.mp3	lesaper	Piel	imperative	4	אתן	סַפֵּרְנָה עכשיו, בבקשה.
1850	5	50	examples/lesaper/infinitive-01.mp3	lesaper	Piel	infinitive	1		אני רוצה לספר לך סיפור מרתק.
1851	5	51	examples/ledamot/past-01.mp3	ledamot	Piel	past	1	אני	בלילה שעבר דִּמִּיתִי שאני מטייל בחלל.
1852	5	52	examples/ledamot/past-02.mp3	ledamot	Piel	past	2	אתה	דִּמִּיתָ שֶׁאֲנִי יְכוֹלָה לִקְרוֹא אֶת מַחֲשָׁבוֹתֶיךָ?
1853	5	53	examples/ledamot/past-03.mp3	ledamot	Piel	past	3	את	כשהייתי ילד, דמיתי לעצמי שיש לי כוחות על.
1854	5	54	examples/ledamot/past-04.mp3	ledamot	Piel	past	4	הוא	הוא דִּמָּה את עצמו כמנהיג גדול.
1855	5	55	examples/ledamot/past-05.mp3	ledamot	Piel	past	5	היא	הִיא דִּמְּתָה שֶׁהוּא יָבוֹא אֶל הַמִּסִבָּה.
1856	5	56	examples/ledamot/past-06.mp3	ledamot	Piel	past	6	אנחנו	בילדותנו דִּמִּינוּ שנטוס לחלל.
1857	5	57	examples/ledamot/past-07.mp3	ledamot	Piel	past	7	אתם	דִּמִּיתֶם שֶׁאֲנִי יְכוֹל לִנְגּוֹן אֶת כָּל הַשִּׁירִים בַּמּוֹפָע?
1858	5	58	examples/ledamot/past-08.mp3	ledamot	Piel	past	8	אתן	כשהייתן ילדות, דִּמִּיתֶן שאתן יכולות לעוף.
1859	5	59	examples/ledamot/past-09.mp3	ledamot	Piel	past	9	הם	הם דִּמּוּ את עצמם כגיבורי על.
1860	5	60	examples/ledamot/past-10.mp3	ledamot	Piel	past	10	הן	הן דִּמּוּ לעצמן כיצד הייתה חייהן אילו היו נולדות במאה אחרת.
1861	5	61	examples/ledamot/present-01.mp3	ledamot	Piel	present	1	אני	אני מְדַמֶּה אותך כאן איתי בחדר.
1862	5	62	examples/ledamot/present-02.mp3	ledamot	Piel	present	2	אני	אני מדמה לעצמי עולם ללא מלחמות.
1863	5	63	examples/ledamot/present-03.mp3	ledamot	Piel	present	3	אתה	אתה מדמה שאתה מטייל בחלל.
1864	5	64	examples/ledamot/present-04.mp3	ledamot	Piel	present	4	את	מה את מדמה שיקרה בסוף הסיפור?
1865	5	65	examples/ledamot/present-05.mp3	ledamot	Piel	present	5	הוא	הוא מְדַמֶּה שהוא נמצא על חוף הים.
1866	5	66	examples/ledamot/present-06.mp3	ledamot	Piel	present	6	היא	היא מדמה לעצמה חיים אחרים.
1867	5	67	examples/ledamot/present-07.mp3	ledamot	Piel	present	7	אנחנו	אנחנו מְדַמִּים לעצמנו איך זה יהיה לחיות בחלל.
1868	5	68	examples/ledamot/present-08.mp3	ledamot	Piel	present	8	אנחנו	אנחנו מְדַמּוֹת לעצמנו איך ייראה החיים בעתיד.
1869	5	69	examples/ledamot/present-09.mp3	ledamot	Piel	present	9	אתם	אתם מדמים לעצמכם איך זה ייראה כשנגיע לשם?
1870	5	70	examples/ledamot/present-10.mp3	ledamot	Piel	present	10	אתן	אַתֶּם מְדַמּוֹת עוֹלָם שֶׁבּוֹ כָּל הַדְּבָרִים אֲפָשָׁרִים.
1871	5	71	examples/ledamot/present-11.mp3	ledamot	Piel	present	11	הם	הם מדמים עולמות חדשים ומרגשים.
1872	5	72	examples/ledamot/present-12.mp3	ledamot	Piel	present	12	הן	הן מְדַמּוֹת לעצמן חיים אחרים בזמן שהן מסתכלות על הכוכבים.
1873	5	73	examples/ledamot/future-01.mp3	ledamot	Piel	future	1	אני	אֲדַמֶּה אֶת עַצְמִי בַּחוֹף הַיָּם בְּקַיִץ.
1874	5	74	examples/ledamot/future-02.mp3	ledamot	Piel	future	2	אתה	תְּדַמֶּה איך היינו חיים בלי חשמל?
1875	5	75	examples/ledamot/future-03.mp3	ledamot	Piel	future	3	את	תְּדַמִּי לְעַצְמָהּ כְּמוֹ מַלְכָּה בְּתוֹךְ בֵּיתָהּ.
1876	5	76	examples/ledamot/future-04.mp3	ledamot	Piel	future	4	הוא	כְּשֶׁיִּשְׁמַע אֶת הַסִּפּוּר, יְדַמֶּה אוֹתוֹ בְּרֹאשׁוֹ.
1877	5	77	examples/ledamot/future-05.mp3	ledamot	Piel	future	5	היא	היא תדמה את עצמה בבגדים חדשים.
1878	5	78	examples/ledamot/future-06.mp3	ledamot	Piel	future	6	אנחנו	נְדַמֶּה שֶׁאֲנַחְנוּ יְכוֹלִים לִרְאוֹת אֶת הַמַּעֲרָבוֹת מִכָּאן.
1879	5	79	examples/ledamot/future-07.mp3	ledamot	Piel	future	7	אתם	תְּדַמּוּ איך נראה העתיד.
1880	5	80	examples/ledamot/future-08.mp3	ledamot	Piel	future	8	אתן	תְּדַמֶּינָה אֶת הַחוֹף הַזֶּה בְּשִׁנַּת שָׁנָה.
1881	5	81	examples/ledamot/future-09.mp3	ledamot	Piel	future	9	הם	"הם יְדַמּוּ לעצמם בחופשת חלומות בחו""ל."
1882	5	82	examples/ledamot/future-10.mp3	ledamot	Piel	future	10	הן	תְּדַמֶּינָה הַנָּשִׁים אֶת הָעוֹלָם לְלֹא קְשָׁיִים.
1883	5	83	examples/ledamot/imperative-01.mp3	ledamot	Piel	imperative	1	אתה	דַּמֵּה לך שהיית פה בחורף.
1884	5	84	examples/ledamot/imperative-02.mp3	ledamot	Piel	imperative	2	את	דַּמִּי את עצמך בחופשה בקריביים.
1885	5	85	examples/ledamot/imperative-03.mp3	ledamot	Piel	imperative	3	אתם	דַּמּוּ את הבית המושלם.
1886	5	86	examples/ledamot/imperative-04.mp3	ledamot	Piel	imperative	4	אתן	דַּמֶּינָה עכשיו, בבקשה.
1887	5	87	examples/ledamot/infinitive-01.mp3	ledamot	Piel	infinitive	1		כאשר הייתי ילד, אהבתי לדמות לעצמי שהייתי גיבור על.
1888	5	88	examples/lehachin/past-01.mp3	lehachin	Hifil	past	1	אני	הֵכַנְתִּי אֲרוּחָה טְעִימָה לַמִּשְׁפָּחָה.
1889	5	89	examples/lehachin/past-02.mp3	lehachin	Hifil	past	2	אתה	הֵכַנְתָּ אֲרוּחָה טְעִימָה מְאוֹד לְשַׁבָּת.
1890	5	90	examples/lehachin/past-03.mp3	lehachin	Hifil	past	3	את	הֵכַנְתְּ אֲרוּחָה מְעוּלָה לְכָל הַמִשְפָּחָה.
1891	5	91	examples/lehachin/past-04.mp3	lehachin	Hifil	past	4	הוא	הֵכִין את המזון לשבת.
1892	5	92	examples/lehachin/past-05.mp3	lehachin	Hifil	past	5	היא	הֵכִינָה לוֹ אֲרוּחָה חֲמָה וְטָעִימָה.
1893	5	93	examples/lehachin/past-06.mp3	lehachin	Hifil	past	6	אנחנו	הֵכַנּוּ ארוחת ערב טעימה לכל המשפחה.
1894	5	94	examples/lehachin/past-07.mp3	lehachin	Hifil	past	7	אתם	הֲכַנְתֶּם ארוחת ערב לפני שהלכתם לישון?
1895	5	95	examples/lehachin/past-08.mp3	lehachin	Hifil	past	8	אתן	הֲכַנְתֶּן ארוחת ערב מדהימה לכולנו.
1896	5	96	examples/lehachin/past-09.mp3	lehachin	Hifil	past	9	הם	הֵכִינוּ אֲרוּחָה מְשׁוּבָּחַת לְכָל הַמִּשְׁפָּחָה.
1897	5	97	examples/lehachin/past-10.mp3	lehachin	Hifil	past	10	הן	הֵכִינוּ ארוחה מפוארת לכבוד החג.
1898	5	98	examples/lehachin/present-01.mp3	lehachin	Hifil	present	1	אני	אני מֵכִין ארוחת ערב לכל המשפחה.
1899	5	99	examples/lehachin/present-02.mp3	lehachin	Hifil	present	2	אני	אני מְכִינָה ארוחת ערב לכל המשפחה.
1900	5	100	examples/lehachin/present-03.mp3	lehachin	Hifil	present	3	אתה	אתה מֵכִין את הארוחה לחג?
1901	5	101	examples/lehachin/present-04.mp3	lehachin	Hifil	present	4	את	היא מכינה לנו ארוחת ערב מיוחדת.
1902	5	102	examples/lehachin/present-05.mp3	lehachin	Hifil	present	5	הוא	הוא מֵכִין ארוחת ערב לכל המשפחה.
1903	5	103	examples/lehachin/present-06.mp3	lehachin	Hifil	present	6	היא	היא מְכִינָה לנו ארוחת בוקר טעימה בכל בוקר.
1904	5	104	examples/lehachin/present-07.mp3	lehachin	Hifil	present	7	אנחנו	אנחנו מְכִינִים ארוחת ערב טעימה עם כל המשפחה.
1905	5	105	examples/lehachin/present-08.mp3	lehachin	Hifil	present	8	אנחנו	אנחנו מכינות את האוכל לחגיגה.
1906	5	106	examples/lehachin/present-09.mp3	lehachin	Hifil	present	9	אתם	אתם מכינים ארוחת ערב טעימה.
1907	5	107	examples/lehachin/present-10.mp3	lehachin	Hifil	present	10	אתן	אַתֶּם מְכִינוֹת אֲרוּחָה טְעִימָה לַמִּשְׁפָּחָה?
1908	5	108	examples/lehachin/present-11.mp3	lehachin	Hifil	present	11	הם	הם מְכִינִים ארוחת ערב מפוארת לכל המשפחה.
1909	5	109	examples/lehachin/present-12.mp3	lehachin	Hifil	present	12	הן	הן מְכִינוֹת ארוחת ערב טעימה.
1910	5	110	examples/lehachin/future-01.mp3	lehachin	Hifil	future	1	אני	בּוֹקֶר אָכִין לְךָ אֲרוּחַת בּוֹקֶר טָעִימָה.
1911	5	111	examples/lehachin/future-02.mp3	lehachin	Hifil	future	2	אתה	אתה תָּכִין את הארוחה הערב?
1912	5	112	examples/lehachin/future-03.mp3	lehachin	Hifil	future	3	את	תָּכִינִי אֶת הַסַּלָט לְאָרוּחַת הָעֶרֶב.
1913	5	113	examples/lehachin/future-04.mp3	lehachin	Hifil	future	4	הוא	הוּא יָכִין אֶת הַסֵּעוּדָה לְכָל הַמִּשְׁפָּחָה.
1914	5	114	examples/lehachin/future-05.mp3	lehachin	Hifil	future	5	היא	היא תָּכִין לנו ארוחת ערב מיוחדת.
1915	5	115	examples/lehachin/future-06.mp3	lehachin	Hifil	future	6	אנחנו	אנחנו נָכִין ארוחת ערב לכל המשפחה.
1916	5	116	examples/lehachin/future-07.mp3	lehachin	Hifil	future	7	אתם	תָּכִינוּ את כל החומרים מראש לפני שנתחיל לבשל.
1917	5	117	examples/lehachin/future-08.mp3	lehachin	Hifil	future	8	אתן	תְּכִנֶּינָה אֵת הַמַּאֲכָלִים לַחֲגִיגַת הַיּוֹם.
1918	5	118	examples/lehachin/future-09.mp3	lehachin	Hifil	future	9	הם	הם יָכִינוּ את כל המתכונים לחג.
1919	5	119	examples/lehachin/future-10.mp3	lehachin	Hifil	future	10	הן	הֵן תְּכִנֶּינָה אֲרוּחָה מְשׁוּבָּחַת לְכָל הַמִּשְׁפָּחָה.
1920	5	120	examples/lehachin/imperative-01.mp3	lehachin	Hifil	imperative	1	אתה	הָכֵן את הבגדים שלך לטיול מחר.
1921	5	121	examples/lehachin/imperative-02.mp3	lehachin	Hifil	imperative	2	את	הֲכִינִי ארוחת ערב מיוחדת למשפחה.
1922	5	122	examples/lehachin/imperative-03.mp3	lehachin	Hifil	imperative	3	אתם	הָכִינוּ אֶת הַיְּלָדִים לְבֵית הַסֵּפֶר.
1923	5	123	examples/lehachin/imperative-04.mp3	lehachin	Hifil	imperative	4	אתן	הֲכֵנָּה עכשיו, בבקשה.
1924	5	124	examples/lehachin/infinitive-01.mp3	lehachin	Hifil	infinitive	1		אנחנו צריכים לְהָכִין את המזון לפני שהאורחים מגיעים.
1925	5	125	examples/lehamtsia/past-01.mp3	lehamtsia	Hifil	past	1	אני	הִמְצֵאתִי מַכְשִׁיר חָדָשׁ שֶׁיָּכוֹל לְשַׁנּוֹת אֶת הָעוֹלָם.
1926	5	126	examples/lehamtsia/past-02.mp3	lehamtsia	Hifil	past	2	אתה	הִמְצֵאתָ מִכְשִׁיר חָדָשׁ שֶׁמְשַׁנֶּה אֶת הַחַיִּים?
1927	5	127	examples/lehamtsia/past-03.mp3	lehamtsia	Hifil	past	3	את	הִמְצֵאת מִכְשִׁיר חָדָשׁ שֶׁמְּאַפְשֵׁר לִתְקוֹרֵר בְּלִי חַשְׁמַל.
1928	5	128	examples/lehamtsia/past-04.mp3	lehamtsia	Hifil	past	4	הוא	תומס אדיסון הִמְצִיא את הנורה החשמלית.
1929	5	129	examples/lehamtsia/past-05.mp3	lehamtsia	Hifil	past	5	היא	הִמְצִיאָה מכשיר חדשני ששינה את חיי היומיום של כולם.
1930	5	130	examples/lehamtsia/past-06.mp3	lehamtsia	Hifil	past	6	אנחנו	הִמְצֵאנוּ פתרון חדשני לבעיה הזו.
1931	5	131	examples/lehamtsia/past-07.mp3	lehamtsia	Hifil	past	7	אתם	הִמְצֵאתֶם פִּתְרוֹן חָדָשׁ לְבָעִיָה הַזּוֹ?
1932	5	132	examples/lehamtsia/past-08.mp3	lehamtsia	Hifil	past	8	אתן	הִמְצֵאתֶן מִתְכוֹן חָדָשׁ לְעוּגִיּוֹת שֶׁלֹא שָׁמַעְתִּי מֵעוֹלָם.
1933	5	133	examples/lehamtsia/past-09.mp3	lehamtsia	Hifil	past	9	הם	הֵם הִמְצִיאוּ מְכוֹנָה חֲדָשָׁה לְיִצּוּר בִּירֶה.
1934	5	134	examples/lehamtsia/past-10.mp3	lehamtsia	Hifil	past	10	הן	הֵם הִמְצִיאוּ מַכְשִׁיר שֶׁמַּקְלִיט קוֹלוֹת בְּאוֹפֶן אוֹתוֹמָטִי.
1935	5	135	examples/lehamtsia/present-01.mp3	lehamtsia	Hifil	present	1	אני	אני ממציא פתרונות יצירתיים לבעיות יומיומיות.
1936	5	136	examples/lehamtsia/present-02.mp3	lehamtsia	Hifil	present	2	אני	אֲנִי מַמְצִיאָה פִּתְרוֹנוֹת חֲדָשִׁים לְבַעֲיוֹת קְשׁוֹת.
1937	5	137	examples/lehamtsia/present-03.mp3	lehamtsia	Hifil	present	3	אתה	אתה ממציא פתרונות יצירתיים לבעיות מורכבות.
1938	5	138	examples/lehamtsia/present-04.mp3	lehamtsia	Hifil	present	4	את	הַמַּמְצִיאָה אֶת הַפִּתְרוֹן הַכִּי יְצִירָתִי בְּכִתָּה הִיא רִינָה.
1939	5	139	examples/lehamtsia/present-05.mp3	lehamtsia	Hifil	present	5	הוא	הוא מַמְצִיא פתרונות חדשים לבעיות ישנות.
1940	5	140	examples/lehamtsia/present-06.mp3	lehamtsia	Hifil	present	6	היא	היא ממציאה פתרונות חדשניים לבעיות יומיומיות.
1941	5	141	examples/lehamtsia/present-07.mp3	lehamtsia	Hifil	present	7	אנחנו	אנחנו ממציאים פתרונות חדשניים לבעיות יומיומיות.
1942	5	142	examples/lehamtsia/present-08.mp3	lehamtsia	Hifil	present	8	אנחנו	אנחנו ממציאות פתרונות חדשניים לבעיות יומיומיות.
1943	5	143	examples/lehamtsia/present-09.mp3	lehamtsia	Hifil	present	9	אתם	אתם ממציאים מכשירים חדשים בכל יום.
1944	5	144	examples/lehamtsia/present-10.mp3	lehamtsia	Hifil	present	10	אתן	הֵן מַמְצִיאוֹת פְּתָרוֹנוֹת יְצִירָתִיִּים לְבַעֲיוֹת הַיּוֹם-יוֹם.
1945	5	145	examples/lehamtsia/present-11.mp3	lehamtsia	Hifil	present	11	הם	הם ממציאים מכשירים חדשניים בכל שנה.
1946	5	146	examples/lehamtsia/present-12.mp3	lehamtsia	Hifil	present	12	הן	הנשים הללו ממציאות פתרונות יצירתיים לבעיות היומיום.
1947	5	147	examples/lehamtsia/future-01.mp3	lehamtsia	Hifil	future	1	אני	אַמְצִיא פִּתְרוֹן לְבַעֲיָה הַזּוֹ.
1948	5	148	examples/lehamtsia/future-02.mp3	lehamtsia	Hifil	future	2	אתה	אתה תמציא פתרון יצירתי לבעיה הזו.
1949	5	149	examples/lehamtsia/future-03.mp3	lehamtsia	Hifil	future	3	את	אולי תַּמְצִאִי פתרון חדשני לבעיה הזו.
1950	5	150	examples/lehamtsia/future-04.mp3	lehamtsia	Hifil	future	4	הוא	הוא יַמְצִיא מכונה חדשה שתשנה את העולם.
1951	5	151	examples/lehamtsia/future-05.mp3	lehamtsia	Hifil	future	5	היא	היא תַּמְצִיא פתרונות יצירתיים לבעיות קשות.
1952	5	152	examples/lehamtsia/future-06.mp3	lehamtsia	Hifil	future	6	אנחנו	אנחנו נמציא פתרון חדש לבעיה הזו.
1953	5	153	examples/lehamtsia/future-07.mp3	lehamtsia	Hifil	future	7	אתם	אם תַּמְצִיאוּ פתרון חדשני, תוכלו לשנות את העולם.
1954	5	154	examples/lehamtsia/future-08.mp3	lehamtsia	Hifil	future	8	אתן	בטוח שאתן תמצאנה פתרונות חדשניים לבעיות הללו.
1955	5	155	examples/lehamtsia/future-09.mp3	lehamtsia	Hifil	future	9	הם	הם יַמְצִיאוּ פתרונות חדשים לבעיות הסביבה.
1956	5	156	examples/lehamtsia/future-10.mp3	lehamtsia	Hifil	future	10	הן	אולי הן תַּמְצֶאנָה פתרון חדש לבעיה הזו.
1957	5	157	examples/lehamtsia/imperative-01.mp3	lehamtsia	Hifil	imperative	1	אתה	הַמְצֵא פתרון חדש לבעיה הזו.
1958	5	158	examples/lehamtsia/imperative-02.mp3	lehamtsia	Hifil	imperative	2	את	הַמְצִאִי משהו חדש ומקורי
1959	5	159	examples/lehamtsia/imperative-03.mp3	lehamtsia	Hifil	imperative	3	אתם	הַמְצִיאוּ פתרון חדש לבעיה הזו.
1960	5	160	examples/lehamtsia/imperative-04.mp3	lehamtsia	Hifil	imperative	4	אתן	הַמְצֶאנָה עכשיו, בבקשה.
1961	5	161	examples/lehamtsia/infinitive-01.mp3	lehamtsia	Hifil	infinitive	1		חשבתי לְהַמְצִיא פתרון חדש לבעיה הזו.
1962	5	162	examples/nasoa/past-01.mp3	nasoa	Paal	past	1	אני	נָסַעְתִּי לַחוּץ לָאָרֶץ לִפְגֹשׁ אֶת הַמִשׁפָחָה שֶלִּי.
1963	5	163	examples/nasoa/past-02.mp3	nasoa	Paal	past	2	אתה	"כשהיית קטן, נָסַעְתָּ לחו""ל עם ההורים שלך?"
1964	5	164	examples/nasoa/past-03.mp3	nasoa	Paal	past	3	את	אַתְּ נָסַעְתְּ לְחוּץ לָאָרֶץ בְּשָׁנָה שֶׁעָבְרָה?
1965	5	165	examples/nasoa/past-04.mp3	nasoa	Paal	past	4	הוא	הֵם נָסְעוּ לַחוּץ לָאָרֶץ בְּשָׁנָה שָׁעָבְרָה.
1966	5	166	examples/nasoa/past-05.mp3	nasoa	Paal	past	5	היא	הִיא נָסְעָה לְחוּץ לָאָרֶץ לַחֲגוֹג אֶת יוֹם הוּלֶדְתָּהּ.
1967	5	167	examples/nasoa/past-06.mp3	nasoa	Paal	past	6	אנחנו	נָסַעְנוּ לַחוֹף בַּשָּׁבָת.
1968	5	168	examples/nasoa/past-07.mp3	nasoa	Paal	past	7	אתם	היכן נסעתם בחופשה האחרונה שלכם?
1969	5	169	examples/nasoa/past-08.mp3	nasoa	Paal	past	8	אתן	ביום שישי האחרון נסעתן לים המלח.
1970	5	170	examples/nasoa/past-09.mp3	nasoa	Paal	past	9	הם	הֵם נָסְעוּ לְחוּץ לָאָרֶץ בַּשָּׁבוּע שֶׁעָבַר.
1971	5	171	examples/nasoa/past-10.mp3	nasoa	Paal	past	10	הן	אֶתְמוֹל נָסְעוּ הַחֲבֵרִים לַיָּם.
1972	5	172	examples/nasoa/present-01.mp3	nasoa	Paal	present	1	אני	אני נוסע לירושלים מחר.
1973	5	173	examples/nasoa/present-02.mp3	nasoa	Paal	present	2	אני	"אני נוֹסַעַת לחו""ל מחר."
1974	5	174	examples/nasoa/present-03.mp3	nasoa	Paal	present	3	אתה	"אתה נוסע לחו""ל בקרוב?"
1975	5	175	examples/nasoa/present-04.mp3	nasoa	Paal	present	4	את	"היא נוסעת לחו""ל מחר."
1976	5	176	examples/nasoa/present-05.mp3	nasoa	Paal	present	5	הוא	"הוא נוֹסֵעַ לחו""ל מחר."
1977	5	177	examples/nasoa/present-06.mp3	nasoa	Paal	present	6	היא	הַמּוֹרָה נוֹסַעַת לְאֵירוֹפָּה בַּחוֹפֵשׁ הַגָּדוֹל.
1978	5	178	examples/nasoa/present-07.mp3	nasoa	Paal	present	7	אנחנו	אנחנו נוסעים לחופשה בצפון הארץ בסוף השבוע הזה.
1979	5	179	examples/nasoa/present-08.mp3	nasoa	Paal	present	8	אנחנו	אנחנו נוסעות לים המלח מחר.
1980	5	180	examples/nasoa/present-09.mp3	nasoa	Paal	present	9	אתם	אנחנו נוסעים לחופשה בצפון.
1981	5	181	examples/nasoa/present-10.mp3	nasoa	Paal	present	10	אתן	הַבָּנוֹת נוֹסְעוֹת לַחוּף הַיָּם.
1982	5	182	examples/nasoa/present-11.mp3	nasoa	Paal	present	11	הם	"הם נוֹסְעִים לחו""ל בשבוע הבא."
1983	5	183	examples/nasoa/present-12.mp3	nasoa	Paal	present	12	הן	הַנָּשִׁים נוֹסְעוֹת לַחוּץ לָאָרֶץ בַּשָּׁבוּעַ הַבָּא.
1984	5	184	examples/nasoa/future-01.mp3	nasoa	Paal	future	1	אני	אֶסַּע לבקר את המשפחה שלי בצפון השבוע.
1985	5	185	examples/nasoa/future-02.mp3	nasoa	Paal	future	2	אתה	"אם תִּסַּע לחו""ל, תזכור לקחת את הדרכון?"
1986	5	186	examples/nasoa/future-03.mp3	nasoa	Paal	future	3	את	בבוקר תִּסְעִי לבית הספר עם האוטובוס החדש.
1987	5	187	examples/nasoa/future-04.mp3	nasoa	Paal	future	4	הוא	"הוא יִסַּע לחו""ל בשבוע הבא."
1988	5	188	examples/nasoa/future-05.mp3	nasoa	Paal	future	5	היא	"היא תִּסַּע לחו""ל בשבוע הבא."
1989	5	189	examples/nasoa/future-06.mp3	nasoa	Paal	future	6	אנחנו	אנחנו נִסַּע לים בסוף השבוע.
1990	5	190	examples/nasoa/future-07.mp3	nasoa	Paal	future	7	אתם	תִּסְעוּ לַיָּם בַּשַּׁבָּת
1991	5	191	examples/nasoa/future-08.mp3	nasoa	Paal	future	8	אתן	תִּסְעוּ לַחוּץ לָאֲרוֹץ בְּשָׁבוּעַ הַבָּא.
1992	5	192	examples/nasoa/future-09.mp3	nasoa	Paal	future	9	הם	"בשבוע הבא יסעו לחו""ל לחופשה משפחתית."
1993	5	193	examples/nasoa/future-10.mp3	nasoa	Paal	future	10	הן	ביום ראשון הקרוב יִסְעוּ לחופשה בים המלח.
1994	5	194	examples/nasoa/imperative-01.mp3	nasoa	Paal	imperative	1	אתה	סע לים המלח בבוקר.
1995	5	195	examples/nasoa/imperative-02.mp3	nasoa	Paal	imperative	2	את	סְעִי לַחוֹף וּתְהָנִי מִן הַשֶּׁמֶשׁ.
1996	5	196	examples/nasoa/imperative-03.mp3	nasoa	Paal	imperative	3	אתם	סְעוּ לִירוּשָׁלַיִם וּתְהָנוּ מִן הַנּוֹף.
1997	5	197	examples/nasoa/imperative-04.mp3	nasoa	Paal	imperative	4	אתן	סְעוּ לִירוּשָׁלַיִם וּתְהָנוּ מִן הַנּוֹף.
1998	5	198	examples/nasoa/infinitive-01.mp3	nasoa	Paal	infinitive	1		"אני מתכנן לנסוע לחו""ל בחופשת הקיץ."
1999	5	199	examples/banah/past-01.mp3	banah	Paal	past	1	אני	בָּנִיתִי בַּיִת חָדָשׁ בַּשָּׁנָה שֶׁעָבְרָה.
2000	5	200	examples/banah/past-02.mp3	banah	Paal	past	2	אתה	אתה בָּנִיתָ את הבית הזה בידיים שלך?
2001	5	201	examples/banah/past-03.mp3	banah	Paal	past	3	את	היא בָּנִית בית חדש בשנה שעברה.
2002	5	202	examples/banah/past-04.mp3	banah	Paal	past	4	הוא	הוּא בָּנָה בַּיִת גָּדוֹל בַּשָּׂדֶה.
2003	5	203	examples/banah/past-05.mp3	banah	Paal	past	5	היא	הִיא בָּנְתָה בַּיִת חָדָשׁ בַּשָּׁכוּן.
2004	5	204	examples/banah/past-06.mp3	banah	Paal	past	6	אנחנו	בָּנִינוּ בַּיִת חָדָשׁ בַּשָּׁנָה שֶׁעָבְרָה.
2005	5	205	examples/banah/past-07.mp3	banah	Paal	past	7	אתם	בְּנִיתֶם בַּיִת יָפֶה בַּשָּׁנָה שֶׁעָבְרָה.
2006	5	206	examples/banah/past-08.mp3	banah	Paal	past	8	אתן	אתן בְּנִיתֶן את הבית הזה בידיים שלכן.
2007	5	207	examples/banah/past-09.mp3	banah	Paal	past	9	הם	הם בָּנוּ את הבית בשנה שעברה.
2008	5	208	examples/banah/past-10.mp3	banah	Paal	past	10	הן	הם בָּנוּ בית יפה בשכונה החדשה.
2009	5	209	examples/banah/present-01.mp3	banah	Paal	present	1	אני	אני בונה בית חדש ליד הים.
2010	5	210	examples/banah/present-02.mp3	banah	Paal	present	2	אני	אני בונה בית חדש בשכונה.
2011	5	211	examples/banah/present-03.mp3	banah	Paal	present	3	אתה	אתה בונה בית חדש בשכונה.
2012	5	212	examples/banah/present-04.mp3	banah	Paal	present	4	את	היא בּוֹנָה בית חדש בשכונה.
2013	5	213	examples/banah/present-05.mp3	banah	Paal	present	5	הוא	הַמְּהַנְדֵּס בּוֹנֶה אֶת הַגָּג הַחָדָשׁ.
2014	5	214	examples/banah/present-06.mp3	banah	Paal	present	6	היא	היא בּוֹנָה בית חדש בשכונה.
2015	5	215	examples/banah/present-07.mp3	banah	Paal	present	7	אנחנו	אנחנו בונים בית חדש בשכונה.
2016	5	216	examples/banah/present-08.mp3	banah	Paal	present	8	אנחנו	אנחנו בונות את הבית שלנו בהרים.
2017	5	217	examples/banah/present-09.mp3	banah	Paal	present	9	אתם	אתם בונים בית חדש בשכונה.
2018	5	218	examples/banah/present-10.mp3	banah	Paal	present	10	אתן	אנחנו בונות את העתיד שלנו ביחד.
2019	5	219	examples/banah/present-11.mp3	banah	Paal	present	11	הם	הם בּוֹנִים בַּיִת חדש בְּשָכוּן חדשה.
2020	5	220	examples/banah/present-12.mp3	banah	Paal	present	12	הן	הנשים בונות בתים בשכונה החדשה.
2021	5	221	examples/banah/future-01.mp3	banah	Paal	future	1	אני	אֶבְנֶה בַּיִת חָדָשׁ בַּשָּׁנָה הַבָּאָה.
2022	5	222	examples/banah/future-02.mp3	banah	Paal	future	2	אתה	כשתִּבְנֶה את הבית, תזכור לשים חלונות גדולים?
2023	5	223	examples/banah/future-03.mp3	banah	Paal	future	3	את	אם תִּבְנִי את הבית, אני אעזור לך עם הגינה.
2024	5	224	examples/banah/future-04.mp3	banah	Paal	future	4	הוא	הוא יִבְנֶה בית חדש בשנה הבאה.
2025	5	225	examples/banah/future-05.mp3	banah	Paal	future	5	היא	היא תִּבְנֶה בית חדש בשנה הבאה.
2026	5	226	examples/banah/future-06.mp3	banah	Paal	future	6	אנחנו	אנחנו נִבְנֶה בית חדש בשנה הבאה.
2027	5	227	examples/banah/future-07.mp3	banah	Paal	future	7	אתם	תִּבְנוּ את הבית שלכם על היסודות הטובים ביותר.
2028	5	228	examples/banah/future-08.mp3	banah	Paal	future	8	אתן	אֲנִי מַקְוֶה שֶׁתִּבְנוּ בַּיִת חָדָשׁ בַּקָּרוֹב.
2029	5	229	examples/banah/future-09.mp3	banah	Paal	future	9	הם	הם יִבְנוּ בית חדש בשכונה.
2030	5	230	examples/banah/future-10.mp3	banah	Paal	future	10	הן	הם יִבְנוּ בית חדש בשכונה.
2031	5	231	examples/banah/imperative-01.mp3	banah	Paal	imperative	1	אתה	בְּנֵה לְךָ בַּיִת חָדָשׁ בַּכְּפָר.
2032	5	232	examples/banah/imperative-02.mp3	banah	Paal	imperative	2	את	בְּנִי את הבית הזה במהירות.
2033	5	233	examples/banah/imperative-03.mp3	banah	Paal	imperative	3	אתם	בְּנוּ את הבית הזה במהירות.
2034	5	234	examples/banah/imperative-04.mp3	banah	Paal	imperative	4	אתן	בְּנוּ את הבית הזה במהירות.
2035	5	235	examples/banah/infinitive-01.mp3	banah	Paal	infinitive	1		הם התכוונו לִבְנוֹת בית חדש בשכונה.
2036	5	236	examples/shatef/past-01.mp3	shatef	Piel	past	1	אני	שִׁתַּפְתִּי עִם כֻּלָּם אֶת הַחֲדָשׁוֹת הַטּוֹבוֹת.
2037	5	237	examples/shatef/past-02.mp3	shatef	Piel	past	2	אתה	אתמול שִׁתַּפְתָּ איתי את הסוד הכי גדול שלך.
2038	5	238	examples/shatef/past-03.mp3	shatef	Piel	past	3	את	אתמול שִׁתַּפְתְּ איתי את הסוד הכי גדול שלך.
2039	5	239	examples/shatef/past-04.mp3	shatef	Piel	past	4	הוא	הוא שִׁתֵּף את הסיפור עם כל חבריו.
2040	5	240	examples/shatef/past-05.mp3	shatef	Piel	past	5	היא	הִיא שִׁתְּפָה אוֹתִי בְּסוֹדוֹת הַכִּתְבָּה שֶׁלָּהּ.
2041	5	241	examples/shatef/past-06.mp3	shatef	Piel	past	6	אנחנו	שִׁתַּפְנוּ את הידע שלנו עם כל המשתתפים בכנס.
2042	5	242	examples/shatef/past-07.mp3	shatef	Piel	past	7	אתם	שִׁתַּפְתֶּם אוֹתִי בְּסוֹדוֹתֵיכֶם הַכִּי אִישִׁיִּים.
2043	5	243	examples/shatef/past-08.mp3	shatef	Piel	past	8	אתן	שִׁתַּפְתֶּן את הסיפור הזה עם חברותיכן?
2044	5	244	examples/shatef/past-09.mp3	shatef	Piel	past	9	הם	הם שִׁתְּפוּ את הסיפור עם כל המשפחה.
2045	5	245	examples/shatef/past-10.mp3	shatef	Piel	past	10	הן	הן שִׁתְּפוּ את הסוד עם כל החברים.
2046	5	246	examples/shatef/present-01.mp3	shatef	Piel	present	1	אני	אני מְשַׁתֵּף את התמונות שלי מהחופשה האחרונה.
2047	5	247	examples/shatef/present-02.mp3	shatef	Piel	present	2	אני	אני מְשַׁתֶּפֶת את התמונות עם המשפחה שלי.
2048	5	248	examples/shatef/present-03.mp3	shatef	Piel	present	3	אתה	אתה מְשַׁתֵּף את הסיפור הזה עם כולם בפייסבוק.
2049	5	249	examples/shatef/present-04.mp3	shatef	Piel	present	4	את	היא מְשַׁתֶּפֶת את התמונות שלה ברשתות החברתיות.
2050	5	250	examples/shatef/present-05.mp3	shatef	Piel	present	5	הוא	הוא מְשַׁתֵּף את התמונות מהחופשה שלנו בפייסבוק.
2051	5	251	examples/shatef/present-06.mp3	shatef	Piel	present	6	היא	היא מְשַׁתֶּפֶת את הסיפור ברשתות החברתיות.
2052	5	252	examples/shatef/present-07.mp3	shatef	Piel	present	7	אנחנו	אנחנו מְשַׁתְּפִים את הידע שלנו עם הקהילה.
2053	5	253	examples/shatef/present-08.mp3	shatef	Piel	present	8	אנחנו	אנחנו מְשַׁתְּפוֹת את הסיפורים שלנו בקבוצה.
2054	5	254	examples/shatef/present-09.mp3	shatef	Piel	present	9	אתם	אתם מְשַׁתְּפִים את הסודות שלכם עם החברים הכי טובים.
2055	5	255	examples/shatef/present-10.mp3	shatef	Piel	present	10	אתן	הן מְשַׁתְּפוֹת בתמונות מהחופשה שלהן.
2056	5	256	examples/shatef/present-11.mp3	shatef	Piel	present	11	הם	הם מְשַׁתְּפִים את המידע עם כל הצוות.
2057	5	257	examples/shatef/present-12.mp3	shatef	Piel	present	12	הן	הן מְשַׁתְּפוֹת את המידע עם כל החברות שלהן.
2058	5	258	examples/shatef/future-01.mp3	shatef	Piel	future	1	אני	אֲשַׁתֵּף אִתְּךָ אֶת הַסּוֹד שֶׁלִּי.
2059	5	259	examples/shatef/future-02.mp3	shatef	Piel	future	2	אתה	תשתף אותי בסודות שלך?
2060	5	260	examples/shatef/future-03.mp3	shatef	Piel	future	3	את	תְּשַׁתְּפִי אִתִּי אֶת הַחֲלוֹם שֶׁלָּךְ?
2061	5	261	examples/shatef/future-04.mp3	shatef	Piel	future	4	הוא	הוא ישתף את החוויה שלו עם כולם.
2062	5	262	examples/shatef/future-05.mp3	shatef	Piel	future	5	היא	היא תשתף אותי בסודותיה הכי אפלים.
2063	5	263	examples/shatef/future-06.mp3	shatef	Piel	future	6	אנחנו	נְשַׁתֵּף אוֹתְךָ בְּתִכְנִיּוֹת חֲדָשׁוֹת בְּקָרוֹב.
2064	5	264	examples/shatef/future-07.mp3	shatef	Piel	future	7	אתם	תְּשַׁתְּפוּ אוֹתִי בְּתִמּוּנִים מִן הַנְּסִיעָה.
2065	5	265	examples/shatef/future-08.mp3	shatef	Piel	future	8	אתן	אתן תְּשַׁתֵּפְנָה את הסיפורים שלכן בפגישה הבאה.
2066	5	266	examples/shatef/future-09.mp3	shatef	Piel	future	9	הם	הם יְשַׁתְּפוּ את המתכונים שלהם עם כל החברים.
2067	5	267	examples/shatef/future-10.mp3	shatef	Piel	future	10	הן	הן תְּשַׁתֵּפְנָה את הסיפור הזה ברשתות החברתיות.
2068	5	268	examples/shatef/imperative-01.mp3	shatef	Piel	imperative	1	אתה	שתף את הסיפור הזה עם חבריך.
2069	5	269	examples/shatef/imperative-02.mp3	shatef	Piel	imperative	2	את	בבקשה, שַׁתְּפִי את הסיפור הזה עם חבריך.
2070	5	270	examples/shatef/imperative-03.mp3	shatef	Piel	imperative	3	אתם	בבקשה, שַׁתְּפוּ את המידע הזה עם חברים.
2071	5	271	examples/shatef/imperative-04.mp3	shatef	Piel	imperative	4	אתן	שַׁתֵּפְנָה עכשיו, בבקשה.
2072	5	272	examples/shatef/infinitive-01.mp3	shatef	Piel	infinitive	1		חשוב לְשַׁתֵּף את הידע שלך עם אחרים.
2073	5	273	examples/shanot/past-01.mp3	shanot	Piel	past	1	אני	הַחֲלָטִים שִׁנִּיתִי אֶת דַּעְתִּי לְגַבֵּי הַמַּצָב.
2074	5	274	examples/shanot/past-02.mp3	shanot	Piel	past	2	אתה	שִׁנִּיתָ את דעתך בנוגע לנסיעה?
2075	5	275	examples/shanot/past-03.mp3	shanot	Piel	past	3	את	אתמול שִׁנִּית את דעתך בנוגע לחופשה.
2076	5	276	examples/shanot/past-04.mp3	shanot	Piel	past	4	הוא	הוא שִׁנָּה את דעתו ברגע האחרון.
2077	5	277	examples/shanot/past-05.mp3	shanot	Piel	past	5	היא	היא שִׁנְּתָה את דעתה בעקבות השיחה.
2078	5	278	examples/shanot/past-06.mp3	shanot	Piel	past	6	אנחנו	שִׁנִּינוּ את התוכניות שלנו בגלל המזג האוויר.
2079	5	279	examples/shanot/past-07.mp3	shanot	Piel	past	7	אתם	אתם שִׁנִּיתֶם את הכללים והפכתם את המשחק למעניין יותר.
2080	5	280	examples/shanot/past-08.mp3	shanot	Piel	past	8	אתן	אתמול שִׁנִּיתֶן את דעתכן לגבי ההצעה.
2081	5	281	examples/shanot/past-09.mp3	shanot	Piel	past	9	הם	הם שִׁנּו את התוכניות שלהם ברגע האחרון.
2082	5	282	examples/shanot/past-10.mp3	shanot	Piel	past	10	הן	הן שִׁנּוּ את ההרגלים שלהן.
2083	5	283	examples/shanot/present-01.mp3	shanot	Piel	present	1	אני	אני מְשַׁנֶּה את התוכניות שלי בגלל מזג האוויר.
2084	5	284	examples/shanot/present-02.mp3	shanot	Piel	present	2	אני	אני מְשַׁנָּה את דעתי בנוגע לנושא הזה.
2085	5	285	examples/shanot/present-03.mp3	shanot	Piel	present	3	אתה	אתה מְשַׁנֶּה את הכללים בלי לשאול.
2086	5	286	examples/shanot/present-04.mp3	shanot	Piel	present	4	את	היא מְשַׁנָּה את ההרגלים שלה לאט לאט.
2087	5	287	examples/shanot/present-05.mp3	shanot	Piel	present	5	הוא	הוא מְשַׁנֶּה את כללי המשחק.
2088	5	288	examples/shanot/present-06.mp3	shanot	Piel	present	6	היא	היא מְשַׁנָּה את הלבוש שלה בכל עונה.
2089	5	289	examples/shanot/present-07.mp3	shanot	Piel	present	7	אנחנו	"אנחנו מְשַׁנִּים את הלו""ז בכל פעם שיש צורך."
2090	5	290	examples/shanot/present-08.mp3	shanot	Piel	present	8	אנחנו	אנחנו מְשַׁנּוֹת את הדרך שבה אנחנו עובדות.
2091	5	291	examples/shanot/present-09.mp3	shanot	Piel	present	9	אתם	אתם מְשַׁנִּים את הכללים כל הזמן.
2092	5	292	examples/shanot/present-10.mp3	shanot	Piel	present	10	אתן	אנחנו מְשַׁנּוֹת את הדרך שבה אנו עובדות.
2093	5	293	examples/shanot/present-11.mp3	shanot	Piel	present	11	הם	הם מְשַׁנִּים את הכללים בכל פעם מחדש.
2094	5	294	examples/shanot/present-12.mp3	shanot	Piel	present	12	הן	הן מְשַׁנּוֹת את ההרגלים שלהן בכל פעם שהן מתחילות פרויקט חדש.
2095	5	295	examples/shanot/future-01.mp3	shanot	Piel	future	1	אני	אני אֲשַׁנֶּה את ההרגלים שלי כדי לשפר את בריאותי.
2096	5	296	examples/shanot/future-02.mp3	shanot	Piel	future	2	אתה	אם תשנה את דרך החשיבה שלך, תראה שיפורים.
2097	5	297	examples/shanot/future-03.mp3	shanot	Piel	future	3	את	את תשני את דעתך בקרוב.
2098	5	298	examples/shanot/future-04.mp3	shanot	Piel	future	4	הוא	הוא יְשַׁנֶּה את דעתו בקרוב.
2099	5	299	examples/shanot/future-05.mp3	shanot	Piel	future	5	היא	היא תשנה את דעתה בקרוב.
2100	5	300	examples/shanot/future-06.mp3	shanot	Piel	future	6	אנחנו	אנחנו נְשַׁנֶּה את התוכניות שלנו אם המזג אוויר ישתנה.
2101	5	301	examples/shanot/future-07.mp3	shanot	Piel	future	7	אתם	אם לא תשנו את דרכי החשיבה שלכם, לא תוכלו להתקדם.
2102	5	302	examples/shanot/future-08.mp3	shanot	Piel	future	8	אתן	אולי תשנינה את הלבוש שלכן לחתונה?
2103	5	303	examples/shanot/future-09.mp3	shanot	Piel	future	9	הם	הם ישנו את ההרגלים שלהם בקרוב.
2104	5	304	examples/shanot/future-10.mp3	shanot	Piel	future	10	הן	כשנגיע לשם, תְּשַׁנֶּינָה את כל התכניות.
2105	5	305	examples/shanot/imperative-01.mp3	shanot	Piel	imperative	1	אתה	שַׁנֵּה את דרכייך כדי למצוא את האושר.
2106	5	306	examples/shanot/imperative-02.mp3	shanot	Piel	imperative	2	את	שַׁנִּי את דעתך, זה חשוב.
2107	5	307	examples/shanot/imperative-03.mp3	shanot	Piel	imperative	3	אתם	שַׁנּוּ את ההרגלים שלכם למען הבריאות.
2108	5	308	examples/shanot/imperative-04.mp3	shanot	Piel	imperative	4	אתן	שַׁנֶּינָה עכשיו, בבקשה.
2109	5	309	examples/shanot/infinitive-01.mp3	shanot	Piel	infinitive	1		אנחנו צריכים לְשַׁנּוֹת את ההרגלים שלנו כדי לשמור על הבריאות.
2110	5	310	examples/hatzil/past-01.mp3	hatzil	Hifil	past	1	אני	הִצַּלְתִּי את הַיֶּלֶד מִן הַמַּיִם.
2111	5	311	examples/hatzil/past-02.mp3	hatzil	Hifil	past	2	אתה	הִצַּלְתָּ אוֹתִי מִמְּצוּקָה גְדוֹלָה
2112	5	312	examples/hatzil/past-03.mp3	hatzil	Hifil	past	3	את	הִצַּלְתְּ את הילד מטביעה בבריכה.
2113	5	313	examples/hatzil/past-04.mp3	hatzil	Hifil	past	4	הוא	הִצִּיל את הילד מהמים העמוקים.
2114	5	314	examples/hatzil/past-05.mp3	hatzil	Hifil	past	5	היא	הִצִּילָה הָאִשָּׁה אֶת הַיֶּלֶד מִן הַנָּהָר
2115	5	315	examples/hatzil/past-06.mp3	hatzil	Hifil	past	6	אנחנו	בַּיּוֹם הַהוּא הִצַּלְנוּ אֶת הַיְּלָדִים מִשְּׂרֵפַת הַבַּיִת.
2116	5	316	examples/hatzil/past-07.mp3	hatzil	Hifil	past	7	אתם	הִצַּלְתֶּם את הילד מטביעה בבריכה.
2117	5	317	examples/hatzil/past-08.mp3	hatzil	Hifil	past	8	אתן	הִצַּלְתֶּן את הילד מטביעה בבריכה.
2118	5	318	examples/hatzil/past-09.mp3	hatzil	Hifil	past	9	הם	הִצִּילוּ את הילד מהמים.
2119	5	319	examples/hatzil/past-10.mp3	hatzil	Hifil	past	10	הן	הִצִּילוּ את הילדים מן הבית הבוער.
2120	5	320	examples/hatzil/present-01.mp3	hatzil	Hifil	present	1	אני	אֲנִי מַצִּיל אֶת הַיֶּלֶד מִן הַנָּהָר.
2121	5	321	examples/hatzil/present-02.mp3	hatzil	Hifil	present	2	אני	אני מצילה את החתול מעץ.
2122	5	322	examples/hatzil/present-03.mp3	hatzil	Hifil	present	3	אתה	אתה מַצִּיל חיים בכל פעם שאתה תורם דם.
2123	5	323	examples/hatzil/present-04.mp3	hatzil	Hifil	present	4	את	הָאֵם מַצִּילָה אֶת הַיֶּלֶד מִן הַמַּיִם.
2124	5	324	examples/hatzil/present-05.mp3	hatzil	Hifil	present	5	הוא	הַמְּאוֹרָגָן הַזֶּה מַצִּיל אֲנָשִׁים מֵעֲבוֹדָה בִּלְתִּי נְעִימָה.
2125	5	325	examples/hatzil/present-06.mp3	hatzil	Hifil	present	6	היא	היא מַצִּילָה את הילד מטביעה.
2126	5	326	examples/hatzil/present-07.mp3	hatzil	Hifil	present	7	אנחנו	אנחנו מצילים את הילדים מהמים.
2127	5	327	examples/hatzil/present-08.mp3	hatzil	Hifil	present	8	אנחנו	אנחנו מצילות את החתול מעץ גבוה.
2128	5	328	examples/hatzil/present-09.mp3	hatzil	Hifil	present	9	אתם	אתם מצילים חיים כל יום בעבודתכם.
2129	5	329	examples/hatzil/present-10.mp3	hatzil	Hifil	present	10	אתן	הַמַּצִּילוֹת אֶת הַתִּינוֹק מִן הַמַּיִם הֵן גִּבּוֹרוֹת.
2130	5	330	examples/hatzil/present-11.mp3	hatzil	Hifil	present	11	הם	הם מצילים אנשים משריפה בבניין.
2131	5	331	examples/hatzil/present-12.mp3	hatzil	Hifil	present	12	הן	הַמַּצִּילוֹת בָּאוֹת לְהוֹצִיא אֶת הַיְלָדִים מִן הַמַּיִם.
2132	5	332	examples/hatzil/future-01.mp3	hatzil	Hifil	future	1	אני	אַצִּיל את הכלב הלכוד בחצר.
2133	5	333	examples/hatzil/future-02.mp3	hatzil	Hifil	future	2	אתה	אם תציל את הילד, כולם יכבדו אותך.
2134	5	334	examples/hatzil/future-03.mp3	hatzil	Hifil	future	3	את	אֲנִי מַאֲמִין שֶׁתַּצִּילִי אוֹתִי מִכָּל צָרָה.
2135	5	335	examples/hatzil/future-04.mp3	hatzil	Hifil	future	4	הוא	הַמַּלְאָךְ יַצִּיל אֶת הַיְּלָדִים מִן הָאֵשׁ.
2136	5	336	examples/hatzil/future-05.mp3	hatzil	Hifil	future	5	היא	אמונתה בצדקה תציל אותה במצבים קשים.
2137	5	337	examples/hatzil/future-06.mp3	hatzil	Hifil	future	6	אנחנו	אנחנו נציל את הילדים מהסכנה.
2138	5	338	examples/hatzil/future-07.mp3	hatzil	Hifil	future	7	אתם	תַּצִּילוּ אֶת הַיֶּלֶד מִן הַנָּהָר
2139	5	339	examples/hatzil/future-08.mp3	hatzil	Hifil	future	8	אתן	אני מאמין שבסופו של דבר, האמהות תַּצֵּלְנָה את ילדיהן.
2140	5	340	examples/hatzil/future-09.mp3	hatzil	Hifil	future	9	הם	הם יַצִּילוּ את הילדים מהמים הסוערים.
2141	5	341	examples/hatzil/future-10.mp3	hatzil	Hifil	future	10	הן	בּוֹאִי נַעֲזֹר, אֲנַחְנוּ תַּצֵּלְנָה אֶת הַכְּלָבִים מִן הַמַּבּוּאָה.
2142	5	342	examples/hatzil/imperative-01.mp3	hatzil	Hifil	imperative	1	אתה	הַצֵּל את הילד מהמים!
2143	5	343	examples/hatzil/imperative-02.mp3	hatzil	Hifil	imperative	2	את	הַצִּילִי את הילדים מהמים!
2144	5	344	examples/hatzil/imperative-03.mp3	hatzil	Hifil	imperative	3	אתם	הַצִּילוּ את הילד מהמים!
2145	5	345	examples/hatzil/imperative-04.mp3	hatzil	Hifil	imperative	4	אתן	הַצֵּלְנָה עכשיו, בבקשה.
2146	5	346	examples/hatzil/infinitive-01.mp3	hatzil	Hifil	infinitive	1		אנו חייבים לְהַצִּיל את הילד שנלכד בבור.
2147	5	347	examples/haskim/past-01.mp3	haskim	Hifil	past	1	אני	הִסְכַּמְתִּי לבוא לפגישה מחר בבוקר.
2148	5	348	examples/haskim/past-02.mp3	haskim	Hifil	past	2	אתה	אחרי שדיברנו, הִסְכַּמְתָּ לבוא למסיבה.
2149	5	349	examples/haskim/past-03.mp3	haskim	Hifil	past	3	את	הִסְכַּמְתְּ לבוא למסיבה הלילה?
2150	5	350	examples/haskim/past-04.mp3	haskim	Hifil	past	4	הוא	הוא הִסְכִּים לבוא למסיבה בשבת.
2151	5	351	examples/haskim/past-05.mp3	haskim	Hifil	past	5	היא	הִיא הִסְכִּימָה לבוא לפגישה מחר.
2152	5	352	examples/haskim/past-06.mp3	haskim	Hifil	past	6	אנחנו	הִסְכַּמְנוּ לִפְגּוֹשׁ בַּבּוֹקֶר בְּשׁוּק הָעִיר.
2153	5	353	examples/haskim/past-07.mp3	haskim	Hifil	past	7	אתם	הִסְכַּמְתֶּם לצאת לטיול ביום שישי?
2154	5	354	examples/haskim/past-08.mp3	haskim	Hifil	past	8	אתן	הִסְכַּמְתֶּן לָצֵאת לַטִיּוּל בַּשָבָת?
2155	5	355	examples/haskim/past-09.mp3	haskim	Hifil	past	9	הם	הם הִסְכִּימוּ לפגוש אותנו מחר.
2156	5	356	examples/haskim/past-10.mp3	haskim	Hifil	past	10	הן	הילדים הִסְכִּימוּ ללכת לישון מוקדם.
2157	5	357	examples/haskim/present-01.mp3	haskim	Hifil	present	1	אני	אני מסכים לתוכנית החדשה.
2158	5	358	examples/haskim/present-02.mp3	haskim	Hifil	present	2	אני	אני מסכימה שצריך לשמור על הטבע.
2159	5	359	examples/haskim/present-03.mp3	haskim	Hifil	present	3	אתה	אתה מסכים שהמזג האוויר היום נעים במיוחד?
2160	5	360	examples/haskim/present-04.mp3	haskim	Hifil	present	4	את	אני מסכימה לפגוש אותך ביום שישי.
2161	5	361	examples/haskim/present-05.mp3	haskim	Hifil	present	5	הוא	הוא מסכים שצריך לעשות שינוי.
2162	5	362	examples/haskim/present-06.mp3	haskim	Hifil	present	6	היא	היא מַסְכִּימָה לבוא לפגישה מחר.
2163	5	363	examples/haskim/present-07.mp3	haskim	Hifil	present	7	אנחנו	אנחנו מסכימים שצריך לצאת לטיול בסוף השבוע.
2164	5	364	examples/haskim/present-08.mp3	haskim	Hifil	present	8	אנחנו	אנחנו מסכימות שצריך לשנות את התוכנית.
2165	5	365	examples/haskim/present-09.mp3	haskim	Hifil	present	9	אתם	אתם מסכימים לתכנית הזו?
2166	5	366	examples/haskim/present-10.mp3	haskim	Hifil	present	10	אתן	כולכן מסכימות שהסרט הזה שווה לראות?
2167	5	367	examples/haskim/present-11.mp3	haskim	Hifil	present	11	הם	הם מַסְכִּימִים לבוא למסיבה היום.
2168	5	368	examples/haskim/present-12.mp3	haskim	Hifil	present	12	הן	הן מסכימות לבוא לחגוג איתנו את יום ההולדת.
2169	5	369	examples/haskim/future-01.mp3	haskim	Hifil	future	1	אני	אַסְכִּים לבוא למסיבה אם תהיה שם.
2170	5	370	examples/haskim/future-02.mp3	haskim	Hifil	future	2	אתה	אם תסכים לבוא איתי, נוכל לצאת למסעדה.
2171	5	371	examples/haskim/future-03.mp3	haskim	Hifil	future	3	את	אם תסכימי לבוא איתי, נוכל ליהנות יחד מההופעה.
2172	5	372	examples/haskim/future-04.mp3	haskim	Hifil	future	4	הוא	אני מקווה שהוא יַסְכִּים לבוא לפגישה מחר.
2173	5	373	examples/haskim/future-05.mp3	haskim	Hifil	future	5	היא	אם תסכים לבוא, זה יהיה נפלא.
2174	5	374	examples/haskim/future-06.mp3	haskim	Hifil	future	6	אנחנו	אנחנו נסכים לשנות את התוכנית אם כולם יהיו מרוצים.
2175	5	375	examples/haskim/future-07.mp3	haskim	Hifil	future	7	אתם	אני מקווה שתסכימו לעזור לי בפרויקט הזה.
2176	5	376	examples/haskim/future-08.mp3	haskim	Hifil	future	8	אתן	הן תַּסְכֵּמְנָה לבוא למסיבה אחרי הפגישה.
2177	5	377	examples/haskim/future-09.mp3	haskim	Hifil	future	9	הם	אני מקווה שהם יסכימו לבוא לחגיגה.
2178	5	378	examples/haskim/future-10.mp3	haskim	Hifil	future	10	הן	אני בטוח שהנשים תַּסְכֵּמְנָה לפשרה בסוף.
2179	5	379	examples/haskim/imperative-01.mp3	haskim	Hifil	imperative	1	אתה	הַסְכֵּם לבקשה שלי, בבקשה.
2180	5	380	examples/haskim/imperative-02.mp3	haskim	Hifil	imperative	2	את	הַסְכִּימִי לבוא איתי למסיבה הלילה.
2181	5	381	examples/haskim/imperative-03.mp3	haskim	Hifil	imperative	3	אתם	הַסְכִּימוּ לפשרה ביניכם.
2182	5	382	examples/haskim/imperative-04.mp3	haskim	Hifil	imperative	4	אתן	הַסְכֵּמְנָה עכשיו, בבקשה.
2183	5	383	examples/haskim/infinitive-01.mp3	haskim	Hifil	infinitive	1		אני מנסה לְהַסְכִּים עם ההצעה שלך.
2184	5	384	examples/anot/past-01.mp3	anot	Paal	past	1	אני	עָנִיתִי לוֹ בִּמְהִירוּת כְּשֶׁשָּׁאַל אוֹתִי שְׁאֵלָה.
2185	5	385	examples/anot/past-02.mp3	anot	Paal	past	2	אתה	כשהצלצלתי אליך אתמול, עָנִיתָ במהירות.
2186	5	386	examples/anot/past-03.mp3	anot	Paal	past	3	את	הִיא עָנִית לִי בְּחִיּוּךְ כְּשֶׁשָּׁאַלְתִּי אוֹתָהּ אִם הִיא בְּסֵדֶר.
2187	5	387	examples/anot/past-04.mp3	anot	Paal	past	4	הוא	הִיא עָנָה בְּקוֹלֵרִיָה כְּשֶׁשָּׁאַלְתִּי אוֹתָהּ אֶת הַשְּׁאֵלָה.
2188	5	388	examples/anot/past-05.mp3	anot	Paal	past	5	היא	הִיא עָנְתָה אֶת הַשְּׁאֵלָה בְּבִטָּחוֹן.
2189	5	389	examples/anot/past-06.mp3	anot	Paal	past	6	אנחנו	עָנִינוּ לכל השאלות בכנות ובפתיחות.
2190	5	390	examples/anot/past-07.mp3	anot	Paal	past	7	אתם	אתם עֲנִיתֶם לשאלותיי במהירות רבה.
2191	5	391	examples/anot/past-08.mp3	anot	Paal	past	8	אתן	עֲנִיתֶן לכל השאלות שלי בצורה מושלמת.
2192	5	392	examples/anot/past-09.mp3	anot	Paal	past	9	הם	הם עָנוּ לשאלות במהירות.
2193	5	393	examples/anot/past-10.mp3	anot	Paal	past	10	הן	הֵן עָנוּ לְשֶׁאֱלוֹתֵינוּ בִּמְהִירוּת.
2194	5	394	examples/anot/present-01.mp3	anot	Paal	present	1	אני	אני עוֹנֶה לכל השאלות שלך.
2195	5	395	examples/anot/present-02.mp3	anot	Paal	present	2	אני	אני עוֹנָה לך בכנות.
2196	5	396	examples/anot/present-03.mp3	anot	Paal	present	3	אתה	אתה עוֹנֶה לשאלות בצורה מדויקת.
2197	5	397	examples/anot/present-04.mp3	anot	Paal	present	4	את	היא תמיד עונה לשאלות בצורה מפורטת.
2198	5	398	examples/anot/present-05.mp3	anot	Paal	present	5	הוא	הוא עוֹנֶה לשאלות בצורה מפורטת.
2199	5	399	examples/anot/present-06.mp3	anot	Paal	present	6	היא	היא תמיד עוֹנָה בסבלנות לשאלות של הילדים.
2200	5	400	examples/anot/present-07.mp3	anot	Paal	present	7	אנחנו	אנחנו עונים לשאלות שלכם במהירות ובדייקנות.
2201	5	401	examples/anot/present-08.mp3	anot	Paal	present	8	אנחנו	אנחנו עוֹנוֹת לשאלות שלכם במהירות.
2202	5	402	examples/anot/present-09.mp3	anot	Paal	present	9	אתם	אתם עונים על השאלות במהירות.
2203	5	403	examples/anot/present-10.mp3	anot	Paal	present	10	אתן	הַיְלָדוֹת עוֹנוֹת בְּקוֹל חָזָק.
2204	5	404	examples/anot/present-11.mp3	anot	Paal	present	11	הם	הם עוֹנִים לשאלות במהירות.
2205	5	405	examples/anot/present-12.mp3	anot	Paal	present	12	הן	כשהמורה שואל אותן שאלה, הן עוֹנוֹת במהירות.
2206	5	406	examples/anot/future-01.mp3	anot	Paal	future	1	אני	ברגע שאדע את התשובה, אֶעֱנֶה לך.
2207	5	407	examples/anot/future-02.mp3	anot	Paal	future	2	אתה	אם לא תענה לשאלה הזו, לא אוכל לעזור לך.
2208	5	408	examples/anot/future-03.mp3	anot	Paal	future	3	את	תַּעֲנִי לִי בְּבַקָשָׁה כְּשֶׁתֵּדְעִי מָתַי הַמִּפְגָשׁ.
2209	5	409	examples/anot/future-04.mp3	anot	Paal	future	4	הוא	הַמּוֹרֶה יַעֲנֶה לְשָׁאֲלוֹת הַתַּלְמִידִים.
2210	5	410	examples/anot/future-05.mp3	anot	Paal	future	5	היא	היא תַּעֲנֶה לשאלה מחר.
2211	5	411	examples/anot/future-06.mp3	anot	Paal	future	6	אנחנו	נַעֲנֶה לשאלות שלכם מחר בבוקר.
2212	5	412	examples/anot/future-07.mp3	anot	Paal	future	7	אתם	תַּעֲנוּ לשאלותיו של המורה בכנות.
2213	5	413	examples/anot/future-08.mp3	anot	Paal	future	8	אתן	כשאשאל אותן שאלה, הן תענינה בביטחון.
2214	5	414	examples/anot/future-09.mp3	anot	Paal	future	9	הם	הם יַעֲנוּ לשאלותיכם במהירות.
2215	5	415	examples/anot/future-10.mp3	anot	Paal	future	10	הן	בוודאי תענינה לשאלותינו בישיבה הבאה.
2216	5	416	examples/anot/imperative-01.mp3	anot	Paal	imperative	1	אתה	עֲנֵה לי בבקשה, מה שמך?
2217	5	417	examples/anot/imperative-02.mp3	anot	Paal	imperative	2	את	בבקשה, עֲנִי לשאלה הזו.
2218	5	418	examples/anot/imperative-03.mp3	anot	Paal	imperative	3	אתם	עֲנוּ לי במהירות, בבקשה.
2219	5	419	examples/anot/imperative-04.mp3	anot	Paal	imperative	4	אתן	עֲנֶינָה עכשיו, בבקשה.
2220	5	420	examples/anot/infinitive-01.mp3	anot	Paal	infinitive	1		הוא לא יודע איך לַעֲנוֹת על השאלה הזו.
2221	5	421	examples/tzor/past-01.mp3	tzor	Paal	past	1	אני	יָצַרְתִּי קְעָרָה מִקֶרָמִיקָה.
2222	5	422	examples/tzor/past-02.mp3	tzor	Paal	past	2	אתה	יָצַרְתָּ אוֹתָהּ בִּדְמוּת אֱלֹקים
2223	5	423	examples/tzor/past-03.mp3	tzor	Paal	past	3	את	כְּשֶׁיָצַרְתְּ אֶת הַפְּסָל הַזֶּה, רָאִיתִי אֶת הַכִּשָּׁרוֹן שֶׁבָּךְ.
2224	5	424	examples/tzor/past-04.mp3	tzor	Paal	past	4	הוא	בראשית ברא אלוקים את השמים ואת הארץ, ומאז יצר כל חי.
2225	5	425	examples/tzor/past-05.mp3	tzor	Paal	past	5	היא	הָאֱמוּנָה בַּיָּצְרָה אֶת הָעוֹלָם.
2226	5	426	examples/tzor/past-06.mp3	tzor	Paal	past	6	אנחנו	יָצַרְנוּ צִיּוּר יָפֶה בַּשִּׁעוּר אוֹמָנוּת.
2227	5	427	examples/tzor/past-07.mp3	tzor	Paal	past	7	אתם	בְּמַהֲרוֹתְכֶם יְצַרְתֶּם אֶת הַדְּגָם הַמֻּשְׁלָם בְּשָׁבוּעַ אֶחָד.
2228	5	428	examples/tzor/past-08.mp3	tzor	Paal	past	8	אתן	אַתֶּן יְצַרְתֶּן בִּדְמוּתְכֶן פֶּסֶל מִתּוֹךְ חֲמוֹרָה.
2229	5	429	examples/tzor/past-09.mp3	tzor	Paal	past	9	הם	הם יָצְרוּ יצירה מדהימה בשיעור האמנות.
2230	5	430	examples/tzor/past-10.mp3	tzor	Paal	past	10	הן	הן יָצְרוּ אמנות מרהיבה בתערוכה.
2231	5	431	examples/tzor/present-01.mp3	tzor	Paal	present	1	אני	אני יוֹצֵר יצירות אמנות יפות.
2232	5	432	examples/tzor/present-02.mp3	tzor	Paal	present	2	אני	אני יוֹצֶרֶת קשרים חדשים כל יום.
2233	5	433	examples/tzor/present-03.mp3	tzor	Paal	present	3	אתה	אתה יוֹצֵר דברים יפים בזמנך הפנוי.
2234	5	434	examples/tzor/present-04.mp3	tzor	Paal	present	4	את	הָאָמָנוּת הַזֹּאת יוֹצֶרֶת רוֹגֶשׁ בְּקֶרֶב הַצּוֹפִים.
2235	5	435	examples/tzor/present-05.mp3	tzor	Paal	present	5	הוא	הָאֱלֹקים יוֹצֵר אֶת הָעוֹלָם בְּכָל יוֹם.
2236	5	436	examples/tzor/present-06.mp3	tzor	Paal	present	6	היא	הִיא יוֹצֶרֶת פְּסִיפַס עִם חֲתִיכוֹת זְכוּכִית צְבַעוֹנִיּוֹת.
2237	5	437	examples/tzor/present-07.mp3	tzor	Paal	present	7	אנחנו	אנחנו יוֹצְרִים יצירות אמנות מדהימות.
2238	5	438	examples/tzor/present-08.mp3	tzor	Paal	present	8	אנחנו	אנחנו יוֹצְרוֹת מוצרים חדשים כל הזמן.
2239	5	439	examples/tzor/present-09.mp3	tzor	Paal	present	9	אתם	אתם יוֹצְרִים יצירות אמנות מדהימות.
2240	5	440	examples/tzor/present-10.mp3	tzor	Paal	present	10	אתן	הַתְּלָמִידוֹת יוֹצְרוֹת פְּסִיפָסִים מִקָּרְטוֹן.
2241	5	441	examples/tzor/present-11.mp3	tzor	Paal	present	11	הם	הם יוצרים יצירות אמנות מדהימות.
2242	5	442	examples/tzor/present-12.mp3	tzor	Paal	present	12	הן	הָאֲמָנוֹת יוֹצְרוֹת פְּסָלִים מֵחֹמֶר.
2243	5	443	examples/tzor/future-01.mp3	tzor	Paal	future	1	אני	אֶצוֹר פִּסוּל חָדָשׁ מֵחִימָר.
2244	5	444	examples/tzor/future-02.mp3	tzor	Paal	future	2	אתה	תִּצוֹר קשרים חדשים במהלך הטיול.
2245	5	445	examples/tzor/future-03.mp3	tzor	Paal	future	3	את	תִּצְרִי יצירה מדהימה בשיעור האמנות הבא.
2246	5	446	examples/tzor/future-04.mp3	tzor	Paal	future	4	הוא	הַמַּחְשֵׁב יִצוֹר אוֹתוֹ בְּשִׁמְחָה.
2247	5	447	examples/tzor/future-05.mp3	tzor	Paal	future	5	היא	היא תִּצוֹר יצירת אמנות חדשה בשבוע הבא.
2248	5	448	examples/tzor/future-06.mp3	tzor	Paal	future	6	אנחנו	אנחנו נִצוֹר יצירות אמנות מדהימות בסדנה שלנו.
2249	5	449	examples/tzor/future-07.mp3	tzor	Paal	future	7	אתם	תִּצְרוּ יצירות אמנות יפות בשיעור הפיסול מחר.
2250	5	450	examples/tzor/future-08.mp3	tzor	Paal	future	8	אתן	הן תִּצֹּרְנָה יצירות אמנות מרהיבות בשיעור הבא.
2251	6	1	examples/tzor/future-09.mp3	tzor	Paal	future	9	הם	הם יִצְרוּ יצירות אמנות מדהימות בתערוכה הבאה.
2252	6	2	examples/tzor/future-10.mp3	tzor	Paal	future	10	הן	הן תִּצֹּרְנָה יצירות אמנות מרהיבות בתערוכה הבאה.
2253	6	3	examples/tzor/imperative-01.mp3	tzor	Paal	imperative	1	אתה	צוֹר לעצמך חיים מלאים ומספקים.
2254	6	4	examples/tzor/imperative-02.mp3	tzor	Paal	imperative	2	את	צְרִי אוֹתוֹ מֵחָדָשׁ
2255	6	5	examples/tzor/imperative-03.mp3	tzor	Paal	imperative	3	אתם	צְרוּ עולם של חסד ושלום.
2256	6	6	examples/tzor/imperative-04.mp3	tzor	Paal	imperative	4	אתן	צֹרְנָה עכשיו, בבקשה.
2257	6	7	examples/tzor/infinitive-01.mp3	tzor	Paal	infinitive	1		חשוב ליצור קשר עם חברים ומשפחה בזמנים קשים.
2258	6	8	examples/hitztaref/past-01.mp3	hitztaref	Hitpael	past	1	אני	הִצְטָרַפְתִּי לקבוצה של חברים וטיילנו ברחבי הארץ.
2259	6	9	examples/hitztaref/past-02.mp3	hitztaref	Hitpael	past	2	אתה	הִצְטָרַפְתָּ לַקְבּוּצָה בַּשָּׁבוּעַ שֶׁעָבַר?
2260	6	10	examples/hitztaref/past-03.mp3	hitztaref	Hitpael	past	3	את	הִצְטָרַפְתְּ לקבוצת הריצה שלנו בשבוע שעבר?
2261	6	11	examples/hitztaref/past-04.mp3	hitztaref	Hitpael	past	4	הוא	הִצְטָרֵף לְקְבוּצָה בִּשְׁבִיל לְשַׂחֵק כַּדוּרֶגֶל.
2262	6	12	examples/hitztaref/past-05.mp3	hitztaref	Hitpael	past	5	היא	הִצְטָרְפָה לקבוצה ומאז היא מרגישה יותר שייכת.
2263	6	13	examples/hitztaref/past-06.mp3	hitztaref	Hitpael	past	6	אנחנו	בשבוע שעבר הִצְטָרַפְנוּ לקבוצת הכדורגל של השכונה.
2264	6	14	examples/hitztaref/past-07.mp3	hitztaref	Hitpael	past	7	אתם	הִצְטָרַפְתֶּם לקבוצת הוואטסאפ שלנו?
2265	6	15	examples/hitztaref/past-08.mp3	hitztaref	Hitpael	past	8	אתן	הִצְטָרַפְתֶּן לְקְבוּצַת הַהִלּוּכִים בַּשְּׁבִיל לִרְדוֹת בַּמִּשְׁקָל?
2266	6	16	examples/hitztaref/past-09.mp3	hitztaref	Hitpael	past	9	הם	רבים הִצְטָרְפוּ לתנועה למען זכויות האדם.
2267	6	17	examples/hitztaref/past-10.mp3	hitztaref	Hitpael	past	10	הן	הִצְטָרְפוּ הַמּוֹרִים לַשִּׁבָּה הַיּוֹם בַּבּוֹקֶר.
2268	6	18	examples/hitztaref/present-01.mp3	hitztaref	Hitpael	present	1	אני	אני מִצְטָרֵף לקבוצה בשביל הפעילות.
2269	6	19	examples/hitztaref/present-02.mp3	hitztaref	Hitpael	present	2	אני	אני מִצְטָרֶפֶת לקבוצה החדשה בשמחה.
2270	6	20	examples/hitztaref/present-03.mp3	hitztaref	Hitpael	present	3	אתה	אתה מצטרף אלינו למסיבה הערב?
2271	6	21	examples/hitztaref/present-04.mp3	hitztaref	Hitpael	present	4	את	הִיא מִצְטָרֶפֶת לקבוצה בשביל ללמוד אנגלית.
2272	6	22	examples/hitztaref/present-05.mp3	hitztaref	Hitpael	present	5	הוא	הוא מִצְטָרֵף לקבוצה בשמחה רבה.
2273	6	23	examples/hitztaref/present-06.mp3	hitztaref	Hitpael	present	6	היא	היא מִצְטָרֶפֶת אלינו לטיול מחר.
2274	6	24	examples/hitztaref/present-07.mp3	hitztaref	Hitpael	present	7	אנחנו	אנחנו מִצְטָרְפִים לקבוצה החדשה של בית הספר.
2275	6	25	examples/hitztaref/present-08.mp3	hitztaref	Hitpael	present	8	אנחנו	יותר ויותר חברות מצטרפות לתכנית הירוקה של הממשלה.
2276	6	26	examples/hitztaref/present-09.mp3	hitztaref	Hitpael	present	9	אתם	אתם מצטרפים אלינו למסיבה הערב?
2277	6	27	examples/hitztaref/present-10.mp3	hitztaref	Hitpael	present	10	אתן	נשים רבות מצטרפות לקבוצת הכושר בבוקר.
2278	6	28	examples/hitztaref/present-11.mp3	hitztaref	Hitpael	present	11	הם	רבים מצטרפים לקבוצה כדי ללמוד יחד.
2279	6	29	examples/hitztaref/present-12.mp3	hitztaref	Hitpael	present	12	הן	יותר ויותר נשים מִצְטָרְפוֹת לקבוצה.
2280	6	30	examples/hitztaref/future-01.mp3	hitztaref	Hitpael	future	1	אני	בבוקר אני אֶצְטָרֵף לקבוצת ההליכה בחוף הים.
2281	6	31	examples/hitztaref/future-02.mp3	hitztaref	Hitpael	future	2	אתה	אולי תִּצְטָרֵף אלינו לטיול בשבת?
2282	6	32	examples/hitztaref/future-03.mp3	hitztaref	Hitpael	future	3	את	אם תרצי לבוא איתנו למסעדה, תִּצְטָרְפִי אלינו בשמחה.
2283	6	33	examples/hitztaref/future-04.mp3	hitztaref	Hitpael	future	4	הוא	הוא יִצְטָרֵף אלינו מחר בבוקר.
2284	6	34	examples/hitztaref/future-05.mp3	hitztaref	Hitpael	future	5	היא	אולי תִּצְטָרֵף אלינו למסיבה הערב?
2285	6	35	examples/hitztaref/future-06.mp3	hitztaref	Hitpael	future	6	אנחנו	אנחנו נִצְטָרֵף אליכם לטיול בשבת.
2286	6	36	examples/hitztaref/future-07.mp3	hitztaref	Hitpael	future	7	אתם	מוזמנים תִּצְטָרְפוּ אלינו למסיבה הערב.
2287	6	37	examples/hitztaref/future-08.mp3	hitztaref	Hitpael	future	8	אתן	אחרי שתסיימו את הישיבה, תִּצְטָרֵפְנָה אלינו לטיול בחוץ.
2288	6	38	examples/hitztaref/future-09.mp3	hitztaref	Hitpael	future	9	הם	אני בטוח שבקרוב יִצְטָרְפוּ עוד חברים לקבוצה.
2289	6	39	examples/hitztaref/future-10.mp3	hitztaref	Hitpael	future	10	הן	כָּל הַנָּשִׁים תִּצְטָרֵפְנָה לַמִּסְעָד בַּשָּׁבוּע הַבָּא.
2290	6	40	examples/hitztaref/imperative-01.mp3	hitztaref	Hitpael	imperative	1	אתה	הִצְטָרֵף אֵלֵינוּ לְמִסְעֵדָה הָעָרָב.
2291	6	41	examples/hitztaref/imperative-02.mp3	hitztaref	Hitpael	imperative	2	את	הִצְטָרְפִי אלינו למסיבה הערב.
2292	6	42	examples/hitztaref/imperative-03.mp3	hitztaref	Hitpael	imperative	3	אתם	בואו להופעה וְהִצְטָרְפוּ לחגיגה!
2293	6	43	examples/hitztaref/imperative-04.mp3	hitztaref	Hitpael	imperative	4	אתן	הִצְטָרֵפְנָה עכשיו, בבקשה.
2294	6	44	examples/hitztaref/infinitive-01.mp3	hitztaref	Hitpael	infinitive	1		אתה מוזמן לְהִצְטָרֵף אלינו לטיול בשבת.
2295	6	45	examples/akov/past-01.mp3	akov	Paal	past	1	אני	עָקַבְתִּי אַחֲרֵי הַמַּפֶּה בַּמִּדְבָּר.
2296	6	46	examples/akov/past-02.mp3	akov	Paal	past	2	אתה	עָקַבְתָּ אַחֲרֵי הַסִּפּוּר הַזֶּה בְּכָל הָרֶשֶׁת.
2297	6	47	examples/akov/past-03.mp3	akov	Paal	past	3	את	עָקַבְתְּ אַחֲרֵי הַסִּפּוּר מֵאֲזֵה שֶׁשִּׁנִּיָה.
2298	6	48	examples/akov/past-04.mp3	akov	Paal	past	4	הוא	הַיָּלֶד עָקַב אַחֲרֵי הַכֶּלֶב בַּגִּינָה.
2299	6	49	examples/akov/past-05.mp3	akov	Paal	past	5	היא	הִיא עָקְבָה אַחֲרֵי הַכּוֹכָבִים בַּשָּׁמַיִם.
2300	6	50	examples/akov/past-06.mp3	akov	Paal	past	6	אנחנו	עָקַבְנוּ אחרי ההתקדמות של הפרויקט.
2301	6	51	examples/akov/past-07.mp3	akov	Paal	past	7	אתם	אתם עֲקַבְתֶּם אחרי ההוראות והגעתם למטרה בשלום.
2302	6	52	examples/akov/past-08.mp3	akov	Paal	past	8	אתן	כשהיינו בטיול, עֲקַבְתֶּן אחרינו בכל הדרך.
2303	6	53	examples/akov/past-09.mp3	akov	Paal	past	9	הם	הם עָקְבוּ אחרי הילדים בפארק.
2304	6	54	examples/akov/past-10.mp3	akov	Paal	past	10	הן	הֵן עָקְבוּ אַחֲרֵי הַסִּפּוּר בְּמֶדִיָה הַחֶבְרָתִית.
2305	6	55	examples/akov/present-01.mp3	akov	Paal	present	1	אני	אני עוֹקֵב אחרי ההתפתחויות בתיק.
2306	6	56	examples/akov/present-02.mp3	akov	Paal	present	2	אני	אני עוֹקֶבֶת אחרי החדשות ברשתות החברתיות.
2307	6	57	examples/akov/present-03.mp3	akov	Paal	present	3	אתה	אתה עוֹקֵב אחרי ההתפתחויות בחדשות.
2308	6	58	examples/akov/present-04.mp3	akov	Paal	present	4	את	הדוב עוֹקֶבֶת אחרי הדבש.
2309	6	59	examples/akov/present-05.mp3	akov	Paal	present	5	הוא	הוא עוֹקֵב אחרי החדשות מדי יום.
2310	6	60	examples/akov/present-06.mp3	akov	Paal	present	6	היא	היא עוקבת אחרי כל התפתחות בפרויקט.
2311	6	61	examples/akov/present-07.mp3	akov	Paal	present	7	אנחנו	אנחנו עוֹקְבִים אחרי ההתפתחויות בנושא.
2312	6	62	examples/akov/present-08.mp3	akov	Paal	present	8	אנחנו	אנחנו עוקבות אחרי ההתפתחויות בפרשה.
2313	6	63	examples/akov/present-09.mp3	akov	Paal	present	9	אתם	אתם עוקבים אחרי הדמות הראשית בספר.
2314	6	64	examples/akov/present-10.mp3	akov	Paal	present	10	אתן	הן עוֹקְבוֹת אחרי כל הפרטים בתשומת לב רבה.
2315	6	65	examples/akov/present-11.mp3	akov	Paal	present	11	הם	הם עוקבים אחרי כל פרט בחקירה.
2316	6	66	examples/akov/present-12.mp3	akov	Paal	present	12	הן	הן עוֹקְבוֹת אחרי הטרנדים החדשים ברשתות החברתיות.
2317	6	67	examples/akov/future-01.mp3	akov	Paal	future	1	אני	אֶעֱקֹב אחרי חלומותיי בלי לעצור.
2318	6	68	examples/akov/future-02.mp3	akov	Paal	future	2	אתה	תַּעֲקֹב אחרי החלומות שלך בכל מקום שתלך.
2319	6	69	examples/akov/future-03.mp3	akov	Paal	future	3	את	תַּעַקְבִי אַחֲרַי בַּרְשֶׁת חֶבְרָתִית.
2320	6	70	examples/akov/future-04.mp3	akov	Paal	future	4	הוא	בשבוע הבא, יַעֲקֹב אחרי ההתפתחויות בפרויקט.
2321	6	71	examples/akov/future-05.mp3	akov	Paal	future	5	היא	היא תַּעֲקֹב אחרי החדשות בעיתונות.
2322	6	72	examples/akov/future-06.mp3	akov	Paal	future	6	אנחנו	נַעֲקֹב אחרי ההוראות בדיוק כדי להצליח במשימה.
2323	6	73	examples/akov/future-07.mp3	akov	Paal	future	7	אתם	כשתגיעו לשם, תַּעַקְבוּ אחרי ההוראות בדיוק.
2324	6	74	examples/akov/future-08.mp3	akov	Paal	future	8	אתן	הֵן תַּעֲקֹבְנָה אַחֲרֵי הַכּוֹכָבִים בַּשָּׁמַיִם.
2325	6	75	examples/akov/future-09.mp3	akov	Paal	future	9	הם	הם יַעַקְבוּ אחרי המנהיג שלהם בכל מקום שהוא הולך.
2326	6	76	examples/akov/future-10.mp3	akov	Paal	future	10	הן	הן תַּעֲקֹבְנָה אחרי ההוראות שלי בקפדנות.
2327	6	77	examples/akov/imperative-01.mp3	akov	Paal	imperative	1	אתה	עֲקֹב אחרי הוראות הבטיחות בזמן שאתה עובד באתר הבנייה.
2328	6	78	examples/akov/imperative-02.mp3	akov	Paal	imperative	2	את	עַקְבִי אַחֲרַי לְמַטָּה בַּנַּחַל.
2329	6	79	examples/akov/imperative-03.mp3	akov	Paal	imperative	3	אתם	עַקְבוּ אחרי ההוראות בקפידה.
2330	6	80	examples/akov/imperative-04.mp3	akov	Paal	imperative	4	אתן	עֲקֹבְנָה עכשיו, בבקשה.
2331	6	81	examples/akov/infinitive-01.mp3	akov	Paal	infinitive	1		חשוב לַעֲקֹב אחרי ההתפתחויות בחדשות.
2332	6	82	examples/hovil/past-01.mp3	hovil	Hifil	past	1	אני	הוֹבַלְתִּי אֶת הַקְּבוּצָה לְנִצָּחוֹן בְּמִשְׁחָק הַכַּדוּרְסַל.
2333	6	83	examples/hovil/past-02.mp3	hovil	Hifil	past	2	אתה	הוֹבַלְתָּ אֶת הַקְּבוּצָה לְנִצָּחוֹן מְדְהִים.
2334	6	84	examples/hovil/past-03.mp3	hovil	Hifil	past	3	את	הוֹבַלְתְּ אוֹתָנוּ בְּדֶרֶךְ הַיָּשָׁר.
2335	6	85	examples/hovil/past-04.mp3	hovil	Hifil	past	4	הוא	הוֹבִיל אוֹתָנוּ דֶּרֶךְ הָעִיר הַקְּסוּמָה.
2336	6	86	examples/hovil/past-05.mp3	hovil	Hifil	past	5	היא	הוֹבִילָה אוֹתָנוּ לְמָקוֹם חָדָשׁ בַּתֵּל אָבִיב.
2337	6	87	examples/hovil/past-06.mp3	hovil	Hifil	past	6	אנחנו	הובלנו את הקבוצה לניצחון מרשים במשחק האחרון.
2338	6	88	examples/hovil/past-07.mp3	hovil	Hifil	past	7	אתם	אחרי שובכם מהמסע, הובלתם את הקבוצה בבטחה הביתה.
2339	6	89	examples/hovil/past-08.mp3	hovil	Hifil	past	8	אתן	הוֹבַלְתֶּן אֶת הַקְבוּצָה בְּמַסִירוּת וּבְהֶצְלָחָה.
2340	6	90	examples/hovil/past-09.mp3	hovil	Hifil	past	9	הם	הפגנות המוניות הובילו לשינויים פוליטיים משמעותיים במדינה.
2341	6	91	examples/hovil/past-10.mp3	hovil	Hifil	past	10	הן	הוֹבִילוּ אוֹתָנוּ לְמָקוֹם חָדָשׁ וּמְרַגשׁ.
2342	6	92	examples/hovil/present-01.mp3	hovil	Hifil	present	1	אני	אני מוֹבִיל את הצוות לפרויקט חדש.
2343	6	93	examples/hovil/present-02.mp3	hovil	Hifil	present	2	אני	אני מובילה את הצוות לניצחון.
2344	6	94	examples/hovil/present-03.mp3	hovil	Hifil	present	3	אתה	אתה מוביל את הפרויקט בצורה מרשימה מאוד.
2345	6	95	examples/hovil/present-04.mp3	hovil	Hifil	present	4	את	הַמּוֹרָה מוֹבִילָה אֶת הַתַּלְמִידִים בְּסִיּוּר בַּבֵּית-סֵפֶר.
2346	6	96	examples/hovil/present-05.mp3	hovil	Hifil	present	5	הוא	הוא מוביל את הקבוצה בנחישות.
2347	6	97	examples/hovil/present-06.mp3	hovil	Hifil	present	6	היא	היא מובילה את הפרויקט ביעילות רבה.
2348	6	98	examples/hovil/present-07.mp3	hovil	Hifil	present	7	אנחנו	אנחנו מובילים את הפרויקט בדרך הטובה ביותר.
2349	6	99	examples/hovil/present-08.mp3	hovil	Hifil	present	8	אנחנו	אנחנו מובילות את הפרויקט בצורה מוצלחת.
2350	6	100	examples/hovil/present-09.mp3	hovil	Hifil	present	9	אתם	אתם מובילים את הפרויקט בצורה מצוינת.
2351	6	101	examples/hovil/present-10.mp3	hovil	Hifil	present	10	אתן	הנשים האלה מובילות את המחאה ברחובות.
2352	6	102	examples/hovil/present-11.mp3	hovil	Hifil	present	11	הם	הם מובילים את הפרויקט בצורה מרשימה מאוד.
2353	6	103	examples/hovil/present-12.mp3	hovil	Hifil	present	12	הן	הַמּוֹרוֹת מוֹבִילוֹת אֶת הַתַּלְמִידִים בְּמַסַּע הַשְׁכָּלָה.
2354	6	104	examples/hovil/future-01.mp3	hovil	Hifil	future	1	אני	אני אוביל את הצוות לניצחון.
2355	6	105	examples/hovil/future-02.mp3	hovil	Hifil	future	2	אתה	אתה תוביל את הקבוצה לניצחון.
2356	6	106	examples/hovil/future-03.mp3	hovil	Hifil	future	3	את	תּוֹבִילִי אוֹתָנוּ בְּדֶרֶךְ חֲדָשָׁה.
2357	6	107	examples/hovil/future-04.mp3	hovil	Hifil	future	4	הוא	בִּמְשֶׁךְ הַפַּעֲלוֹת, הַמַּנְהִיג יּוֹבִיל אֶת הַקְּהִלָּה בְּדֶרֶךְ חֲדָשָׁה.
2358	6	108	examples/hovil/future-05.mp3	hovil	Hifil	future	5	היא	היא תּוֹבִיל את הצוות בדרך הנכונה.
2359	6	109	examples/hovil/future-06.mp3	hovil	Hifil	future	6	אנחנו	אנחנו נוביל את הפרויקט הזה לשלמות.
2360	6	110	examples/hovil/future-07.mp3	hovil	Hifil	future	7	אתם	תּוֹבִילוּ אֶת הַקְּבוּצָה לְנִצָּחוֹן.
2361	6	111	examples/hovil/future-08.mp3	hovil	Hifil	future	8	אתן	הן תּוֹבֵלְנָה את הצוות בהצלחה.
2362	6	112	examples/hovil/future-09.mp3	hovil	Hifil	future	9	הם	הם יּוֹבִילוּ את הדמונסטרציה מחר בבוקר.
2363	6	113	examples/hovil/future-10.mp3	hovil	Hifil	future	10	הן	הַנָּשִׁים תּוֹבֵלְנָה אֶת הַמּוֹרֶה בְּסִיּוּר בַּכְּפָרִים.
2364	6	114	examples/hovil/imperative-01.mp3	hovil	Hifil	imperative	1	אתה	הוֹבֵל אוֹתָנוּ בְּבִטָחוֹן לְעֵבֶר הַמַּעֲבָר.
2365	6	115	examples/hovil/imperative-02.mp3	hovil	Hifil	imperative	2	את	הוֹבִילִי אוֹתָנוּ בִּטַחוֹן לְמָחוֹז חֲפֵצִים.
2366	6	116	examples/hovil/imperative-03.mp3	hovil	Hifil	imperative	3	אתם	הוֹבִילוּ אֶת הַמְּחוֹל אֶל הַמַּדְרֵכָה.
2367	6	117	examples/hovil/imperative-04.mp3	hovil	Hifil	imperative	4	אתן	הוֹבֵלְנָה עכשיו, בבקשה.
2368	6	118	examples/hovil/infinitive-01.mp3	hovil	Hifil	infinitive	1		אנו מחפשים מישהו שיוכל לְהוֹבִיל את הפרויקט החדש שלנו.
2369	6	119	examples/hagen/past-01.mp3	hagen	Hifil	past	1	אני	הָגַנְתִּי עַל הַיְלָדִים מִפְּנֵי הַשֶּׁמֶשׁ הַחֲזָקָה.
2370	6	120	examples/hagen/past-02.mp3	hagen	Hifil	past	2	אתה	הָגַנְתָּ עַל הַמִּשְׁפָּחָה בִּזְמַן הַסַּעַר.
2371	6	121	examples/hagen/past-03.mp3	hagen	Hifil	past	3	את	הָגַנְתְּ עלינו מפני הסכנה בלילה.
2372	6	122	examples/hagen/past-04.mp3	hagen	Hifil	past	4	הוא	הֵגֵן עלי מפני הסערה.
2373	6	123	examples/hagen/past-05.mp3	hagen	Hifil	past	5	היא	הֵגְנָה עליו בכל כוחה
2374	6	124	examples/hagen/past-06.mp3	hagen	Hifil	past	6	אנחנו	הָגַנּוּ על הילדים כדי למנוע מהם ליפול.
2375	6	125	examples/hagen/past-07.mp3	hagen	Hifil	past	7	אתם	הֲגַנְתֶּם על המשפחה בזמן הסערה?
2376	6	126	examples/hagen/past-08.mp3	hagen	Hifil	past	8	אתן	האם הגנתן על הילדים מפני השמש החזקה?
2377	6	127	examples/hagen/past-09.mp3	hagen	Hifil	past	9	הם	הֵגְנוּ על הילדים מפני השמש החמה.
2378	6	128	examples/hagen/past-10.mp3	hagen	Hifil	past	10	הן	בְּזְמַן הַמִּלְחָמָה, הֵגְנוּ עַל הַמְדִינָה בְּאֹמֶץ.
2379	6	129	examples/hagen/present-01.mp3	hagen	Hifil	present	1	אני	אני מֵגֵן על המשפחה שלי בכל מצב.
2380	6	130	examples/hagen/present-02.mp3	hagen	Hifil	present	2	אני	אני מְגִנָּה עליו מפני כל סכנה.
2381	6	131	examples/hagen/present-03.mp3	hagen	Hifil	present	3	אתה	אתה מֵגֵן עלינו מפני הסכנות בדרכים.
2382	6	132	examples/hagen/present-04.mp3	hagen	Hifil	present	4	את	את מְגִנָּה על הילדים בבית הספר.
2383	6	133	examples/hagen/present-05.mp3	hagen	Hifil	present	5	הוא	הדוב מֵגֵן על גוריו בחורף.
2384	6	134	examples/hagen/present-06.mp3	hagen	Hifil	present	6	היא	היא מְגִנָּה עלינו מפני הסכנות בחיים.
2385	6	135	examples/hagen/present-07.mp3	hagen	Hifil	present	7	אנחנו	אנחנו מְגִנִּים על המדינה בכל כוחנו.
2386	6	136	examples/hagen/present-08.mp3	hagen	Hifil	present	8	אנחנו	אנחנו מְגִנּוֹת על המשפחה שלנו בכל מצב.
2387	6	137	examples/hagen/present-09.mp3	hagen	Hifil	present	9	אתם	אתם מְגִנִּים על המדינה בגבורה.
2388	6	138	examples/hagen/present-10.mp3	hagen	Hifil	present	10	אתן	אתן מְגִנּוֹת על הילדים בכל מצב.
2389	6	139	examples/hagen/present-11.mp3	hagen	Hifil	present	11	הם	הם מְגִנִּים על הילדים בבית הספר.
2390	6	140	examples/hagen/present-12.mp3	hagen	Hifil	present	12	הן	הן מְגִנּוֹת עלינו מפני הסכנות בדרכים.
2391	6	141	examples/hagen/future-01.mp3	hagen	Hifil	future	1	אני	אָגֵן עליך בכל מצב.
2392	6	142	examples/hagen/future-02.mp3	hagen	Hifil	future	2	אתה	תָּגֵן על הילדים בכל מצב.
2393	6	143	examples/hagen/future-03.mp3	hagen	Hifil	future	3	את	את תָּגֵנִּי עליי מפני הרוח הקרה.
2394	6	144	examples/hagen/future-04.mp3	hagen	Hifil	future	4	הוא	יָגֵן עלינו מפני כל רע.
2395	6	145	examples/hagen/future-05.mp3	hagen	Hifil	future	5	היא	בבוקר היא תָּגֵן על הילדים בדרך לגן.
2396	6	146	examples/hagen/future-06.mp3	hagen	Hifil	future	6	אנחנו	אנחנו נָגֵן על הפארק החדש בשכונה.
2397	6	147	examples/hagen/future-07.mp3	hagen	Hifil	future	7	אתם	תָּגֵנוּ על הילדים בכל מחיר.
2398	6	148	examples/hagen/future-08.mp3	hagen	Hifil	future	8	אתן	כשאתן תגנה על הטבע, העתיד שלנו יהיה בטוח יותר.
2399	6	149	examples/hagen/future-09.mp3	hagen	Hifil	future	9	הם	בַּמִּלְחָמָה הַבָּאָה, יָגֵנוּ עַל הָעִיר בְּכָל מֶה שֶׁיֵּשׁ בִּידֵינוּ.
2400	6	150	examples/hagen/future-10.mp3	hagen	Hifil	future	10	הן	בְּשָׁעַת הַסַּכָּנָה, הֵן תָּגֵנָּה עַל הַיְלָדִים.
2401	6	151	examples/hagen/imperative-01.mp3	hagen	Hifil	imperative	1	אתה	הָגֵן על המשפחה שלך.
2402	6	152	examples/hagen/imperative-02.mp3	hagen	Hifil	imperative	2	את	הָגֵנִּי על הילדים בבית הספר.
2403	6	153	examples/hagen/imperative-03.mp3	hagen	Hifil	imperative	3	אתם	הֲגֵנוּ על הילדים בכל מצב.
2404	6	154	examples/hagen/imperative-04.mp3	hagen	Hifil	imperative	4	אתן	הָגֵנָּה עכשיו, בבקשה.
2405	6	155	examples/hagen/infinitive-01.mp3	hagen	Hifil	infinitive	1		חשוב לְהָגֵן על הסביבה כדי לשמור על העתיד שלנו.
2406	6	156	examples/hodia/past-01.mp3	hodia	Hifil	past	1	אני	הוֹדַעְתִּי לְכֻלָּם שֶׁאֲנִי בָּא לַמְּסִבָּה.
2407	6	157	examples/hodia/past-02.mp3	hodia	Hifil	past	2	אתה	הוֹדַעְתָּ לְכֻלָּם עַל הַשִׁינּוּי בַּתָּכְנִית.
2408	6	158	examples/hodia/past-03.mp3	hodia	Hifil	past	3	את	הוֹדַעַתְּ לוֹ אֶת הַחֲדָשׁוֹת בְּעִדּוּן רַב.
2409	6	159	examples/hodia/past-04.mp3	hodia	Hifil	past	4	הוא	הוֹדִיעַ לְךָ שֶׁהַמִּפְגָּשׁ נִדְחָה לְמָחָר.
2410	6	160	examples/hodia/past-05.mp3	hodia	Hifil	past	5	היא	הוֹדִיעָה לִי שֶׁהַמֶּלֶךְ יָבוֹא מָחָר.
2411	6	161	examples/hodia/past-06.mp3	hodia	Hifil	past	6	אנחנו	הוֹדַעְנוּ לְכָל הַתּוֹשָׁבִים עַל הַשִּׁינּוּי בְּמִועַד הָאִסּוּף.
2412	6	162	examples/hodia/past-07.mp3	hodia	Hifil	past	7	אתם	הוֹדַעְתֶּם אוֹתִי עַל הַשִּׁינּוּי בַּתְּכְנִיָּה בְּזְמַן.
2413	6	163	examples/hodia/past-08.mp3	hodia	Hifil	past	8	אתן	הוֹדַעְתֶּן לָנוּ אֶת הַחֲדָשׁוֹת בִּמְהִירוּת.
2414	6	164	examples/hodia/past-09.mp3	hodia	Hifil	past	9	הם	הוֹדִיעוּ אוֹתָנוּ כִּי הַמֶּרְכָּז יִסְגֹּר מוּקְדָם בְּיוֹם שִׁישִׁי.
2415	6	165	examples/hodia/past-10.mp3	hodia	Hifil	past	10	הן	הוֹדִיעוּ אוֹתִי שֶׁהַמַּעֲרָכוֹת חוֹזְרוֹת לְמַחְרָת.
2416	6	166	examples/hodia/present-01.mp3	hodia	Hifil	present	1	אני	אני מוֹדִיעַ אתכם שהפגישה נדחתה ליום חמישי.
2417	6	167	examples/hodia/present-02.mp3	hodia	Hifil	present	2	אני	אני מודיעה לך שהפגישה נדחתה.
2418	6	168	examples/hodia/present-03.mp3	hodia	Hifil	present	3	אתה	אתה מודיע את כולם על השינוי בלוח הזמנים.
2419	6	169	examples/hodia/present-04.mp3	hodia	Hifil	present	4	את	הַמּוֹרָה מוֹדִיעָה לְתַלְמִידִים עַל שִׁינּוּי בְּשִׁעוּר.
2420	6	170	examples/hodia/present-05.mp3	hodia	Hifil	present	5	הוא	הוא מודיע את כולם על השינוי בלוח הזמנים.
2421	6	171	examples/hodia/present-06.mp3	hodia	Hifil	present	6	היא	הנהלת בית הספר מודיעה על שינוי בלוח השנה.
2422	6	172	examples/hodia/present-07.mp3	hodia	Hifil	present	7	אנחנו	אנחנו מודיעים לך על השינוי בתכנית.
2423	6	173	examples/hodia/present-08.mp3	hodia	Hifil	present	8	אנחנו	אנחנו מוֹדִיעוֹת אתכם על השינויים בלוח הזמנים.
2424	6	174	examples/hodia/present-09.mp3	hodia	Hifil	present	9	אתם	אתם מודיעים לי על כל השינויים בלוח הזמנים.
2425	6	175	examples/hodia/present-10.mp3	hodia	Hifil	present	10	אתן	"הן מוֹדִיעוֹת אתכם על שינוי בלו""ז."
2426	6	176	examples/hodia/present-11.mp3	hodia	Hifil	present	11	הם	הם מוֹדִיעִים אותנו על שינוי בלוח הזמנים.
2427	6	177	examples/hodia/present-12.mp3	hodia	Hifil	present	12	הן	הנשים מודיעות לנו על השינויים בלוח הזמנים.
2428	6	178	examples/hodia/future-01.mp3	hodia	Hifil	future	1	אני	אוֹדִיעַ לְךָ אֶת הַתָּארִיךְ כְּשֶׁאֱדַע.
2429	6	179	examples/hodia/future-02.mp3	hodia	Hifil	future	2	אתה	אם יש לך חדשות, תודיע לי מיד.
2430	6	180	examples/hodia/future-03.mp3	hodia	Hifil	future	3	את	אנא תּוֹדִיעִי לי אם יש שינויים בתכנון.
2431	6	181	examples/hodia/future-04.mp3	hodia	Hifil	future	4	הוא	הַמּוֹרֶה יוֹדִיעַ אֶת הַתַּלְמִידִים עַל הַשִּׁעוּר הַחֲדָשׁ.
2432	6	182	examples/hodia/future-05.mp3	hodia	Hifil	future	5	היא	בבקשה תודיע לי אם יש חדשות.
2433	6	183	examples/hodia/future-06.mp3	hodia	Hifil	future	6	אנחנו	נוֹדִיעַ אֶתְכֶם עַל הַשִּׁינּוּיִים בְּזְמַן הַקְרוֹב.
2434	6	184	examples/hodia/future-07.mp3	hodia	Hifil	future	7	אתם	אנא תּוֹדִיעוּ אותי אם יש שינויים בתוכנית.
2435	6	185	examples/hodia/future-08.mp3	hodia	Hifil	future	8	אתן	הַמּוֹרוֹת תּוֹדַעְנָה אֶת הַהוֹרִים עַל הַשִּׁינּוּיִים בְּשִׁעוּרִים.
2436	6	186	examples/hodia/future-09.mp3	hodia	Hifil	future	9	הם	הם יוֹדִיעוּ אוֹתָנוּ בְּרֶגַע שֶׁיִּגִּיעוּ לַמָּקוֹם.
2437	6	187	examples/hodia/future-10.mp3	hodia	Hifil	future	10	הן	הן תודענה את הציבור על השינויים בתכנית.
2438	6	188	examples/hodia/imperative-01.mp3	hodia	Hifil	imperative	1	אתה	הוֹדַע לִי כְּשֶׁתָּגִיעַ לַמָּקוֹם.
2439	6	189	examples/hodia/imperative-02.mp3	hodia	Hifil	imperative	2	את	הוֹדִיעִי לָהֶם שֶׁאֲנַחְנוּ מְאַחֲרִים.
2440	6	190	examples/hodia/imperative-03.mp3	hodia	Hifil	imperative	3	אתם	הוֹדִיעוּ לָנוּ אִם אַתֶּם יְכוֹלִים לָבוֹא לַחֲגִיגָה.
2441	6	191	examples/hodia/imperative-04.mp3	hodia	Hifil	imperative	4	אתן	הוֹדַעְנָה עכשיו, בבקשה.
2442	6	192	examples/hodia/infinitive-01.mp3	hodia	Hifil	infinitive	1		אני רוצה לְהוֹדִיעַ לך על השינוי בתכניות.
2443	6	193	examples/hishtatef/past-01.mp3	hishtatef	Hitpael	past	1	אני	בַּמִּסִבָּה הִשְׁתַּתַּפְתִּי בְּכַמָּה מִשְׂחָקִים.
2444	6	194	examples/hishtatef/past-02.mp3	hishtatef	Hitpael	past	2	אתה	הִשְׁתַּתַּפְתָּ בַּתְּכַנִּית הַזוֹ?
2445	6	195	examples/hishtatef/past-03.mp3	hishtatef	Hitpael	past	3	את	את הִשְׁתַּתַּפְתְּ בפעילות ההתנדבות אתמול?
2446	6	196	examples/hishtatef/past-04.mp3	hishtatef	Hitpael	past	4	הוא	הִשְׁתַּתֵּף בַּמִּשְׁחָק וְנִצְחַתִּי.
2447	6	197	examples/hishtatef/past-05.mp3	hishtatef	Hitpael	past	5	היא	הִשְׁתַּתְּפָה בתחרות הזמר והזכתה במקום הראשון.
2448	6	198	examples/hishtatef/past-06.mp3	hishtatef	Hitpael	past	6	אנחנו	הִשְׁתַּתַּפְנוּ בְּמִסְעֵד אֵלִיָּהוּ בַּשָּׁבוּע שֶׁעָבַר.
2449	6	199	examples/hishtatef/past-07.mp3	hishtatef	Hitpael	past	7	אתם	הִשְׁתַּתַּפְתֶּם בְּמִסִיבַת הַיּוֹם הַלֵּדֶת שֶׁל יוֹסֵף?
2450	6	200	examples/hishtatef/past-08.mp3	hishtatef	Hitpael	past	8	אתן	הִשְׁתַּתַּפְתֶּן בַּמִּסיבָה אֶתְמוֹל בַּלַּיְלָה?
2451	6	201	examples/hishtatef/past-09.mp3	hishtatef	Hitpael	past	9	הם	"רבים הִשְׁתַּתְּפוּ בטקס הזיכרון לחללי צה""ל."
2452	6	202	examples/hishtatef/past-10.mp3	hishtatef	Hitpael	past	10	הן	הִשְׁתַּתְּפוּ בְּתַכְנִית הַהַסְבָּרָה בְּשָׁנָה שַׁעֲבָרָה.
2453	6	203	examples/hishtatef/present-01.mp3	hishtatef	Hitpael	present	1	אני	אני משתתף בפעילות הזו בשמחה רבה.
2454	6	204	examples/hishtatef/present-02.mp3	hishtatef	Hitpael	present	2	אני	אני משתתפת בפעילות הקהילתית בכל שבוע.
2455	6	205	examples/hishtatef/present-03.mp3	hishtatef	Hitpael	present	3	אתה	אתה מִשְׁתַּתֵּף בפעילות הקהילתית בשכונה?
2456	6	206	examples/hishtatef/present-04.mp3	hishtatef	Hitpael	present	4	את	היא מִשְׁתַּתֶּפֶת בדיונים בכל פעם שהיא יכולה.
2457	6	207	examples/hishtatef/present-05.mp3	hishtatef	Hitpael	present	5	הוא	הוא משתתף בפעילות הקהילתית בשמחה.
2458	6	208	examples/hishtatef/present-06.mp3	hishtatef	Hitpael	present	6	היא	היא משתתפת בדיונים בכנסת.
2459	6	209	examples/hishtatef/present-07.mp3	hishtatef	Hitpael	present	7	אנחנו	אנחנו משתתפים בטקס הזיכרון השנתי.
2460	6	210	examples/hishtatef/present-08.mp3	hishtatef	Hitpael	present	8	אנחנו	אנחנו מִשְׁתַּתְּפוֹת בכנס הנשים היום.
2461	6	211	examples/hishtatef/present-09.mp3	hishtatef	Hitpael	present	9	אתם	אתם משתתפים בתחרות הזו?
2462	6	212	examples/hishtatef/present-10.mp3	hishtatef	Hitpael	present	10	אתן	הֵן מִשְׁתַּתְּפוֹת בְּכִתָּה בְּשִׁעוּר הַתְּנועָה.
2463	6	213	examples/hishtatef/present-11.mp3	hishtatef	Hitpael	present	11	הם	הם משתתפים בפעילות בכל שבוע.
2464	6	214	examples/hishtatef/present-12.mp3	hishtatef	Hitpael	present	12	הן	הנשים מִשְׁתַּתְּפוֹת בפעילות הקהילתית בשמחה רבה.
2465	6	215	examples/hishtatef/future-01.mp3	hishtatef	Hitpael	future	1	אני	אֶשְׁתַּתֵּף בְּכִנּוּס הַתַּרְבּוּת שֶׁל הָעִיר.
2466	6	216	examples/hishtatef/future-02.mp3	hishtatef	Hitpael	future	2	אתה	תִּשְׁתַּתֵּף בַּפְּעִילוּת הַזֹּאת מִמְשִׁיךְ?
2467	6	217	examples/hishtatef/future-03.mp3	hishtatef	Hitpael	future	3	את	תִּשְׁתַּתְּפִי בפעילות היום?
2468	6	218	examples/hishtatef/future-04.mp3	hishtatef	Hitpael	future	4	הוא	הוא יִשְׁתַּתֵּף בַּתַּכְנִית הַמְיֻחֶדֶת.
2469	6	219	examples/hishtatef/future-05.mp3	hishtatef	Hitpael	future	5	היא	היא תִּשְׁתַּתֵּף בפעילות הקהילתית מחר.
2470	6	220	examples/hishtatef/future-06.mp3	hishtatef	Hitpael	future	6	אנחנו	בשנה הבאה נִשְׁתַּתֵּף בפסטיבל המוזיקה הגדול בעיר.
2471	6	221	examples/hishtatef/future-07.mp3	hishtatef	Hitpael	future	7	אתם	אני מקווה שתשתתפו בפעילות הבאה שלנו.
2472	6	222	examples/hishtatef/future-08.mp3	hishtatef	Hitpael	future	8	אתן	אֲנִי מַקְוֶה שֶׁתִּשְׁתַּתֵּפְנָה בְּכִתָּה בְּיֵשִׁיבַת הַוַּעֲדָה.
2473	6	223	examples/hishtatef/future-09.mp3	hishtatef	Hitpael	future	9	הם	אני בטוח שהם ישתתפו בטקס בשנה הבאה.
2474	6	224	examples/hishtatef/future-10.mp3	hishtatef	Hitpael	future	10	הן	בטוח שהן תִּשְׁתַּתֵּפְנָה במשחק מחר.
2475	6	225	examples/hishtatef/imperative-01.mp3	hishtatef	Hitpael	imperative	1	אתה	הִשְׁתַּתֵּף בִּפְעִילוּת הַקְהִלָּה וְתִרְאֶה כַּמָּה זֶה כֵּיף.
2476	6	226	examples/hishtatef/imperative-02.mp3	hishtatef	Hitpael	imperative	2	את	הִשְׁתַּתְּפִי בְּפְעִילוּת הַקְּבוּצָה הַיּוֹם.
2477	6	227	examples/hishtatef/imperative-03.mp3	hishtatef	Hitpael	imperative	3	אתם	בבקשה, הִשְׁתַּתְּפוּ בדיון הזה.
2478	6	228	examples/hishtatef/imperative-04.mp3	hishtatef	Hitpael	imperative	4	אתן	הִשְׁתַּתֵּפְנָה עכשיו, בבקשה.
2479	6	229	examples/hishtatef/infinitive-01.mp3	hishtatef	Hitpael	infinitive	1		חשוב לי להשתתף בפעילות הקהילתית הזו.
2480	6	230	examples/chagot/past-01.mp3	chagot	Paal	past	1	אני	חָגַגְתִּי אֶת יוֹם הוּלֶדֶת בִּתִּי בַּשָּׁבוּעַ שֶׁעָבַר.
2481	6	231	examples/chagot/past-02.mp3	chagot	Paal	past	2	אתה	איך חָגַגְתָּ את יום הולדתך?
2482	6	232	examples/chagot/past-03.mp3	chagot	Paal	past	3	את	חָגַגְתְּ אֶת יוֹם הוּלֶדֶת בַּת שְׁלוֹשׁ עִם מִשְׁפָּחָה וְחֲבֵרִים.
2483	6	233	examples/chagot/past-04.mp3	chagot	Paal	past	4	הוא	אמש חָגַג את יום הולדתו עם כל המשפחה.
2484	6	234	examples/chagot/past-05.mp3	chagot	Paal	past	5	היא	הַמִּשְׁפָּחָה חָגְגָה אֶת חֲג הַפֶּסַח בְּשִׂמְחָה גָּדוֹלָה.
2485	6	235	examples/chagot/past-06.mp3	chagot	Paal	past	6	אנחנו	חָגַגְנוּ את יום ההולדת של סבא בגן הציבורי.
2486	6	236	examples/chagot/past-07.mp3	chagot	Paal	past	7	אתם	חֲגַגְתֶּם אֶת חֲג הַפֶּסַח עִם מִשְׁפְּחוֹתֵיכֶם בַּשָּׁנָה שֶׁעָבְרָה?
2487	6	237	examples/chagot/past-08.mp3	chagot	Paal	past	8	אתן	חֲגַגְתֶּן את יום הולדתה של אמא בסגנון מיוחד השנה.
2488	6	238	examples/chagot/past-09.mp3	chagot	Paal	past	9	הם	בשנה שעברה חָגְגוּ את חג הפסח עם כל המשפחה.
2489	6	239	examples/chagot/past-10.mp3	chagot	Paal	past	10	הן	הֵם חָגְגוּ אֶת חֲג הַפּוּרִים בְּשִׂמְחָה גְדוֹלָה.
2490	6	240	examples/chagot/present-01.mp3	chagot	Paal	present	1	אני	אני חוֹגֵג את יום ההולדת שלי עם משפחתי וחבריי.
2491	6	241	examples/chagot/present-02.mp3	chagot	Paal	present	2	אני	אני חוֹגֶגֶת את יום הולדתי עם משפחתי.
2492	6	242	examples/chagot/present-03.mp3	chagot	Paal	present	3	אתה	אתה חוגג את יום ההולדת שלך מחר?
2493	6	243	examples/chagot/present-04.mp3	chagot	Paal	present	4	את	הַמִּשְׁפָּחָה חוֹגֶגֶת אֶת חֲג הַפֶּסַח בְּשִׂמְחָה רַבָּה.
2494	6	244	examples/chagot/present-05.mp3	chagot	Paal	present	5	הוא	היום הוא חוֹגֵג את יום הולדתו.
2495	6	245	examples/chagot/present-06.mp3	chagot	Paal	present	6	היא	היא חוגגת את יום הולדתה בחצר הבית.
2496	6	246	examples/chagot/present-07.mp3	chagot	Paal	present	7	אנחנו	אנחנו חוֹגְגִים את יום ההולדת שלה בשמחה גדולה.
2497	6	247	examples/chagot/present-08.mp3	chagot	Paal	present	8	אנחנו	אנחנו חוגגות את יום הולדתה של אמא.
2498	6	248	examples/chagot/present-09.mp3	chagot	Paal	present	9	אתם	אַתֶּם חוֹגְגִים אֵת יוֹם הַהוּלֶדֶת בְּיַחַד?
2499	6	249	examples/chagot/present-10.mp3	chagot	Paal	present	10	אתן	הַיְּלָדוֹת חוֹגְגוֹת אֶת יוֹם הוּלַדְתָּן בְּשִׂמְחָה גְּדוֹלָה.
2500	6	250	examples/chagot/present-11.mp3	chagot	Paal	present	11	הם	הם חוֹגְגִים את יום הולדתו של אבא שלהם.
2501	6	251	examples/chagot/present-12.mp3	chagot	Paal	present	12	הן	הנשים חוֹגְגוֹת את חג המולד בשמחה רבה.
2502	6	252	examples/chagot/future-01.mp3	chagot	Paal	future	1	אני	אֶחֱגֹּג אֶת יוֹם הוּלֶדֶת הַחֲמִשִּׁים שֶׁלִּי בַּחוּץ לָאָרֶץ.
2503	6	253	examples/chagot/future-02.mp3	chagot	Paal	future	2	אתה	בַּשָּׁנָה הַבָּאָה, תַּחֲגֹּג אֶת יוֹם הוּלֶדֶת הַשְׁלוֹשִׁים שֶׁלְּךָ.
2504	6	254	examples/chagot/future-03.mp3	chagot	Paal	future	3	את	את תַּחְגְּגִי את יום הולדתך עם כל המשפחה.
2505	6	255	examples/chagot/future-04.mp3	chagot	Paal	future	4	הוא	הוא יַחֲגֹּג את יום הולדתו בחודש הבא.
2506	6	256	examples/chagot/future-05.mp3	chagot	Paal	future	5	היא	היא תַּחֲגֹּג את יום הולדתה בשבוע הבא.
2507	6	257	examples/chagot/future-06.mp3	chagot	Paal	future	6	אנחנו	נַחֲגֹּג את החג ביחד עם כל המשפחה.
2508	6	258	examples/chagot/future-07.mp3	chagot	Paal	future	7	אתם	בשנה הבאה תַּחְגְּגוּ את חג השבועות בירושלים.
2509	6	259	examples/chagot/future-08.mp3	chagot	Paal	future	8	אתן	בַּשָּׁנָה הַבָּאָה, תַּחֲגֹגְנָה אֶת חֲג הַחֲנֻכָּה בְּמִשְׁפָּחָה.
2510	6	260	examples/chagot/future-09.mp3	chagot	Paal	future	9	הם	בשנה הבאה יַחְגְּגוּ את חג הפסח בירושלים.
2511	6	261	examples/chagot/future-10.mp3	chagot	Paal	future	10	הן	הן תַּחֲגֹגְנָה את חג הפסח בשנה הבאה.
2512	6	262	examples/chagot/imperative-01.mp3	chagot	Paal	imperative	1	אתה	חֹג איתנו את החג.
2513	6	263	examples/chagot/imperative-02.mp3	chagot	Paal	imperative	2	את	חַגִּי את החג הזה בשמחה!
2514	6	264	examples/chagot/imperative-03.mp3	chagot	Paal	imperative	3	אתם	חַגּוּ אֶת הַיּוֹם הַזֶּה בְּשִׂמְחָה גְּדוֹלָה.
2515	6	265	examples/chagot/imperative-04.mp3	chagot	Paal	imperative	4	אתן	חֹגְנָה עכשיו, בבקשה.
2516	6	266	examples/chagot/infinitive-01.mp3	chagot	Paal	infinitive	1		אנחנו מחכים לַחְגֹּג את חג הפסח עם המשפחה.
2517	6	267	examples/damot/past-01.mp3	damot	Paal	past	1	אני	אני דָּמִיתִי לדמות שבתמונה אתמול.
2518	6	268	examples/damot/past-02.mp3	damot	Paal	past	2	אתה	אתה דָּמִיתָ לדמות שבתמונה אתמול.
2519	6	269	examples/damot/past-03.mp3	damot	Paal	past	3	את	את דָּמִית לדמות שבתמונה אתמול.
2520	6	270	examples/damot/past-04.mp3	damot	Paal	past	4	הוא	הוא דָּמָה לדמות שבתמונה אתמול.
2521	6	271	examples/damot/past-05.mp3	damot	Paal	past	5	היא	היא דָּמְתָה לדמות שבתמונה אתמול.
2522	6	272	examples/damot/past-06.mp3	damot	Paal	past	6	אנחנו	אנחנו דָּמִינוּ לדמות שבתמונה אתמול.
2523	6	273	examples/damot/past-07.mp3	damot	Paal	past	7	אתם	אתם דְּמִיתֶם לדמות שבתמונה אתמול.
2524	6	274	examples/damot/past-08.mp3	damot	Paal	past	8	אתן	אתן דְּמִיתֶן לדמות שבתמונה אתמול.
2525	6	275	examples/damot/past-09.mp3	damot	Paal	past	9	הם	הם דָּמוּ לדמות שבתמונה אתמול.
2526	6	276	examples/damot/past-10.mp3	damot	Paal	past	10	הן	הן דָּמוּ לדמות שבתמונה אתמול.
2527	6	277	examples/damot/present-01.mp3	damot	Paal	present	1	אני	אני דּוֹמֶה לדמות שבתמונה עכשיו.
2528	6	278	examples/damot/present-02.mp3	damot	Paal	present	2	אני	אני דּוֹמָה לדמות שבתמונה עכשיו.
2529	6	279	examples/damot/present-03.mp3	damot	Paal	present	3	אתה	אתה דּוֹמֶה לדמות שבתמונה עכשיו.
2530	6	280	examples/damot/present-04.mp3	damot	Paal	present	4	את	את דּוֹמָה לדמות שבתמונה עכשיו.
2531	6	281	examples/damot/present-05.mp3	damot	Paal	present	5	הוא	הוא דּוֹמֶה לדמות שבתמונה עכשיו.
2532	6	282	examples/damot/present-06.mp3	damot	Paal	present	6	היא	היא דּוֹמָה לדמות שבתמונה עכשיו.
2533	6	283	examples/damot/present-07.mp3	damot	Paal	present	7	אנחנו	אנחנו דּוֹמִים לדמות שבתמונה עכשיו.
2534	6	284	examples/damot/present-08.mp3	damot	Paal	present	8	אנחנו	אנחנו דּוֹמוֹת לדמות שבתמונה עכשיו.
2535	6	285	examples/damot/present-09.mp3	damot	Paal	present	9	אתם	אתם דּוֹמִים לדמות שבתמונה עכשיו.
2536	6	286	examples/damot/present-10.mp3	damot	Paal	present	10	אתן	אתן דּוֹמוֹת לדמות שבתמונה עכשיו.
2537	6	287	examples/damot/present-11.mp3	damot	Paal	present	11	הם	הם דּוֹמִים לדמות שבתמונה עכשיו.
2538	6	288	examples/damot/present-12.mp3	damot	Paal	present	12	הן	הן דּוֹמוֹת לדמות שבתמונה עכשיו.
2539	6	289	examples/damot/future-01.mp3	damot	Paal	future	1	אני	אני אֶדְמֶה לדמות שבתמונה מחר.
2540	6	290	examples/damot/future-02.mp3	damot	Paal	future	2	אתה	אתה תִּדְמֶה לדמות שבתמונה מחר.
2541	6	291	examples/damot/future-03.mp3	damot	Paal	future	3	את	את תִּדְמִי לדמות שבתמונה מחר.
2542	6	292	examples/damot/future-04.mp3	damot	Paal	future	4	הוא	הוא יִדְמֶה לדמות שבתמונה מחר.
2543	6	293	examples/damot/future-05.mp3	damot	Paal	future	5	היא	היא תִּדְמֶה לדמות שבתמונה מחר.
2544	6	294	examples/damot/future-06.mp3	damot	Paal	future	6	אנחנו	אנחנו נִדְמֶה לדמות שבתמונה מחר.
2545	6	295	examples/damot/future-07.mp3	damot	Paal	future	7	אתם	אתם תִּדְמוּ לדמות שבתמונה מחר.
2546	6	296	examples/damot/future-08.mp3	damot	Paal	future	8	אתן	אתן תִּדְמֶינָה לדמות שבתמונה מחר.
2547	6	297	examples/damot/future-09.mp3	damot	Paal	future	9	הם	הם יִדְמוּ לדמות שבתמונה מחר.
2548	6	298	examples/damot/future-10.mp3	damot	Paal	future	10	הן	הן תִּדְמֶינָה לדמות שבתמונה מחר.
2549	6	299	examples/damot/imperative-01.mp3	damot	Paal	imperative	1	אתה	דְּמֵה לדמות שבתמונה עכשיו, בבקשה.
2550	6	300	examples/damot/imperative-02.mp3	damot	Paal	imperative	2	את	דְּמִי לדמות שבתמונה עכשיו, בבקשה.
2551	6	301	examples/damot/imperative-03.mp3	damot	Paal	imperative	3	אתם	דְּמוּ לדמות שבתמונה עכשיו, בבקשה.
2552	6	302	examples/damot/imperative-04.mp3	damot	Paal	imperative	4	אתן	דְּמֶינָה לדמות שבתמונה עכשיו, בבקשה.
2553	6	303	examples/damot/infinitive-01.mp3	damot	Paal	infinitive	1		אני רוצה לִדְמוֹת לדמות שבתמונה.
2554	6	304	examples/esof/past-01.mp3	esof	Paal	past	1	אני	אָסַפְתִּי פֵּרוֹת מִן הַגִּנָּה בַּבֹּקֶר.
2555	6	305	examples/esof/past-02.mp3	esof	Paal	past	2	אתה	אָסַפְתָּ את כל הדברים החשובים לפני שיצאת לדרך.
2556	6	306	examples/esof/past-03.mp3	esof	Paal	past	3	את	אָסַפְתְּ אֶת כָּל הַפְּרָחִים בַּשָּׂדֶה.
2557	6	307	examples/esof/past-04.mp3	esof	Paal	past	4	הוא	הִוא אָסַף אֶת כָּל הַתְּפוּחִים שֶׁנָּפְלוּ מִן הָעֵץ.
2558	6	308	examples/esof/past-05.mp3	esof	Paal	past	5	היא	הִיא אָסְפָה אֶת כָּל הַפְּרָחִים בַּגָּן.
2559	6	309	examples/esof/past-06.mp3	esof	Paal	past	6	אנחנו	אָסַפְנוּ כּל הַפֵּרוֹת בַּגִּינָה.
2560	6	310	examples/esof/past-07.mp3	esof	Paal	past	7	אתם	אֲסַפְתֶּם אֶת כָּל הַפֵּרוֹת מִן הָעֵץ?
2561	6	311	examples/esof/past-08.mp3	esof	Paal	past	8	אתן	אתן אֲסַפְתֶּן את כל הפרחים בגינה.
2562	6	312	examples/esof/past-09.mp3	esof	Paal	past	9	הם	אָסְפוּ את כל הפירות מהעץ.
2563	6	313	examples/esof/past-10.mp3	esof	Paal	past	10	הן	אָסְפוּ הַיְלָדִים אֶת הָאֱבָנִים בַּחֲצָר.
2564	6	314	examples/esof/present-01.mp3	esof	Paal	present	1	אני	אני אוֹסֵף בּוּלִים מִכָּל הָעוֹלָם.
2565	6	315	examples/esof/present-02.mp3	esof	Paal	present	2	אני	אֲנִי אוֹסֶפֶת פֵּרוֹת מִן הַגִּנָּה.
2566	6	316	examples/esof/present-03.mp3	esof	Paal	present	3	אתה	אתה אוסף את כל הפרחים בגינה.
2567	6	317	examples/esof/present-04.mp3	esof	Paal	present	4	את	הַיָּלְדָה אוֹסֶפֶת חֲצָאיִים עֲלֵי כֶּסֶף בַּחוּץ.
2568	6	318	examples/esof/present-05.mp3	esof	Paal	present	5	הוא	הוא אוֹסֵף חותמות כבר שנים.
2569	6	319	examples/esof/present-06.mp3	esof	Paal	present	6	היא	היא אוספת פרחים בגינה כל בוקר.
2570	6	320	examples/esof/present-07.mp3	esof	Paal	present	7	אנחנו	אנחנו אוספים פרחים בשדה.
2571	6	321	examples/esof/present-08.mp3	esof	Paal	present	8	אנחנו	אנחנו אוספות פרחים בשדה.
2572	6	322	examples/esof/present-09.mp3	esof	Paal	present	9	אתם	אתם אוֹסְפִים חוֹמֶר לפרויקט שלכם בבית הספר.
2573	6	323	examples/esof/present-10.mp3	esof	Paal	present	10	אתן	הן אוספות חצאי קונכייה על החוף.
2574	6	324	examples/esof/present-11.mp3	esof	Paal	present	11	הם	הם אוֹסְפִים חותמות בדואר.
2575	6	325	examples/esof/present-12.mp3	esof	Paal	present	12	הן	הן אוספות פירות מהגינה כל יום.
2576	6	326	examples/esof/future-01.mp3	esof	Paal	future	1	אני	בבוקר אֶאֱסוֹף את הילדים מהגן.
2577	6	327	examples/esof/future-02.mp3	esof	Paal	future	2	אתה	אתה תאסוף את כל הניירות מהשולחן לפני שתצא.
2578	6	328	examples/esof/future-03.mp3	esof	Paal	future	3	את	תַּאַסְפִי את כל הצעצועים לפני שנצא מהבית.
2579	6	329	examples/esof/future-04.mp3	esof	Paal	future	4	הוא	הוא יַאֲסוֹף את כל הפרחים בגינה.
2580	6	330	examples/esof/future-05.mp3	esof	Paal	future	5	היא	היא תַּאֲסוֹף את כל הפרחים בגינה.
2581	6	331	examples/esof/future-06.mp3	esof	Paal	future	6	אנחנו	אנחנו נאסוף את כל הפירות מהעץ מחר.
2582	6	332	examples/esof/future-07.mp3	esof	Paal	future	7	אתם	תַּאַסְפוּ את כל הפירות מהעץ לפני שתחשיך.
2583	6	333	examples/esof/future-08.mp3	esof	Paal	future	8	אתן	בּוֹאוּ נֵצֵא לַשָּׂדֶה, תַּאֲסֹפְנָה אֶת הַפֵּרוֹת.
2584	6	334	examples/esof/future-09.mp3	esof	Paal	future	9	הם	הם יאספו את כל הפירות מהעץ.
2585	6	335	examples/esof/future-10.mp3	esof	Paal	future	10	הן	הִנֵּה, הַנָּשִׁים תַּאֲסֹפְנָה אֶת הַפֵּרוֹת מִן הָעֵצִים בַּבֹּקֶר.
2586	6	336	examples/esof/imperative-01.mp3	esof	Paal	imperative	1	אתה	אֱסוֹף את כל הפירות מהעץ.
2587	6	337	examples/esof/imperative-02.mp3	esof	Paal	imperative	2	את	אַסְפִי את הילדים מהגן.
2588	6	338	examples/esof/imperative-03.mp3	esof	Paal	imperative	3	אתם	אַסְפוּ אֶת הַמַּטָּרוֹת מִן הַשָּׂדֶה.
2589	6	339	examples/esof/imperative-04.mp3	esof	Paal	imperative	4	אתן	אֲסֹפְנָה עכשיו, בבקשה.
2590	6	340	examples/esof/infinitive-01.mp3	esof	Paal	infinitive	1		אני הולך לֶאֱסוֹף את הילדים מהגן.
2591	6	341	examples/chalom/past-01.mp3	chalom	Paal	past	1	אני	אמש חָלַמְתִּי על טיול ביערות אירופה.
2592	6	342	examples/chalom/past-02.mp3	chalom	Paal	past	2	אתה	חָלַמְתָּ שֶׁאֲנִי מְדַבֵּר אִתְּךָ בְּאֵיזֶה לַיְלָה?
2593	6	343	examples/chalom/past-03.mp3	chalom	Paal	past	3	את	חָלַמְתְּ אֶת הַחֲלוֹם הַזֶּה כבר פעמיים בשבוע האחרון.
2594	6	344	examples/chalom/past-04.mp3	chalom	Paal	past	4	הוא	הלילה חָלַם על מסעותיו בעולם.
2595	6	345	examples/chalom/past-05.mp3	chalom	Paal	past	5	היא	הלילה היא חָלְמָה חלום מוזר במיוחד.
2596	6	346	examples/chalom/past-06.mp3	chalom	Paal	past	6	אנחנו	בלילה חָלַמְנוּ על חופשה בטרופים.
2597	6	347	examples/chalom/past-07.mp3	chalom	Paal	past	7	אתם	"אתם חֲלַמְתֶּם על חופשה בחו""ל?"
2598	6	348	examples/chalom/past-08.mp3	chalom	Paal	past	8	אתן	"חֲלַמְתֶּן על טיול בחו""ל?"
2599	6	349	examples/chalom/past-09.mp3	chalom	Paal	past	9	הם	"הם חָלְמוּ על חופשה בחו""ל."
2600	6	350	examples/chalom/past-10.mp3	chalom	Paal	past	10	הן	הן חָלְמוּ על חיים טובים יותר.
2601	6	351	examples/chalom/present-01.mp3	chalom	Paal	present	1	אני	"אני חוֹלֵם על חופשה בחו""ל."
2602	6	352	examples/chalom/present-02.mp3	chalom	Paal	present	2	אני	"אני חוֹלֶמֶת על חופשה בחו""ל."
2603	6	353	examples/chalom/present-03.mp3	chalom	Paal	present	3	אתה	אתה חוֹלֵם על ימים טובים יותר.
2604	6	354	examples/chalom/present-04.mp3	chalom	Paal	present	4	את	הילדה חולמת על עולם טוב יותר.
2605	6	355	examples/chalom/present-05.mp3	chalom	Paal	present	5	הוא	"הוא חוֹלֵם על חופשה בחו""ל."
2606	6	356	examples/chalom/present-06.mp3	chalom	Paal	present	6	היא	היא חוֹלֶמֶת על חיים מלאים בהרפתקאות.
2607	6	357	examples/chalom/present-07.mp3	chalom	Paal	present	7	אנחנו	אנחנו חוֹלְמִים על עולם טוב יותר.
2608	6	358	examples/chalom/present-08.mp3	chalom	Paal	present	8	אנחנו	אנחנו חוֹלְמוֹת על עתיד טוב יותר.
2609	6	359	examples/chalom/present-09.mp3	chalom	Paal	present	9	אתם	אתם חוֹלְמִים על חיים טובים יותר.
2610	6	360	examples/chalom/present-10.mp3	chalom	Paal	present	10	אתן	הַבָּנוֹת חוֹלְמוֹת עַל עֲתִיד טוֹב יוֹתֵר.
2611	6	361	examples/chalom/present-11.mp3	chalom	Paal	present	11	הם	הם חוֹלְמִים על חיים טובים יותר.
2612	6	362	examples/chalom/present-12.mp3	chalom	Paal	present	12	הן	הן חוֹלְמוֹת על חיים טובים יותר.
2613	6	363	examples/chalom/future-01.mp3	chalom	Paal	future	1	אני	אֶחֱלוֹם לִפְגּוֹשׁ אוֹתְךָ בְּקָרוֹב.
2614	6	364	examples/chalom/future-02.mp3	chalom	Paal	future	2	אתה	אם תַּחֲלוֹם בגדול, תוכל להגשים את כל המטרות שלך.
2615	6	365	examples/chalom/future-03.mp3	chalom	Paal	future	3	את	תַּחַלְמִי בלילה על כל מה שאת רוצה.
2616	6	366	examples/chalom/future-04.mp3	chalom	Paal	future	4	הוא	הוא יַחֲלוֹם על ימים טובים יותר.
2617	6	367	examples/chalom/future-05.mp3	chalom	Paal	future	5	היא	היא תַּחֲלוֹם על חיים טובים יותר.
2618	6	368	examples/chalom/future-06.mp3	chalom	Paal	future	6	אנחנו	נַחֲלוֹם על עתיד טוב יותר.
2619	6	369	examples/chalom/future-07.mp3	chalom	Paal	future	7	אתם	תַּחַלְמוּ לִבְקַר בַּמַּדִים בְּעָתִיד?
2620	6	370	examples/chalom/future-08.mp3	chalom	Paal	future	8	אתן	בטוח אני שהן תַּחֲלֹמְנָה על חיים טובים יותר.
2621	6	371	examples/chalom/future-09.mp3	chalom	Paal	future	9	הם	בלילה יחלמו כל הילדים בשכונה על הרפתקאות מדהימות.
2622	6	372	examples/chalom/future-10.mp3	chalom	Paal	future	10	הן	הילדות תחלמנה על עתיד מלא בהרפתקאות.
2623	6	373	examples/chalom/imperative-01.mp3	chalom	Paal	imperative	1	אתה	אתה חֲלוֹם על מקומות רחוקים ולא מוכרים.
2624	6	374	examples/chalom/imperative-02.mp3	chalom	Paal	imperative	2	את	חַלְמִי על עתיד טוב יותר.
2625	6	375	examples/chalom/imperative-03.mp3	chalom	Paal	imperative	3	אתם	חַלְמוּ על עתיד טוב יותר.
2626	6	376	examples/chalom/imperative-04.mp3	chalom	Paal	imperative	4	אתן	חֲלֹמְנָה עכשיו, בבקשה.
2627	6	377	examples/chalom/infinitive-01.mp3	chalom	Paal	infinitive	1		אנחנו ממשיכים לחלום על עתיד טוב יותר.
2628	6	378	examples/ha-ir/past-01.mp3	ha’ir	Hifil	past	1	אני	הֵאַרְתִּי את החדר בנרות כדי ליצור אווירה רומנטית.
2629	6	379	examples/ha-ir/past-02.mp3	ha’ir	Hifil	past	2	אתה	הֵאַרְתָּ את היום שלי בחיוך שלך.
2630	6	380	examples/ha-ir/past-03.mp3	ha’ir	Hifil	past	3	את	אַת הֵאַרְתְּ אֶת הַחֶדֶר בְּחִיּוּךְ שֶׁלָּךְ.
2631	6	381	examples/ha-ir/past-04.mp3	ha’ir	Hifil	past	4	הוא	הַיָּרֵחַ הֵאִיר אֶת הַלַּיְלָה בְּעֹז.
2632	6	382	examples/ha-ir/past-05.mp3	ha’ir	Hifil	past	5	היא	הֵאִירָה הַיָּרֵחַ אֶת הַלַּיְלָה הַחֲשׁוּךְ.
2633	6	383	examples/ha-ir/past-06.mp3	ha’ir	Hifil	past	6	אנחנו	הֵאַרְנוּ אֶת הַחֶדֶר בְּנֵרוֹת.
2634	6	384	examples/ha-ir/past-07.mp3	ha’ir	Hifil	past	7	אתם	בַּמִּסע הַזֶּה, הֵאַרְתֶּם אֶת הַדֶּרֶךְ בְּאוֹרֵכֶם הַמִּיּוּחָד.
2635	6	385	examples/ha-ir/past-08.mp3	ha’ir	Hifil	past	8	אתן	אתן הֵאַרְתֶּן את הלילה בחיוככן.
2636	6	386	examples/ha-ir/past-09.mp3	ha’ir	Hifil	past	9	הם	הֵאִירוּ הכוכבים את הלילה החשוך.
2637	6	387	examples/ha-ir/past-10.mp3	ha’ir	Hifil	past	10	הן	הֵאִירוּ הַכּוֹכָבִים בַּשָּׁמַיִם בְּלֵיל בָּהִיר.
2638	6	388	examples/ha-ir/present-01.mp3	ha’ir	Hifil	present	1	אני	אני מֵאִיר את הדרך בחושך.
2639	6	389	examples/ha-ir/present-02.mp3	ha’ir	Hifil	present	2	אני	הלבנה מְאִירָה את הלילה בבהירות.
2640	6	390	examples/ha-ir/present-03.mp3	ha’ir	Hifil	present	3	אתה	אתה מֵאִיר את החדר עם חיוך שלך.
2641	6	391	examples/ha-ir/present-04.mp3	ha’ir	Hifil	present	4	את	הירח מְאִירָה את השמיים בלילה.
2642	6	392	examples/ha-ir/present-05.mp3	ha’ir	Hifil	present	5	הוא	השמש מֵאִיר היום בחוזקה.
2643	6	393	examples/ha-ir/present-06.mp3	ha’ir	Hifil	present	6	היא	הירח מְאִירָה את הלילה בבהירות.
2644	6	394	examples/ha-ir/present-07.mp3	ha’ir	Hifil	present	7	אנחנו	אנחנו מְאִירִים את החדר עם נרות.
2645	6	395	examples/ha-ir/present-08.mp3	ha’ir	Hifil	present	8	אנחנו	אנחנו מְאִירוֹת את הדרך בחושך.
2646	6	396	examples/ha-ir/present-09.mp3	ha’ir	Hifil	present	9	אתם	אתם מְאִירִים את הלילה בחיוכים שלכם.
2647	6	397	examples/ha-ir/present-10.mp3	ha’ir	Hifil	present	10	אתן	הכוכבים מְאִירוֹת את הלילה בבהירות מיוחדת.
2648	6	398	examples/ha-ir/present-11.mp3	ha’ir	Hifil	present	11	הם	הירח והכוכבים מְאִירִים את השמיים בלילה.
2649	6	399	examples/ha-ir/present-12.mp3	ha’ir	Hifil	present	12	הן	הכוכבים מְאִירוֹת את השמיים בלילה.
2650	6	400	examples/ha-ir/future-01.mp3	ha’ir	Hifil	future	1	אני	בְּבֹקֶר, כְּשֶׁאֲשׁוּב מִן הַהַלִּיכָה, אָאִיר אֶת הַחֲדָרִים בְּאוֹר חַדָשׁ.
2651	6	401	examples/ha-ir/future-02.mp3	ha’ir	Hifil	future	2	אתה	תָּאִיר את העולם בחיוך שלך.
2652	6	402	examples/ha-ir/future-03.mp3	ha’ir	Hifil	future	3	את	תָּאִירִי את הלילה בחיוכך.
2653	6	403	examples/ha-ir/future-04.mp3	ha’ir	Hifil	future	4	הוא	כשהשמש תזרח, יאיר את כל הגבעות והעמקים.
2654	6	404	examples/ha-ir/future-05.mp3	ha’ir	Hifil	future	5	היא	כשהשמש תָּאִיר מחר, נצא לטיול בחוץ.
2655	6	405	examples/ha-ir/future-06.mp3	ha’ir	Hifil	future	6	אנחנו	בבוקר, כשהשמש תזרח, נאיר את היום בחיוך.
2656	6	406	examples/ha-ir/future-07.mp3	ha’ir	Hifil	future	7	אתם	כשתאירו את הדרך, כולם יראו את היופי של הלילה.
2657	6	407	examples/ha-ir/future-08.mp3	ha’ir	Hifil	future	8	אתן	תָּאֵרְנָה הַכּוֹכָבִים בַּלַּיְלָה הַבָּא.
2658	6	408	examples/ha-ir/future-09.mp3	ha’ir	Hifil	future	9	הם	בוקר יפה יָאִירוּ פניהם של הילדים כשיראו את המתנות.
2659	6	409	examples/ha-ir/future-10.mp3	ha’ir	Hifil	future	10	הן	בַּיּוֹם שֶׁיָּבוֹא, הַכּוֹכָבִים תָּאֵרְנָה בְּשָׁמַיִם.
2660	6	410	examples/ha-ir/imperative-01.mp3	ha’ir	Hifil	imperative	1	אתה	בַּבּוֹקֶר, הָאֵר אֶת פָּנֶיךָ וּתְחִי פָּנִים חֲדָשׁוֹת.
2661	6	411	examples/ha-ir/imperative-02.mp3	ha’ir	Hifil	imperative	2	את	הָאִירִי, כוכב, את הלילה בזוהרך.
2662	6	412	examples/ha-ir/imperative-03.mp3	ha’ir	Hifil	imperative	3	אתם	הָאִירוּ את הדרך בפנסים.
2663	6	413	examples/ha-ir/imperative-04.mp3	ha’ir	Hifil	imperative	4	אתן	הָאֵרְנָה עכשיו, בבקשה.
2664	6	414	examples/ha-ir/infinitive-01.mp3	ha’ir	Hifil	infinitive	1		היא אוהבת לשבת בחוץ ולראות את השמש לְהָאִיר את השמיים.
2665	6	415	examples/machar/past-01.mp3	machar	Paal	past	1	אני	מָכַרְתִּי אֶת הַבַּיִת שֶׁלִּי בַּשָּׁנָה שְׁעָבְרָה.
2666	6	416	examples/machar/past-02.mp3	machar	Paal	past	2	אתה	מָכַרְתָּ את המכונית שלך בשבוע שעבר?
2667	6	417	examples/machar/past-03.mp3	machar	Paal	past	3	את	את מָכַרְתְּ את הדירה שלך בירושלים בשנה שעברה?
2668	6	418	examples/machar/past-04.mp3	machar	Paal	past	4	הוא	הוא מָכַר את המכונית שלו בשבוע שעבר.
2669	6	419	examples/machar/past-05.mp3	machar	Paal	past	5	היא	היא מָכְרָה את הבית שלה בשנה שעברה.
2670	6	420	examples/machar/past-06.mp3	machar	Paal	past	6	אנחנו	מָכַרְנוּ אֶת הַבַּיִת שֶׁלָּנוּ בַּשָּׁנָה שָׁעָבְרָה.
2671	6	421	examples/machar/past-07.mp3	machar	Paal	past	7	אתם	אתם מְכַרְתֶּם את הבית בחצי מחיר.
2672	6	422	examples/machar/past-08.mp3	machar	Paal	past	8	אתן	כשמכרתן את הבית, לא ידעתן כמה יחסר לכן.
2673	6	423	examples/machar/past-09.mp3	machar	Paal	past	9	הם	הם מָכְרוּ את הבית שלהם בירושלים.
2674	6	424	examples/machar/past-10.mp3	machar	Paal	past	10	הן	בַּשּׁוּק מָכְרוּ פֵּרוֹת טְרִיִּים בְּמֶחִירִים נְמֻכִּים.
2675	6	425	examples/machar/present-01.mp3	machar	Paal	present	1	אני	אני מוֹכֵר את הבית שלי.
2676	6	426	examples/machar/present-02.mp3	machar	Paal	present	2	אני	אני מוכרת את הבגדים שלי בשוק.
2677	6	427	examples/machar/present-03.mp3	machar	Paal	present	3	אתה	אתה מוכר פירות טריים בשוק.
2678	6	428	examples/machar/present-04.mp3	machar	Paal	present	4	את	הָרוֹצֵחַ מוֹכֶרֶת אֶת הַנְּשִׁיקוֹת בַּשּׁוּק.
2679	6	429	examples/machar/present-05.mp3	machar	Paal	present	5	הוא	הַמוֹכֵר אוֹמֵר שֶׁהַמַּחִיר יָרֵד בִּשְׁלִישׁ.
2680	6	430	examples/machar/present-06.mp3	machar	Paal	present	6	היא	הַמּוֹכֶרֶת בַּחֲנוּת הַצַּעֲצוּעִים מוֹכֶרֶת בּוּבוֹת חֲדָשׁוֹת.
2681	6	431	examples/machar/present-07.mp3	machar	Paal	present	7	אנחנו	אנחנו מוֹכְרִים פירות וירקות בשוק.
2682	6	432	examples/machar/present-08.mp3	machar	Paal	present	8	אנחנו	אנחנו מוֹכְרוֹת את הבגדים הישנים שלנו בחנות יד שנייה.
2683	6	433	examples/machar/present-09.mp3	machar	Paal	present	9	אתם	הם מוֹכְרִים בגדים יפים בחנות הזו.
2684	6	434	examples/machar/present-10.mp3	machar	Paal	present	10	אתן	הַנָּשִׁים הַלָּלוּ מוֹכְרוֹת פֵּרוֹת בַּשּׁוּק.
2685	6	435	examples/machar/present-11.mp3	machar	Paal	present	11	הם	הם מוֹכְרִים פירות וירקות בשוק.
2686	6	436	examples/machar/present-12.mp3	machar	Paal	present	12	הן	הן מוכרות פירות טריים בשוק.
2687	6	437	examples/machar/future-01.mp3	machar	Paal	future	1	אני	אֶמְכּוֹר את הספרים שלי ביריד הספרים השבוע.
2688	6	438	examples/machar/future-02.mp3	machar	Paal	future	2	אתה	תִּמְכּוֹר את המכונית שלך בשנה הבאה?
2689	6	439	examples/machar/future-03.mp3	machar	Paal	future	3	את	אם לא תִּמְכְּרִי את הבית, לא תוכלי לקנות את הדירה החדשה.
2690	6	440	examples/machar/future-04.mp3	machar	Paal	future	4	הוא	הוא יִמְכּוֹר את המכונית שלו בשבוע הבא.
2691	6	441	examples/machar/future-05.mp3	machar	Paal	future	5	היא	היא תִּמְכּוֹר את הבית בשנה הבאה.
2692	6	442	examples/machar/future-06.mp3	machar	Paal	future	6	אנחנו	אנחנו נִמְכּוֹר את הבית בקרוב.
2693	6	443	examples/machar/future-07.mp3	machar	Paal	future	7	אתם	תִּמְכְּרוּ את הבית שלכם בקרוב?
2694	6	444	examples/machar/future-08.mp3	machar	Paal	future	8	אתן	הַנָּשִׁים תִּמְכֹּרְנָה אֶת הַבְּגָדִים בַּשּׁוּק.
2695	6	445	examples/machar/future-09.mp3	machar	Paal	future	9	הם	בשוק הפשפשים, יִמְכְּרוּ מוצרים מיוחדים ונדירים.
2696	6	446	examples/machar/future-10.mp3	machar	Paal	future	10	הן	הנשים תִּמְכֹּרְנָה את התכשיטים בשוק מחר.
2697	6	447	examples/machar/imperative-01.mp3	machar	Paal	imperative	1	אתה	מְכֹר את המכונית שלך לפני שתאבד ערך.
2698	6	448	examples/machar/imperative-02.mp3	machar	Paal	imperative	2	את	תני לי את הדבר הזה, מִכְרִי אותו במהרה!
2699	6	449	examples/machar/imperative-03.mp3	machar	Paal	imperative	3	אתם	מִכְרוּ את הפירות בשוק מחר.
2700	6	450	examples/machar/imperative-04.mp3	machar	Paal	imperative	4	אתן	מְכֹרְנָה עכשיו, בבקשה.
2701	7	1	examples/machar/infinitive-01.mp3	machar	Paal	infinitive	1		הוא החליט לִמְכּוֹר את הבית שלו.
2702	7	2	examples/taar/past-01.mp3	taar	Piel	past	1	אני	תֵּאַרְתִּי לוֹ אֶת הַמַּקוֹם בְּפִרוּט.
2703	7	3	examples/taar/past-02.mp3	taar	Piel	past	2	אתה	תֵּאַרְתָּ את המקום בצורה מדהימה.
2704	7	4	examples/taar/past-03.mp3	taar	Piel	past	3	את	תֵּאַרְתְּ את החוויה בצורה מרתקת.
2705	7	5	examples/taar/past-04.mp3	taar	Piel	past	4	הוא	הוא תֵּאֵר את הנוף בצורה מדהימה.
2706	7	6	examples/taar/past-05.mp3	taar	Piel	past	5	היא	הִיא תֵּאֲרָה אֶת הַמַּצָב בְּפִרוּט רָב.
2707	7	7	examples/taar/past-06.mp3	taar	Piel	past	6	אנחנו	בשיעור האחרון, תֵּאַרְנוּ את התהליך של פתרון הבעיה.
2708	7	8	examples/taar/past-07.mp3	taar	Piel	past	7	אתם	אתם תֵּאַרְתֶּם את המסע שלכם בצורה מרתקת.
2709	7	9	examples/taar/past-08.mp3	taar	Piel	past	8	אתן	בַּמִּפְגָשׁ אֶתְמּוֹל תֵּאַרְתֶּן אֶת הַנּוֹף שֶׁרָאִיתֶן בַּטִיּוּל.
2710	7	10	examples/taar/past-09.mp3	taar	Piel	past	9	הם	הם תֵּאֲרוּ את המקום בצורה כל כך חיה ומלאה בפרטים.
2711	7	11	examples/taar/past-10.mp3	taar	Piel	past	10	הן	תֵּאֲרוּ את הנוף שראיתם בדרך.
2712	7	12	examples/taar/present-01.mp3	taar	Piel	present	1	אני	אני מְתָאֵר את הנוף היפה שראיתי בטיול שלי.
2713	7	13	examples/taar/present-02.mp3	taar	Piel	present	2	אני	אני מְתָאֶרֶת את הרגשות שלי בציור.
2714	7	14	examples/taar/present-03.mp3	taar	Piel	present	3	אתה	אתה מְתָאֵר את הנוף בצורה מדהימה.
2715	7	15	examples/taar/present-04.mp3	taar	Piel	present	4	את	היא מְתָאֶרֶת את הנוף בצורה מרהיבה.
2716	7	16	examples/taar/present-05.mp3	taar	Piel	present	5	הוא	הוא מְתָאֵר את המצב בצורה מדויקת.
2717	7	17	examples/taar/present-06.mp3	taar	Piel	present	6	היא	היא מְתָאֶרֶת את החוויה כמשהו מדהים ובלתי נשכח.
2718	7	18	examples/taar/present-07.mp3	taar	Piel	present	7	אנחנו	אנחנו מְתָאֲרִים את הנוף היפה הזה בציורים שלנו.
2719	7	19	examples/taar/present-08.mp3	taar	Piel	present	8	אנחנו	אנחנו מְתָאֲרוֹת את החוויה שלנו בטיול.
2720	7	20	examples/taar/present-09.mp3	taar	Piel	present	9	אתם	אתם מְתָאֲרִים את הנוף בצורה כל כך חיה.
2721	7	21	examples/taar/present-10.mp3	taar	Piel	present	10	אתן	הן מְתָאֲרוֹת את המקום בצורה מדויקת מאוד.
2722	7	22	examples/taar/present-11.mp3	taar	Piel	present	11	הם	כולם מְתָאֲרִים את המקום כמקסים ושקט.
2723	7	23	examples/taar/present-12.mp3	taar	Piel	present	12	הן	הנשים מְתָאֲרוֹת את החוויות שלהן בדיוק רב.
2724	7	24	examples/taar/future-01.mp3	taar	Piel	future	1	אני	אֲתָאֵר לְךָ אֶת הַמַּקוֹם הַזֶּה בִּפְרָטִיּוּת.
2725	7	25	examples/taar/future-02.mp3	taar	Piel	future	2	אתה	תְּתָאֵר לי את היופי של הנוף שראית.
2726	7	26	examples/taar/future-03.mp3	taar	Piel	future	3	את	תתארי לי את היום הזה בפרטים.
2727	7	27	examples/taar/future-04.mp3	taar	Piel	future	4	הוא	הוא יתאר את הנוף בצורה מדויקת.
2728	7	28	examples/taar/future-05.mp3	taar	Piel	future	5	היא	היא תתאר את החוויה בפרוטרוט.
2729	7	29	examples/taar/future-06.mp3	taar	Piel	future	6	אנחנו	נְתָאֵר את היופי של הנוף בדרך מילים.
2730	7	30	examples/taar/future-07.mp3	taar	Piel	future	7	אתם	תְּתָאֲרוּ את היום המושלם שלכם.
2731	7	31	examples/taar/future-08.mp3	taar	Piel	future	8	אתן	בשיעור הבא, תתארנה את הדמויות בסיפור.
2732	7	32	examples/taar/future-09.mp3	taar	Piel	future	9	הם	בְּעוֹד כְּמָה חֳדָשִׁים, הֵם יְתָאֲרוּ אֶת הַחֲוָיָה בְּמִלִּים מְדֻוּיָקוֹת.
2733	7	33	examples/taar/future-10.mp3	taar	Piel	future	10	הן	הן תתארנה את היופי של הנוף בציורים שלהן.
2734	7	34	examples/taar/imperative-01.mp3	taar	Piel	imperative	1	אתה	תָּאֵר לי את הנוף שאתה רואה.
2735	7	35	examples/taar/imperative-02.mp3	taar	Piel	imperative	2	את	תָּאֲרִי לי את היום הזה.
2736	7	36	examples/taar/imperative-03.mp3	taar	Piel	imperative	3	אתם	תָּאֲרוּ את הנוף היפה שראיתם בטיול.
2737	7	37	examples/taar/imperative-04.mp3	taar	Piel	imperative	4	אתן	תָּאֵרְנָה עכשיו, בבקשה.
2738	7	38	examples/taar/infinitive-01.mp3	taar	Piel	infinitive	1		קשה לְתָאֵר את היופי של הנוף.
2739	7	39	examples/lehavi/past-01.mp3	lehavi	Hifil	past	1	אני	הֵבֵאתִי לך את הדברים שביקשת.
2740	7	40	examples/lehavi/past-02.mp3	lehavi	Hifil	past	2	אתה	הֵבֵאתָ אִתְּךָ אֶת הַסֵּפֶר שֶׁבִּקֵּשְׁתִּי?
2741	7	41	examples/lehavi/past-03.mp3	lehavi	Hifil	past	3	את	הֵבֵאת לִי אֶת הַסֵּפֶר שֶׁהִזְמַנְתִּי בָּאִינְטֶרְנֶט?
2742	7	42	examples/lehavi/past-04.mp3	lehavi	Hifil	past	4	הוא	הֵבִיא לִי פֶּרַח כְּשֶׁבָּא לְבַקְּרֵנִי.
2743	7	43	examples/lehavi/past-05.mp3	lehavi	Hifil	past	5	היא	הֵבִיאָה אִתָּהּ מִתָּנָה לַחֲגִיגָה.
2744	7	44	examples/lehavi/past-06.mp3	lehavi	Hifil	past	6	אנחנו	הֵבֵאנוּ לוֹ אֶת הַמַּתָּנָה בְּיוֹם הוּלַדְתּוֹ.
2745	7	45	examples/lehavi/past-07.mp3	lehavi	Hifil	past	7	אתם	הֵבֵאתֶם אֶת הַמַּתָּנָה לַחֲגִיגָה?
2746	7	46	examples/lehavi/past-08.mp3	lehavi	Hifil	past	8	אתן	הֵבֵאתֶן את המתנות לחג?
2747	7	47	examples/lehavi/past-09.mp3	lehavi	Hifil	past	9	הם	הֵבִיאוּ את הדברים הדרושים למסיבה.
2748	7	48	examples/lehavi/past-10.mp3	lehavi	Hifil	past	10	הן	הֵבִיאוּ הַיְלָדִים אֶת הַסּוּפְגָּנִיּוֹת לַחֲגִיגַת חֲנֻכָּה.
2749	7	49	examples/lehavi/present-01.mp3	lehavi	Hifil	present	1	אני	אני מֵבִיא לך את הכוס התה.
2750	7	50	examples/lehavi/present-02.mp3	lehavi	Hifil	present	2	אני	אֲנִי מְבִיאָה לְךָ מַתָּנָה לְיוֹם הוּלֶדֶת.
2751	7	51	examples/lehavi/present-03.mp3	lehavi	Hifil	present	3	אתה	אתה מֵבִיא לי את הספר מדי ערב.
2752	7	52	examples/lehavi/present-04.mp3	lehavi	Hifil	present	4	את	היא מביאה לנו פרחים כל שבוע.
2753	7	53	examples/lehavi/present-05.mp3	lehavi	Hifil	present	5	הוא	הדואר מֵבִיא חבילה חדשה מדי יום.
2754	7	54	examples/lehavi/present-06.mp3	lehavi	Hifil	present	6	היא	היא מביאה לנו מתנות בכל פעם שהיא חוזרת מהנסיעות שלה.
2755	7	55	examples/lehavi/present-07.mp3	lehavi	Hifil	present	7	אנחנו	אנחנו מְבִיאִים את הילדים לפארק כל יום שישי.
2756	7	56	examples/lehavi/present-08.mp3	lehavi	Hifil	present	8	אנחנו	אנחנו מְבִיאוֹת פירות טריים מהשוק כל שבוע.
2757	7	57	examples/lehavi/present-09.mp3	lehavi	Hifil	present	9	אתם	בדרך כלל, אתם מביאים את המתנות לחגים.
2758	7	58	examples/lehavi/present-10.mp3	lehavi	Hifil	present	10	אתן	הַנָּשִׁים מְבִיאוֹת אֵת הַמַּתָּנוֹת לַחֲגִיגָה.
2759	7	59	examples/lehavi/present-11.mp3	lehavi	Hifil	present	11	הם	הם מביאים מתנות לחג.
2760	7	60	examples/lehavi/present-12.mp3	lehavi	Hifil	present	12	הן	הנשים מביאות אוכל לשולחן בכל יום שישי.
2761	7	61	examples/lehavi/future-01.mp3	lehavi	Hifil	future	1	אני	אָבִיא לְךָ אֶת הַסֵּפֶר מָחָר.
2762	7	62	examples/lehavi/future-02.mp3	lehavi	Hifil	future	2	אתה	תָּבִיא אוֹתָהּ לַחֲגִיגָה?
2763	7	63	examples/lehavi/future-03.mp3	lehavi	Hifil	future	3	את	תָּבִיאִי אוֹתוֹ לַבַּיִת מָחָר.
2764	7	64	examples/lehavi/future-04.mp3	lehavi	Hifil	future	4	הוא	הוּא יָבִיא אֶת הַמַּתָּנָה לֶחָג.
2765	7	65	examples/lehavi/future-05.mp3	lehavi	Hifil	future	5	היא	הִיא תָּבִיא אֶת הַמַּתָּנָה לֶחָתוּן.
2766	7	66	examples/lehavi/future-06.mp3	lehavi	Hifil	future	6	אנחנו	אנחנו נָבִיא לך את המתנות מחר.
2767	7	67	examples/lehavi/future-07.mp3	lehavi	Hifil	future	7	אתם	בבקשה, תָּבִיאוּ את הדברים שלכם לפגישה.
2768	7	68	examples/lehavi/future-08.mp3	lehavi	Hifil	future	8	אתן	הן תָּבֵאנָה את המתנות למסיבה.
2769	7	69	examples/lehavi/future-09.mp3	lehavi	Hifil	future	9	הם	הם יָבִיאוּ את הילדים לגן בבוקר.
2770	7	70	examples/lehavi/future-10.mp3	lehavi	Hifil	future	10	הן	הֵן תָּבֵאנָה אוֹתְךָ לְבֵית הַסֵּפֶר בַּבֹּקֶר.
2771	7	71	examples/lehavi/imperative-01.mp3	lehavi	Hifil	imperative	1	אתה	בְּבַקָּשָׁה, הָבֵא לִי אֶת הַסֵּפֶר שֶׁעַל הַשֻּׁלְחָן.
2772	7	72	examples/lehavi/imperative-02.mp3	lehavi	Hifil	imperative	2	את	הָבִיאִי לִי אֶת הַסֵּפֶר שֶׁלך.
2773	7	73	examples/lehavi/imperative-03.mp3	lehavi	Hifil	imperative	3	אתם	הָבִיאוּ בְּבַקָּשָׁה אֶת הַסּוּפֶּר הַחָדָשׁ.
2774	7	74	examples/lehavi/imperative-04.mp3	lehavi	Hifil	imperative	4	אתן	הָבֵאנָה עכשיו, בבקשה.
2775	7	75	examples/lehavi/infinitive-01.mp3	lehavi	Hifil	infinitive	1		אני רוצה לְהָבִיא לך מתנה מיוחדת.
2776	7	76	examples/levaker/past-01.mp3	levaker	Piel	past	1	אני	בִּקַּרְתִּי אֶת הַחֲבֵרִים בַּיִתָם בַּשַּׁבָּת.
2777	7	77	examples/levaker/past-02.mp3	levaker	Piel	past	2	אתה	בִּקַּרְתָּ אֶת הַמּוּזֶאוֹן בְּתֵל אָבִיב?
2778	7	78	examples/levaker/past-03.mp3	levaker	Piel	past	3	את	בִּקַּרְתְּ אֶת סָבְתָּךְ בְּבֵית אֲבוֹת אַחֲרֵי הַחֲגִים.
2779	7	79	examples/levaker/past-04.mp3	levaker	Piel	past	4	הוא	הוא בִּקֵּר את סבתו בבית האבות.
2780	7	80	examples/levaker/past-05.mp3	levaker	Piel	past	5	היא	היא בִּקְּרָה את הוריה בסוף השבוע האחרון.
2781	7	81	examples/levaker/past-06.mp3	levaker	Piel	past	6	אנחנו	בִּקַּרְנוּ אֶת סָבְתָּא בַּשִּׁשִּׁי בַּבֹּקֶר.
2782	7	82	examples/levaker/past-07.mp3	levaker	Piel	past	7	אתם	בִּקַּרְתֶּם אֶת הַמּוּזֵיאוֹן הַחָדָשׁ בָּעִיר?
2783	7	83	examples/levaker/past-08.mp3	levaker	Piel	past	8	אתן	בִּקַּרְתֶּן בְּבֵית הַמּוּזֵיאוֹן בְּתֵל אָבִיב?
2784	7	84	examples/levaker/past-09.mp3	levaker	Piel	past	9	הם	בִּקְּרוּ אֶת הַמּוּזֶיאוֹן בְּשַׁבָּת.
2785	7	85	examples/levaker/past-10.mp3	levaker	Piel	past	10	הן	בִּקְּרוּ אֶת סָבְתָם בַּבֵּית אֲבוֹת בְּשַׁבָּת.
2786	7	86	examples/levaker/present-01.mp3	levaker	Piel	present	1	אני	אני מבקר את חבריי בבית החולים.
2787	7	87	examples/levaker/present-02.mp3	levaker	Piel	present	2	אני	אני מבקרת את חברתי בבית החולים.
2788	7	88	examples/levaker/present-03.mp3	levaker	Piel	present	3	אתה	אתה מבקר את סבתא שלך בכל שבוע.
2789	7	89	examples/levaker/present-04.mp3	levaker	Piel	present	4	את	היום היא מבקרת את סבתא שלה בבית האבות.
2790	7	90	examples/levaker/present-05.mp3	levaker	Piel	present	5	הוא	היום הוא מבקר את אחותו בבית החולים.
2791	7	91	examples/levaker/present-06.mp3	levaker	Piel	present	6	היא	היא מבקרת את סבתא שלה בכל שבוע.
2792	7	92	examples/levaker/present-07.mp3	levaker	Piel	present	7	אנחנו	אנחנו מְבַקְּרִים את סבתא בכל שבת.
2793	7	93	examples/levaker/present-08.mp3	levaker	Piel	present	8	אנחנו	אנחנו מבקרות את סבתא בכל סוף שבוע.
2794	7	94	examples/levaker/present-09.mp3	levaker	Piel	present	9	אתם	אתם מבקרים את סבתא שלכם בכל שבוע.
2795	7	95	examples/levaker/present-10.mp3	levaker	Piel	present	10	אתן	הַיּוֹם אֲנַחְנוּ מְבַקְּרוֹת אֶת סָבְתָא בְּבֵית אֱמֶת.
2796	7	96	examples/levaker/present-11.mp3	levaker	Piel	present	11	הם	הם מבקרים את סבתא שלהם כל שבוע.
2797	7	97	examples/levaker/present-12.mp3	levaker	Piel	present	12	הן	הן מבקרות את סבתא שלהן כל שבוע.
2798	7	98	examples/levaker/future-01.mp3	levaker	Piel	future	1	אני	בשבוע הבא אֲבַקֵּר את סבתי.
2799	7	99	examples/levaker/future-02.mp3	levaker	Piel	future	2	אתה	תְּבַקֵּר את סבתא בשבת הבאה.
2800	7	100	examples/levaker/future-03.mp3	levaker	Piel	future	3	את	תְּבַקְּרִי אֶת סָבְתָּךְ בַּשָּׁבוּעַ הַבָּא.
2801	7	101	examples/levaker/future-04.mp3	levaker	Piel	future	4	הוא	הוא יבקר את סבתא שלו בבית האבות בשבוע הבא.
2802	7	102	examples/levaker/future-05.mp3	levaker	Piel	future	5	היא	היא תְּבַקֵּר את סבתא שלה בבית האבות מחר.
2803	7	103	examples/levaker/future-06.mp3	levaker	Piel	future	6	אנחנו	בשבוע הבא נְבַקֵּר את סבתא.
2804	7	104	examples/levaker/future-07.mp3	levaker	Piel	future	7	אתם	בבקשה, תְּבַקְּרוּ את הוריכם בכל הזדמנות.
2805	7	105	examples/levaker/future-08.mp3	levaker	Piel	future	8	אתן	בְּשָׁבוּעַ הַבָּא, אֶתָּן תְּבַקֵּרְנָה אֶת סָבְתָּן.
2806	7	106	examples/levaker/future-09.mp3	levaker	Piel	future	9	הם	מחר, בני המשפחה יבקרו את סבא בבית האבות.
2807	7	107	examples/levaker/future-10.mp3	levaker	Piel	future	10	הן	הן תְּבַקֵּרְנָה את סבתא בשבוע הבא.
2808	7	108	examples/levaker/imperative-01.mp3	levaker	Piel	imperative	1	אתה	בַּקֵּר את סבתא בבית האבות מחר.
2809	7	109	examples/levaker/imperative-02.mp3	levaker	Piel	imperative	2	את	בַּקְּרִי את סבתא בבית אבות מחר.
2810	7	110	examples/levaker/imperative-03.mp3	levaker	Piel	imperative	3	אתם	בַּקְּרוּ אֶת הַמּוּזֶיון הַחָדָשׁ בָּעִיר.
2811	7	111	examples/levaker/imperative-04.mp3	levaker	Piel	imperative	4	אתן	בַּקֵּרְנָה עכשיו, בבקשה.
2812	7	112	examples/levaker/infinitive-01.mp3	levaker	Piel	infinitive	1		אני מתכנן לבקר את סבתי בשבת.
2813	7	113	examples/litzpot/past-01.mp3	litzpot	Paal	past	1	אני	צָפִיתִי בסרט מצוין אתמול בערב.
2814	7	114	examples/litzpot/past-02.mp3	litzpot	Paal	past	2	אתה	צָפִיתָ בסרט הזה אתמול בערב?
2815	7	115	examples/litzpot/past-03.mp3	litzpot	Paal	past	3	את	היא צָפִית בסרט אתמול בערב.
2816	7	116	examples/litzpot/past-04.mp3	litzpot	Paal	past	4	הוא	אתמול בלילה צָפָה בסרט אימה ולא ישן טוב.
2817	7	117	examples/litzpot/past-05.mp3	litzpot	Paal	past	5	היא	הִיא צָפְתָה בְּסֵרֶט אֶתְמוֹל בַּלַּיְלָה.
2818	7	118	examples/litzpot/past-06.mp3	litzpot	Paal	past	6	אנחנו	צָפִינוּ בסרט מצוין אתמול בערב.
2819	7	119	examples/litzpot/past-07.mp3	litzpot	Paal	past	7	אתם	צְפִיתֶם בַּסֶּרֶט הַחָדָשׁ שֶׁל נֵטְפְלִיקְס?
2820	7	120	examples/litzpot/past-08.mp3	litzpot	Paal	past	8	אתן	צְפִיתֶן בַּסֵרֶת הַחֲדָשָׁה שֶׁל בְּנֵי הַמִּשְׁפָּחָה?
2821	7	121	examples/litzpot/past-09.mp3	litzpot	Paal	past	9	הם	הם צָפוּ בסרט כל הלילה.
2822	7	122	examples/litzpot/past-10.mp3	litzpot	Paal	past	10	הן	הילדות צָפוּ בסרט אנימציה אתמול בערב.
2823	7	123	examples/litzpot/present-01.mp3	litzpot	Paal	present	1	אני	אני צוֹפֶה בסרטים כל יום.
2824	7	124	examples/litzpot/present-02.mp3	litzpot	Paal	present	2	אני	אני צוֹפָה בסרטים בכל ערב.
2825	7	125	examples/litzpot/present-03.mp3	litzpot	Paal	present	3	אתה	אתה צוֹפֶה בסרטים הרבה בסופי שבוע?
2826	7	126	examples/litzpot/present-04.mp3	litzpot	Paal	present	4	את	היא צוֹפָה בסרטים כל הזמן.
2827	7	127	examples/litzpot/present-05.mp3	litzpot	Paal	present	5	הוא	הילד צוֹפֶה בסרט מצויר.
2828	7	128	examples/litzpot/present-06.mp3	litzpot	Paal	present	6	היא	הִיא צוֹפָה בְּסֵרֶת חֲדָשָׁה בַּטֵּלֶבִּיזְיָה.
2829	7	129	examples/litzpot/present-07.mp3	litzpot	Paal	present	7	אנחנו	אנחנו צופים בסרטים בכל סוף שבוע.
2830	7	130	examples/litzpot/present-08.mp3	litzpot	Paal	present	8	אנחנו	אנחנו צופות בסרט מעניין מאוד.
2831	7	131	examples/litzpot/present-09.mp3	litzpot	Paal	present	9	אתם	אתם צופים בסרט כל יום?
2832	7	132	examples/litzpot/present-10.mp3	litzpot	Paal	present	10	אתן	הילדות צופות בסרט בטלוויזיה.
2833	7	133	examples/litzpot/present-11.mp3	litzpot	Paal	present	11	הם	הם צוֹפִים בסרט מעניין מאוד.
2834	7	134	examples/litzpot/present-12.mp3	litzpot	Paal	present	12	הן	הצופות בטלוויזיה הן הילדות שלי.
2835	7	135	examples/litzpot/future-01.mp3	litzpot	Paal	future	1	אני	אֶצְפֶּה בסרט חדש הערב.
2836	7	136	examples/litzpot/future-02.mp3	litzpot	Paal	future	2	אתה	תִּצְפֶּה לסרטים בטלוויזיה הערב?
2837	7	137	examples/litzpot/future-03.mp3	litzpot	Paal	future	3	את	תִּצְפִּי בסרט הזה אחרי שאני אחזור הביתה.
2838	7	138	examples/litzpot/future-04.mp3	litzpot	Paal	future	4	הוא	בסוף השבוע הוא יִצְפֶּה בסרטים עם המשפחה.
2839	7	139	examples/litzpot/future-05.mp3	litzpot	Paal	future	5	היא	היא תִּצְפֶּה בסרט חדש הערב.
2840	7	140	examples/litzpot/future-06.mp3	litzpot	Paal	future	6	אנחנו	נִצְפֶּה בסרט חדש מחר בערב.
2841	7	141	examples/litzpot/future-07.mp3	litzpot	Paal	future	7	אתם	תִּצְפּוּ בסרט החדש הזה הערב?
2842	7	142	examples/litzpot/future-08.mp3	litzpot	Paal	future	8	אתן	תִּצְפּוּ בסרט חדש הערב?
2843	7	143	examples/litzpot/future-09.mp3	litzpot	Paal	future	9	הם	הם יִצְפּוּ בסרט החדש בבית הקולנוע.
2844	7	144	examples/litzpot/future-10.mp3	litzpot	Paal	future	10	הן	הן יִצְפּוּ בסרט החדש הזה בערב.
2845	7	145	examples/litzpot/imperative-01.mp3	litzpot	Paal	imperative	1	אתה	צְפֵה בסרט הזה, הוא ממש מעניין.
2846	7	146	examples/litzpot/imperative-02.mp3	litzpot	Paal	imperative	2	את	צְפִי בסרט הזה, הוא ממש מרגש.
2847	7	147	examples/litzpot/imperative-03.mp3	litzpot	Paal	imperative	3	אתם	צְפוּ בסרט הזה הערב, הוא ממש מצחיק!
2848	7	148	examples/litzpot/imperative-04.mp3	litzpot	Paal	imperative	4	אתן	צְפוּ בסרט הזה הערב, הוא ממש מצחיק!
2849	7	149	examples/litzpot/infinitive-01.mp3	litzpot	Paal	infinitive	1		אני אוהב לצפות בסרטים בסוף השבוע.
2850	7	150	examples/linhog/past-01.mp3	linhog	Paal	past	1	אני	בשבוע שעבר נהגתי ברכב של אבא שלי.
2851	7	151	examples/linhog/past-02.mp3	linhog	Paal	past	2	אתה	נָהַגְתָּ בזהירות כשהיית בדרך לבית הספר.
2852	7	152	examples/linhog/past-03.mp3	linhog	Paal	past	3	את	אַתְּ נָהַגְתְּ בַּמְּכוֹנִית הַחֲדָשָׁה שֶׁלִּי אֶתְמוֹל.
2853	7	153	examples/linhog/past-04.mp3	linhog	Paal	past	4	הוא	הוּא נָהַג בְּמָכוֹנִית חֲדָשָׁה בַּשָּׁבוּע שֶׁעָבַר.
2854	7	154	examples/linhog/past-05.mp3	linhog	Paal	past	5	היא	אִמָּא שֶׁלִּי נָהֲגָה אֶת הַמְכוֹנִית בַּפַּעַם הָרִאשׁוֹנָה.
2855	7	155	examples/linhog/past-06.mp3	linhog	Paal	past	6	אנחנו	נָהַגְנוּ בְּרָכָב הַחֲדָשׁ שֶׁלָּנוּ לַיָּם.
2856	7	156	examples/linhog/past-07.mp3	linhog	Paal	past	7	אתם	במהירות שבה נהגתם, הייתי בטוח שתקבלו דוח.
2857	7	157	examples/linhog/past-08.mp3	linhog	Paal	past	8	אתן	נְהַגְתֶּן בְּמַכּוֹנִית חֲדָשָׁה אֶתְמוֹל.
2858	7	158	examples/linhog/past-09.mp3	linhog	Paal	past	9	הם	בשבת האחרונה נהגו לטייל ברכב ברחבי הארץ.
2859	7	159	examples/linhog/past-10.mp3	linhog	Paal	past	10	הן	הֵם נָהֲגוּ בְּכָל הָעִיר כְּדֵי לִרְאוֹת אֶת כָּל הַמֶּרְאוֹת.
2860	7	160	examples/linhog/present-01.mp3	linhog	Paal	present	1	אני	אני נוהג בזהירות כאשר יש גשם.
2861	7	161	examples/linhog/present-02.mp3	linhog	Paal	present	2	אני	הִיא נוֹהֶגֶת בְּמָכוֹנִית חֲדָשָׁה.
2862	7	162	examples/linhog/present-03.mp3	linhog	Paal	present	3	אתה	אתה נוהג בזהירות בכבישים.
2863	7	163	examples/linhog/present-04.mp3	linhog	Paal	present	4	את	היא נוהגת בזהירות בכבישים העמוסים של תל אביב.
2864	7	164	examples/linhog/present-05.mp3	linhog	Paal	present	5	הוא	הוּא נוֹהֵג בְּמָכוֹנִית חֲדָשָׁה.
2865	7	165	examples/linhog/present-06.mp3	linhog	Paal	present	6	היא	היא נוהגת בזהירות ברחובות העיר.
2866	7	166	examples/linhog/present-07.mp3	linhog	Paal	present	7	אנחנו	בדרך כלל, אנחנו נוהגים בזהירות כדי למנוע תאונות.
2867	7	167	examples/linhog/present-08.mp3	linhog	Paal	present	8	אנחנו	אנחנו נוהגות בזהירות בזמן גשם.
2868	7	168	examples/linhog/present-09.mp3	linhog	Paal	present	9	אתם	בדרך כלל, נוהגים בצד ימין בישראל.
2869	7	169	examples/linhog/present-10.mp3	linhog	Paal	present	10	אתן	אֵין כָּל כָּךְ נָשִׁים שֶׁנוֹהֲגוֹת אוֹטוֹבּוּסִים בְּעִירֵנוּ.
2870	7	170	examples/linhog/present-11.mp3	linhog	Paal	present	11	הם	בדרך כלל, בני נוער לא נוֹהֲגִים בבטחה כמו נהגים מנוסים.
2871	7	171	examples/linhog/present-12.mp3	linhog	Paal	present	12	הן	הנשים נוהגות בזהירות ברחובות העיר.
2872	7	172	examples/linhog/future-01.mp3	linhog	Paal	future	1	אני	מחר בבוקר אֶנְהַג לים המלח.
2873	7	173	examples/linhog/future-02.mp3	linhog	Paal	future	2	אתה	בבקשה תִּנְהַג בזהירות כשאתה נוסע לבית הספר.
2874	7	174	examples/linhog/future-03.mp3	linhog	Paal	future	3	את	תִּנְהֲגִי בְּזָהִירוּת כְּשֶׁאַתְּ נוֹסַעַת לְבַד.
2875	7	175	examples/linhog/future-04.mp3	linhog	Paal	future	4	הוא	בבוקר מחר, הוא ינהג לתל אביב.
2876	7	176	examples/linhog/future-05.mp3	linhog	Paal	future	5	היא	בבוקר היא תנהג למשרד.
2877	7	177	examples/linhog/future-06.mp3	linhog	Paal	future	6	אנחנו	נִנְהַג בְּבִטּחוֹן כְּשֶׁנֵּלֵךְ לַיָּם.
2878	7	178	examples/linhog/future-07.mp3	linhog	Paal	future	7	אתם	בבקשה, תִּנְהֲגוּ בזהירות כשאתם חוזרים הביתה.
2879	7	179	examples/linhog/future-08.mp3	linhog	Paal	future	8	אתן	בשבוע הבא תִּנְהַגְנָה לאילת בחופשה משפחתית.
2880	7	180	examples/linhog/future-09.mp3	linhog	Paal	future	9	הם	בשבת הבאה יינהגו בזהירות בגלל הגשמים הצפויים.
2881	7	181	examples/linhog/future-10.mp3	linhog	Paal	future	10	הן	בשבוע הבא תִּנְהַגְנָה לירושלים לבקר את המשפחה.
2882	7	182	examples/linhog/imperative-01.mp3	linhog	Paal	imperative	1	אתה	נְהַג בזהירות בדרכים חלקות.
2883	7	183	examples/linhog/imperative-02.mp3	linhog	Paal	imperative	2	את	נַהֲגִי בזהירות בגשם.
2884	7	184	examples/linhog/imperative-03.mp3	linhog	Paal	imperative	3	אתם	נַהֲגוּ בזהירות בדרכים.
2885	7	185	examples/linhog/imperative-04.mp3	linhog	Paal	imperative	4	אתן	נְהַגְנָה עכשיו, בבקשה.
2886	7	186	examples/linhog/infinitive-01.mp3	linhog	Paal	infinitive	1		כדאי לך ללמוד לנהוג לפני שתיסע לבד.
2887	7	187	examples/litpos/past-01.mp3	litpos	Paal	past	1	אני	תָּפַסְתִּי דג גדול בים אתמול.
2888	7	188	examples/litpos/past-02.mp3	litpos	Paal	past	2	אתה	תָּפַסְתָּ את הכדור בקלות.
2889	7	189	examples/litpos/past-03.mp3	litpos	Paal	past	3	את	אִמָּא, תָּפַסְתְּ אֶת הַמַּפְתֵּחַ?
2890	7	190	examples/litpos/past-04.mp3	litpos	Paal	past	4	הוא	הילד תפס את הכדור בקלות.
2891	7	191	examples/litpos/past-05.mp3	litpos	Paal	past	5	היא	הַחֲתוּלָה תָּפְסָה עַכְבָּר בַּמִּטְבָּח.
2892	7	192	examples/litpos/past-06.mp3	litpos	Paal	past	6	אנחנו	בסופו של דבר, תָּפַסְנוּ את הדג הגדול.
2893	7	193	examples/litpos/past-07.mp3	litpos	Paal	past	7	אתם	תְּפַסְתֶּם את הדג הגדול בנהר?
2894	7	194	examples/litpos/past-08.mp3	litpos	Paal	past	8	אתן	תְּפַסְתֶּן אֶת הַכַּדוּר בַּמִּשְׂחָק.
2895	7	195	examples/litpos/past-09.mp3	litpos	Paal	past	9	הם	הם תָּפְסוּ את הכדור במהירות.
2896	7	196	examples/litpos/past-10.mp3	litpos	Paal	past	10	הן	כשהם הגיעו למקום, התברר שהשוטרים כבר תָּפְסוּ את הגנב.
2897	7	197	examples/litpos/present-01.mp3	litpos	Paal	present	1	אני	אני תּוֹפֵס את הכדור במהירות.
2898	7	198	examples/litpos/present-02.mp3	litpos	Paal	present	2	אני	אני תופסת את הכדור בקלות.
2899	7	199	examples/litpos/present-03.mp3	litpos	Paal	present	3	אתה	אתה תופס את הכדור בקלות.
2900	7	200	examples/litpos/present-04.mp3	litpos	Paal	present	4	את	היא תופסת את הכדור בקלות.
2901	7	201	examples/litpos/present-05.mp3	litpos	Paal	present	5	הוא	הילד תּוֹפֵס את הכדור במהירות.
2902	7	202	examples/litpos/present-06.mp3	litpos	Paal	present	6	היא	היא תּוֹפֶסֶת את הכדור בקלות.
2903	7	203	examples/litpos/present-07.mp3	litpos	Paal	present	7	אנחנו	בכל פעם שאנחנו תופסים את הכדור, אנחנו מרגישים שמחה גדולה.
2904	7	204	examples/litpos/present-08.mp3	litpos	Paal	present	8	אנחנו	אנחנו תופסות את הילדים שברחו מהגן.
2905	7	205	examples/litpos/present-09.mp3	litpos	Paal	present	9	אתם	כשהם רואים את הכדור, אתם תופסים אותו במהירות.
2906	7	206	examples/litpos/present-10.mp3	litpos	Paal	present	10	אתן	אתן תּוֹפְסוֹת את הכדור בקלות.
2907	7	207	examples/litpos/present-11.mp3	litpos	Paal	present	11	הם	הילדים תופסים את הכדור במהירות.
2908	7	208	examples/litpos/present-12.mp3	litpos	Paal	present	12	הן	הילדות תּוֹפְסוֹת פרפרים בגינה.
2909	7	209	examples/litpos/future-01.mp3	litpos	Paal	future	1	אני	בבוקר אני אתפוס את האוטובוס לבית הספר.
2910	7	210	examples/litpos/future-02.mp3	litpos	Paal	future	2	אתה	אתה תִּתְפּוֹס את הכדור אם תמשיך להתאמן.
2911	7	211	examples/litpos/future-03.mp3	litpos	Paal	future	3	את	אם תִּתְפְּסִי את הכדור, נזכה במשחק.
2912	7	212	examples/litpos/future-04.mp3	litpos	Paal	future	4	הוא	בטוח שהוא יִתְפּוֹס את הכדור במהלך המשחק.
2913	7	213	examples/litpos/future-05.mp3	litpos	Paal	future	5	היא	בטוח תתפוס אותו בסוף.
2914	7	214	examples/litpos/future-06.mp3	litpos	Paal	future	6	אנחנו	אנחנו נִתְפּוֹס את הדג הזה בקרוב.
2915	7	215	examples/litpos/future-07.mp3	litpos	Paal	future	7	אתם	תִּתְפְּסוּ את הכדור לפני שהוא נופל!
2916	7	216	examples/litpos/future-08.mp3	litpos	Paal	future	8	אתן	בַּיּוֹם שֶׁתִּתְפֹּסְנָה אֶת הַחֲלוֹם שֶׁלָּהֶן, הֵן תִּהְיֶינָה מְאֻשָּׁרוֹת.
2917	7	217	examples/litpos/future-09.mp3	litpos	Paal	future	9	הם	הם יִתְפְּסוּ את הכדור במהירות.
2918	7	218	examples/litpos/future-10.mp3	litpos	Paal	future	10	הן	התרנגולות תִּתְפֹּסְנָה את התולעים בבוקר.
2919	7	219	examples/litpos/imperative-01.mp3	litpos	Paal	imperative	1	אתה	תְּפוֹס את הכדור לפני שהוא נופל!
2920	7	220	examples/litpos/imperative-02.mp3	litpos	Paal	imperative	2	את	תִּפְסִי את הכדור לפני שהוא נופל!
2921	7	221	examples/litpos/imperative-03.mp3	litpos	Paal	imperative	3	אתם	תִּפְסוּ את הכדור לפני שהוא נופל!
2922	7	222	examples/litpos/imperative-04.mp3	litpos	Paal	imperative	4	אתן	תְּפֹסְנָה עכשיו, בבקשה.
2923	7	223	examples/litpos/infinitive-01.mp3	litpos	Paal	infinitive	1		הילדים רצו לִתְפּוֹס את הפרפרים בגינה.
2924	7	224	examples/limshoch/past-01.mp3	limshoch	Paal	past	1	אני	מָשַׁכְתִּי אֶת הַדֶּלֶת בְּכֹחַ כְּדֵי לִפְתּוֹחַ אוֹתָהּ.
2925	7	225	examples/limshoch/past-02.mp3	limshoch	Paal	past	2	אתה	אַתָּה מָשַׁכְתָּ אֶת הַיְלָד מִן הַבּוֹר.
2926	7	226	examples/limshoch/past-03.mp3	limshoch	Paal	past	3	את	מָשַׁכְתְּ אֶת הַכִּסֵא קְרוֹב יוֹתֵר אֵלַי.
2927	7	227	examples/limshoch/past-04.mp3	limshoch	Paal	past	4	הוא	הִוא מָשַׁךְ אֶת הַכֶּסֶף מִן הַבַּנְק.
2928	7	228	examples/limshoch/past-05.mp3	limshoch	Paal	past	5	היא	הַיֶּלֶד מָשְׁכָה אֶת הַכֶּלֶב בְּחוֹזֶק.
2929	7	229	examples/limshoch/past-06.mp3	limshoch	Paal	past	6	אנחנו	אַתָּה רָאִיתָ אוֹתִי, מָשַׁכְנוּ אֶת הַכֶּסֶף מִן הַבַּנְק.
2930	7	230	examples/limshoch/past-07.mp3	limshoch	Paal	past	7	אתם	אַתֶּם מְשַׁכְתֶּם אֶת הַחֲבָלִים בְּכֹחַ כְּדֵי לִפְתּוֹחַ אֶת הַדֶּלֶת.
2931	7	231	examples/limshoch/past-08.mp3	limshoch	Paal	past	8	אתן	הִיא הִצִלָה אוֹתָנוּ כְּשֶׁמְשַׁכְתֶּן אוֹתָהּ בִּזְמַן.
2932	7	232	examples/limshoch/past-09.mp3	limshoch	Paal	past	9	הם	בזמן הסערה, המתנדבים מָשְׁכוּ את העצים הנופלים מהכביש.
2933	7	233	examples/limshoch/past-10.mp3	limshoch	Paal	past	10	הן	הֵן מָשְׁכוּ אֶת הַמִּתְרוֹנִי לְשֵׂדֶר טוֹב יוֹתֵר.
2934	7	234	examples/limshoch/present-01.mp3	limshoch	Paal	present	1	אני	אני מושך את המיטה לחדר השני.
2935	7	235	examples/limshoch/present-02.mp3	limshoch	Paal	present	2	אני	אני מוֹשֶׁכֶת את הילד ביד כדי לעבור את הכביש בבטחה.
2936	7	236	examples/limshoch/present-03.mp3	limshoch	Paal	present	3	אתה	אתה מושך את החבל בכוח.
2937	7	237	examples/limshoch/present-04.mp3	limshoch	Paal	present	4	את	היא מושכת את הילדים מהמים בזהירות.
2938	7	238	examples/limshoch/present-05.mp3	limshoch	Paal	present	5	הוא	הילד מוֹשֵׁךְ את הכדור בחבל.
2939	7	239	examples/limshoch/present-06.mp3	limshoch	Paal	present	6	היא	הַכּוֹכָבִים מוֹשֶׁכֶת אֶת הַיָם בְּכֹחַ הַמִשְׁכָּה.
2940	7	240	examples/limshoch/present-07.mp3	limshoch	Paal	present	7	אנחנו	אנחנו מושכים את המשאית בכוחות משותפים.
2941	7	241	examples/limshoch/present-08.mp3	limshoch	Paal	present	8	אנחנו	אנחנו מושכות את הילדים בחבל.
2942	7	242	examples/limshoch/present-09.mp3	limshoch	Paal	present	9	אתם	אתם מוֹשְׁכִים את העגלה בכוח.
2943	7	243	examples/limshoch/present-10.mp3	limshoch	Paal	present	10	אתן	אתן מושכות את העגלה בכוח.
2944	7	244	examples/limshoch/present-11.mp3	limshoch	Paal	present	11	הם	הם מוֹשְׁכִים את המשאית בכוח.
2945	7	245	examples/limshoch/present-12.mp3	limshoch	Paal	present	12	הן	הילדות מוֹשְׁכוֹת את הכלב אל הפארק.
2946	7	246	examples/limshoch/future-01.mp3	limshoch	Paal	future	1	אני	אֶמְשׁוֹךְ אֶת הַחֲבָלִים בַּבּוֹקֶר
2947	7	247	examples/limshoch/future-02.mp3	limshoch	Paal	future	2	אתה	בבקשה תִּמְשׁוֹךְ את הדלת כדי לפתוח אותה.
2948	7	248	examples/limshoch/future-03.mp3	limshoch	Paal	future	3	את	בבקשה תמשכי את הקרון עד הסוף.
2949	7	249	examples/limshoch/future-04.mp3	limshoch	Paal	future	4	הוא	הוא יִמְשׁוֹךְ את הדלת בחוזקה.
2950	7	250	examples/limshoch/future-05.mp3	limshoch	Paal	future	5	היא	כשהיא תמשוך את הידית, הדלת תיפתח.
2951	7	251	examples/limshoch/future-06.mp3	limshoch	Paal	future	6	אנחנו	בבוקר אנחנו נִמְשׁוֹךְ את הילדים למיטה שלנו.
2952	7	252	examples/limshoch/future-07.mp3	limshoch	Paal	future	7	אתם	כשתגיעו לבית המשפט, תמשכו את הדלת בחוזקה כדי לפתוח אותה.
2953	7	253	examples/limshoch/future-08.mp3	limshoch	Paal	future	8	אתן	תִּמְשֹׁכְנָה הַנָּשִׁים אֶת הַמַּשְׁאוֹת בְּכֹחַ.
2954	7	254	examples/limshoch/future-09.mp3	limshoch	Paal	future	9	הם	הם יִמְשְׁכוּ את העגלה עד לבית.
2955	7	255	examples/limshoch/future-10.mp3	limshoch	Paal	future	10	הן	תִּמְשֹׁכְנָה הַמַּשְׁאָבוֹת אֶת הַמַּיִם מִן הַבְּאֵר.
2956	7	256	examples/limshoch/imperative-01.mp3	limshoch	Paal	imperative	1	אתה	מְשׁוֹךְ את הדלת בבקשה.
2957	7	257	examples/limshoch/imperative-02.mp3	limshoch	Paal	imperative	2	את	בְּבַקשָׁה, מִשְׁכִי חֲזָקָה יוֹתֵר.
2958	7	258	examples/limshoch/imperative-03.mp3	limshoch	Paal	imperative	3	אתם	מִשְׁכוּ את הדלת כדי לפתוח אותה.
2959	7	259	examples/limshoch/imperative-04.mp3	limshoch	Paal	imperative	4	אתן	מְשֹׁכְנָה עכשיו, בבקשה.
2960	7	260	examples/limshoch/infinitive-01.mp3	limshoch	Paal	infinitive	1		הוא מנסה למשוך את הדלת בחוזקה.
2961	7	261	examples/leharim/past-01.mp3	leharim	Hifil	past	1	אני	הֲרִימוֹתִי את הַתִּינוֹק מִן הַמִּטָּה.
2962	7	262	examples/leharim/past-02.mp3	leharim	Hifil	past	2	אתה	הֲרִימוֹתָ את המשקל בקלות?
2963	7	263	examples/leharim/past-03.mp3	leharim	Hifil	past	3	את	הֲרִימוֹת את הילדים בזרועותיה.
2964	7	264	examples/leharim/past-04.mp3	leharim	Hifil	past	4	הוא	אבא הֵרִים את התינוק מעריסתו.
2965	7	265	examples/leharim/past-05.mp3	leharim	Hifil	past	5	היא	הֵרִימָה הַיֶּלֶד אֶת הַמִּשְׁקוֹל.
2966	7	266	examples/leharim/past-06.mp3	leharim	Hifil	past	6	אנחנו	הֲרִימוֹנוּ את הדגל בגאווה.
2967	7	267	examples/leharim/past-07.mp3	leharim	Hifil	past	7	אתם	הֲרִימוֹתֶם את הידיים כדי לברך את הילדים?
2968	7	268	examples/leharim/past-08.mp3	leharim	Hifil	past	8	אתן	הֲרִימוֹתֶן את הילדים בזרועותיכן בשמחה.
2969	7	269	examples/leharim/past-09.mp3	leharim	Hifil	past	9	הם	הֵרִימוּ את הדגל בגאווה.
2970	7	270	examples/leharim/past-10.mp3	leharim	Hifil	past	10	הן	הֵרִימוּ את הַדֶּגֶל בְּטִקְס הַחֲגִיגִי.
2971	7	271	examples/leharim/present-01.mp3	leharim	Hifil	present	1	אני	אֲנִי מָרִים אֶת הַיְלָדִים בְּבֹקֶר לְבֵית הַסֵפֶר.
2972	7	272	examples/leharim/present-02.mp3	leharim	Hifil	present	2	אני	אני מְרִימָה את הילדים בבוקר לבית הספר.
2973	7	273	examples/leharim/present-03.mp3	leharim	Hifil	present	3	אתה	אתה מָרִים את המשקל בקלות.
2974	7	274	examples/leharim/present-04.mp3	leharim	Hifil	present	4	את	היא מְרִימָה את היד שלה כדי לשאול שאלה.
2975	7	275	examples/leharim/present-05.mp3	leharim	Hifil	present	5	הוא	הוּא מָרִים אֶת הַתִּינוֹק בְּזָרוֹעוֹתָיו.
2976	7	276	examples/leharim/present-06.mp3	leharim	Hifil	present	6	היא	היא מְרִימָה את הילדים בכל בוקר לבית הספר.
2977	7	277	examples/leharim/present-07.mp3	leharim	Hifil	present	7	אנחנו	אנחנו מְרִימִים את הילדים על הכתפיים שלנו.
2978	7	278	examples/leharim/present-08.mp3	leharim	Hifil	present	8	אנחנו	אנחנו מְרִימוֹת את הילדים בכל בוקר לגן.
2979	7	279	examples/leharim/present-09.mp3	leharim	Hifil	present	9	אתם	אתם מרימים את הידיים בכל פעם ששומעים מוזיקה טובה.
2980	7	280	examples/leharim/present-10.mp3	leharim	Hifil	present	10	אתן	הַאִם אַתֶּן מְרִימוֹת אֶת הַמִּשְׁאוֹת בַּחֲדָר הַכּוֹשָׂר?
2981	7	281	examples/leharim/present-11.mp3	leharim	Hifil	present	11	הם	הם מְרִימִים את המשקלות בחדר הכושר.
2982	7	282	examples/leharim/present-12.mp3	leharim	Hifil	present	12	הן	הן מְרִימוֹת את הילדים בכל בוקר.
2983	7	283	examples/leharim/future-01.mp3	leharim	Hifil	future	1	אני	אָרִים את המשקל כדי לבדוק את הכוח שלי.
2984	7	284	examples/leharim/future-02.mp3	leharim	Hifil	future	2	אתה	מחר תָּרִים את הדלת כדי לתקן את הצירים.
2985	7	285	examples/leharim/future-03.mp3	leharim	Hifil	future	3	את	תְּרִימִי את הידיים למעלה כדי שאראה אותך.
2986	7	286	examples/leharim/future-04.mp3	leharim	Hifil	future	4	הוא	הַמּוֹרֶה יָרִים אֶת הַדֶּגֶל בַּבֹּקֶר.
2987	7	287	examples/leharim/future-05.mp3	leharim	Hifil	future	5	היא	אחרי שתתאמני, תוכלי לתרים את המשקולות בקלות.
2988	7	288	examples/leharim/future-06.mp3	leharim	Hifil	future	6	אנחנו	אנחנו נָרִים את המשקולות בחדר הכושר מחר.
2989	7	289	examples/leharim/future-07.mp3	leharim	Hifil	future	7	אתם	כשתראו אותו, תְּרִימוּ את היד כדי שנדע.
2990	7	290	examples/leharim/future-08.mp3	leharim	Hifil	future	8	אתן	בַּבֹּקֶר הַזֶּה, אַתָּה תִּרְאֶה אֵיךְ אֲנַחְנוּ כֻּלָּנוּ תְּרֵמְנָה אֶת הַדֶּגֶל בְּיַחַד.
2991	7	291	examples/leharim/future-09.mp3	leharim	Hifil	future	9	הם	יְרִימוּ הַיְלָדִים אֶת הַכַּדּוּרִים בְּשִׂמְחָה.
2992	7	292	examples/leharim/future-10.mp3	leharim	Hifil	future	10	הן	הן תְּרֵמְנָה את הדגל בטקס המרגש.
2993	7	293	examples/leharim/imperative-01.mp3	leharim	Hifil	imperative	1	אתה	הָרֵם את היד שלך.
2994	7	294	examples/leharim/imperative-02.mp3	leharim	Hifil	imperative	2	את	הֲרִימִי את הילדים מן הקרקע.
2995	7	295	examples/leharim/imperative-03.mp3	leharim	Hifil	imperative	3	אתם	הֲרִימוּ את הידיים שלכם כדי להצביע.
2996	7	296	examples/leharim/imperative-04.mp3	leharim	Hifil	imperative	4	אתן	הֲרֵמְנָה עכשיו, בבקשה.
2997	7	297	examples/leharim/infinitive-01.mp3	leharim	Hifil	infinitive	1		הוא מנסה לְהָרִים את הדלי מלא המים.
2998	7	298	examples/nikra-nifal/past-01.mp3	nikra_nifal	Nifal	past	1	אני	בַּיּוֹם שֶׁנִּקְרֵאתִי לְמִשְׁפָּט, הָיִיתִי מְאוֹד לַחוּץ.
2999	7	299	examples/nikra-nifal/past-02.mp3	nikra_nifal	Nifal	past	2	אתה	אתמול נִקְרֵאתָ בשם שגוי במהלך הפגישה.
3000	7	300	examples/nikra-nifal/past-03.mp3	nikra_nifal	Nifal	past	3	את	הספר נִקְרֵאתְ בקול רם על ידי הילדה.
3001	7	301	examples/nikra-nifal/past-04.mp3	nikra_nifal	Nifal	past	4	הוא	הספר הזה נקרא בכל בתי הספר בארץ.
3002	7	302	examples/nikra-nifal/past-05.mp3	nikra_nifal	Nifal	past	5	היא	אתמול נִקְרֵאָה הספר הזה בקול רם בכיתה.
3003	7	303	examples/nikra-nifal/past-06.mp3	nikra_nifal	Nifal	past	6	אנחנו	בשיעור אנגלית, נִקְרֵאנוּ את הפרק הראשון של הספר.
3004	7	304	examples/nikra-nifal/past-07.mp3	nikra_nifal	Nifal	past	7	אתם	בבית הספר נִקְרֵאתֶם בשמות שונים מאשר בבית.
3005	7	305	examples/nikra-nifal/past-08.mp3	nikra_nifal	Nifal	past	8	אתן	הבוקר נִקְרֵאתֶן בשיעור לקרוא את הפרק הראשון.
3006	7	306	examples/nikra-nifal/past-09.mp3	nikra_nifal	Nifal	past	9	הם	אתמול בבוקר נִקְרְאוּ שמות התלמידים שהתקבלו לבית הספר.
3007	7	307	examples/nikra-nifal/past-10.mp3	nikra_nifal	Nifal	past	10	הן	ההודעות נִקְרְאוּ בקול רם בפני כל הנוכחים.
3008	7	308	examples/nikra-nifal/present-01.mp3	nikra_nifal	Nifal	present	1	אני	הספר הזה נקרא על ידי ילדים בכל העולם.
3009	7	309	examples/nikra-nifal/present-02.mp3	nikra_nifal	Nifal	present	2	אני	הספר הזה נִקְרֵאָה בכל בתי הספר בארץ.
3010	7	310	examples/nikra-nifal/present-03.mp3	nikra_nifal	Nifal	present	3	אתה	כשאתה נִקְרָא לשירות, אתה חייב להתייצב מיידית.
3011	7	311	examples/nikra-nifal/present-04.mp3	nikra_nifal	Nifal	present	4	את	הספר הזה נִקְרֵאָה על ידי הרבה אנשים.
3012	7	312	examples/nikra-nifal/present-05.mp3	nikra_nifal	Nifal	present	5	הוא	"הספר הזה נקרא ""המסע הגדול""."
3013	7	313	examples/nikra-nifal/present-06.mp3	nikra_nifal	Nifal	present	6	היא	הספר הזה נקראה בכל בית בישראל.
3014	7	314	examples/nikra-nifal/present-07.mp3	nikra_nifal	Nifal	present	7	אנחנו	אנחנו נִקְרְאִים כדי ללמוד מידע חדש.
3015	7	315	examples/nikra-nifal/present-08.mp3	nikra_nifal	Nifal	present	8	אנחנו	הספרים הללו נִקְרְאוֹת בכל בית בישראל.
3016	7	316	examples/nikra-nifal/present-09.mp3	nikra_nifal	Nifal	present	9	אתם	הספרים הללו נקראים בכל בית ספר.
3017	7	317	examples/nikra-nifal/present-10.mp3	nikra_nifal	Nifal	present	10	אתן	הַמַּאֲמָרִים הָאֵלֶּה נִקְרְאוֹת בְּתַכְסִיסִיּוּת רַבָּה.
3018	7	318	examples/nikra-nifal/present-11.mp3	nikra_nifal	Nifal	present	11	הם	הילדים נִקְרְאִים בשמות שונים בכל בית ספר.
3019	7	319	examples/nikra-nifal/present-12.mp3	nikra_nifal	Nifal	present	12	הן	ספרים רבים נִקְרְאוֹת על ידי ילדים בבתי הספר.
3020	7	320	examples/nikra-nifal/future-01.mp3	nikra_nifal	Nifal	future	1	אני	מחר אֶקָּרֵא לוֹ כדי לדבר על הפרויקט.
3021	7	321	examples/nikra-nifal/future-02.mp3	nikra_nifal	Nifal	future	2	אתה	בבוקר תִּקָּרֵא לך ההודעה בקול רם.
3022	7	322	examples/nikra-nifal/future-03.mp3	nikra_nifal	Nifal	future	3	את	בבוקר תִּקְרֵאי את הספר הזה.
3023	7	323	examples/nikra-nifal/future-04.mp3	nikra_nifal	Nifal	future	4	הוא	יִקָּרֵא לוֹ שֵׁם חָדָשׁ בַּטְּקֶס.
3024	7	324	examples/nikra-nifal/future-05.mp3	nikra_nifal	Nifal	future	5	היא	ביום חמישי תִּקָּרֵא הפרשה בבית הכנסת.
3025	7	325	examples/nikra-nifal/future-06.mp3	nikra_nifal	Nifal	future	6	אנחנו	בשבוע הבא נִקָּרֵא את הספר החדש.
3026	7	326	examples/nikra-nifal/future-07.mp3	nikra_nifal	Nifal	future	7	אתם	בבקשה תִּקְרְאוּ את ההודעה הזו בקול רם.
3027	7	327	examples/nikra-nifal/future-08.mp3	nikra_nifal	Nifal	future	8	אתן	תִּקְרְאוּ את הספר הזה בקול רם.
3028	7	328	examples/nikra-nifal/future-09.mp3	nikra_nifal	Nifal	future	9	הם	בבית הספר יִקְרְאוּ לו בשם חדש.
3029	7	329	examples/nikra-nifal/future-10.mp3	nikra_nifal	Nifal	future	10	הן	"בשנה הבאה יִקְרְאוּ לספר הזה ""הספר הנצחי""."
3030	7	330	examples/nikra-nifal/imperative-01.mp3	nikra_nifal	Nifal	imperative	1	אתה	הִקְרֵא לוֹ בְּשֵׁם חָדָשׁ.
3031	7	331	examples/nikra-nifal/imperative-02.mp3	nikra_nifal	Nifal	imperative	2	את	הִקְרֵאי לי את הסיפור הזה.
3032	7	332	examples/nikra-nifal/imperative-03.mp3	nikra_nifal	Nifal	imperative	3	אתם	הִקְרְאוּ את השם בקול רם.
3033	7	333	examples/nikra-nifal/imperative-04.mp3	nikra_nifal	Nifal	imperative	4	אתן	הִקְרֵאנָה עכשיו, בבקשה.
3034	7	334	examples/nikra-nifal/infinitive-01.mp3	nikra_nifal	Nifal	infinitive	1		הספר הזה ראוי לְהִקָּרֵא בכל בית.
3035	7	335	examples/nikhtav/past-01.mp3	nikhtav	Nifal	past	1	אני	הייתי כל כך עסוק, שלא נִכְתַּבְתִּי ביומן שלי כבר שבוע.
3036	7	336	examples/nikhtav/past-02.mp3	nikhtav	Nifal	past	2	אתה	הידיעה נכתבת בידי העיתונאי הצעיר והמוכשר.
3037	7	337	examples/nikhtav/past-03.mp3	nikhtav	Nifal	past	3	את	הספר הזה נכתבת על ידי סופרת מפורסמת.
3038	7	338	examples/nikhtav/past-04.mp3	nikhtav	Nifal	past	4	הוא	הַמְכַתֵב נִכְתַּב בְּכָל בֹּקֶר עַל יְדֵי הַמִּכְתָב.
3039	7	339	examples/nikhtav/past-05.mp3	nikhtav	Nifal	past	5	היא	הידיעה נכתבה בשעות הבוקר המוקדמות.
3040	7	340	examples/nikhtav/past-06.mp3	nikhtav	Nifal	past	6	אנחנו	כשהיינו קטנים, נִכְתַּבְנוּ חוברות קומיקס משלנו.
3041	7	341	examples/nikhtav/past-07.mp3	nikhtav	Nifal	past	7	אתם	הָאִגֶּרֶת נִכְתַּבְתֶּם בְּכִתְבֵי־יָד בָּרוּרִים.
3042	7	342	examples/nikhtav/past-08.mp3	nikhtav	Nifal	past	8	אתן	האם נִכְתַּבְתֶּן לְפָנַי בַּסֵּפֶר הַזֶּה?
3043	7	343	examples/nikhtav/past-09.mp3	nikhtav	Nifal	past	9	הם	מכתבים רבים נִכְתְּבוּ במהלך המלחמה.
3044	7	344	examples/nikhtav/past-10.mp3	nikhtav	Nifal	past	10	הן	כמה סיפורים נִכְתְּבוּ על ידי הסופר הצעיר.
3045	7	345	examples/nikhtav/present-01.mp3	nikhtav	Nifal	present	1	אני	הַמִּכְתָּב נִכְתָּב בְּכָתָב יָפֶה.
3046	7	346	examples/nikhtav/present-02.mp3	nikhtav	Nifal	present	2	אני	הַהוֹדָעָה נִכְתֶּבֶת עַל־יְדִי הַמּוֹכֵר.
3047	7	347	examples/nikhtav/present-03.mp3	nikhtav	Nifal	present	3	אתה	נִכְתָּב בְּסֵפֶר הַזִּכָּרוֹן.
3048	7	348	examples/nikhtav/present-04.mp3	nikhtav	Nifal	present	4	את	המכתב נכתבת בדיוק כפי שביקשת.
3049	7	349	examples/nikhtav/present-05.mp3	nikhtav	Nifal	present	5	הוא	הטקסט נכתב ברגעים אלו.
3050	7	350	examples/nikhtav/present-06.mp3	nikhtav	Nifal	present	6	היא	כל הסיפור נִכְתֶּבֶת עכשיו בזמן אמת.
3051	7	351	examples/nikhtav/present-07.mp3	nikhtav	Nifal	present	7	אנחנו	כל הדברים הנפלאים האלה נכתבים בספר.
3052	7	352	examples/nikhtav/present-08.mp3	nikhtav	Nifal	present	8	אנחנו	כאשר נִכְתָּבוֹת המילים בספר, אנו מרגישים את ההיסטוריה.
3053	7	353	examples/nikhtav/present-09.mp3	nikhtav	Nifal	present	9	אתם	כאשר אתם נִכְתָּבִים ביומן, חשוב לשמור על סדר הכתיבה.
3054	7	354	examples/nikhtav/present-10.mp3	nikhtav	Nifal	present	10	אתן	ההודעות נכתבות בדיוק ברגע זה.
3055	7	355	examples/nikhtav/present-11.mp3	nikhtav	Nifal	present	11	הם	הדוחות נכתבים בדיוק רב.
3056	7	356	examples/nikhtav/present-12.mp3	nikhtav	Nifal	present	12	הן	כל ההודעות נִכְתָּבוֹת בזמן אמת.
3057	7	357	examples/nikhtav/future-01.mp3	nikhtav	Nifal	future	1	אני	הַדּוֹחַ הַזֶּה אֶכָּתֵב עַד סוֹף הַשָּׁבוּעַ.
3058	7	358	examples/nikhtav/future-02.mp3	nikhtav	Nifal	future	2	אתה	כשתבוא, תִּכָּתֵב השם שלך בפנקס.
3059	7	359	examples/nikhtav/future-03.mp3	nikhtav	Nifal	future	3	את	תִּכָּתְבִי אוֹתִי כְּשֶׁתִּגְמְרִי לִקְרוֹא אֶת הַסֵּפֶר.
3060	7	360	examples/nikhtav/future-04.mp3	nikhtav	Nifal	future	4	הוא	כשהוא יִכָּתֵב, יהיה עלינו לקרוא את זה.
3061	7	361	examples/nikhtav/future-05.mp3	nikhtav	Nifal	future	5	היא	היא תִּכָּתֵב בספר הזה.
3062	7	362	examples/nikhtav/future-06.mp3	nikhtav	Nifal	future	6	אנחנו	נִכָּתֵב סיפור חדש בכל יום.
3063	7	363	examples/nikhtav/future-07.mp3	nikhtav	Nifal	future	7	אתם	אני מקווה שתכתבו את הדוחות בזמן.
3064	7	364	examples/nikhtav/future-08.mp3	nikhtav	Nifal	future	8	אתן	בקרוב תכתבנה סיפורי המסע שלהן.
3065	7	365	examples/nikhtav/future-09.mp3	nikhtav	Nifal	future	9	הם	שמותיהם יִכָּתְבוּ בספר הזהרות.
3066	7	366	examples/nikhtav/future-10.mp3	nikhtav	Nifal	future	10	הן	הבחינות תִּכָּתֵבְנָה בשבוע הבא.
3067	7	367	examples/nikhtav/infinitive-01.mp3	nikhtav	Nifal	infinitive	1		חשוב מאוד שהסיפור יהיה לְהִכָּתֵב בצורה ברורה ומובנת.
3068	7	368	examples/hiktiv/past-01.mp3	hiktiv	Hifil	past	1	אני	הִכְתַּבְתִּי לוֹ את ההוראות בדיוק כפי שביקשתי.
3069	7	369	examples/hiktiv/past-02.mp3	hiktiv	Hifil	past	2	אתה	הִכְתַּבְתָּ לי את המכתב כדי שאוכל לשלוח אותו בדואר.
3070	7	370	examples/hiktiv/past-03.mp3	hiktiv	Hifil	past	3	את	הִכְתַּבְתְּ אֶת הַמִּכְתָבִים בְּזָרִיזוּת.
3071	7	371	examples/hiktiv/past-04.mp3	hiktiv	Hifil	past	4	הוא	הִכְתִּיב את הַדִּיוַח בְּקוֹל רָם וּבָרוּר.
3072	7	372	examples/hiktiv/past-05.mp3	hiktiv	Hifil	past	5	היא	הִכְתִּיבָה את הדוח בצורה מדוייקת.
3073	7	373	examples/hiktiv/past-06.mp3	hiktiv	Hifil	past	6	אנחנו	במהלך הפגישה הִכְתַּבְנוּ את כל ההחלטות שהתקבלו.
3074	7	374	examples/hiktiv/past-07.mp3	hiktiv	Hifil	past	7	אתם	הִכְתַּבְתֶּם את המכתב במהירות?
3075	7	375	examples/hiktiv/past-08.mp3	hiktiv	Hifil	past	8	אתן	הִכְתַּבְתֶּן את המכתבים במהירות רבה.
3076	7	376	examples/hiktiv/past-09.mp3	hiktiv	Hifil	past	9	הם	הם הִכְתִּיבוּ את התכתובת במהירות.
3077	7	377	examples/hiktiv/past-10.mp3	hiktiv	Hifil	past	10	הן	הַמּוֹרִים הִכְתִּיבוּ אֶת הַשִּׁיעוּרִים לַתַּלְמִידִים.
3078	7	378	examples/hiktiv/present-01.mp3	hiktiv	Hifil	present	1	אני	אני מַכְתִּיב את ההוראות בצורה ברורה.
3079	7	379	examples/hiktiv/present-02.mp3	hiktiv	Hifil	present	2	אני	אֲנִי מַכְתִּיבָה אֶת הַמִּלִּים לְתַלְמִידַי בַּכִּתָּה.
3080	7	380	examples/hiktiv/present-03.mp3	hiktiv	Hifil	present	3	אתה	אתה מכתיב את המילים ואני כותב אותם.
3081	7	381	examples/hiktiv/present-04.mp3	hiktiv	Hifil	present	4	את	היא מַכְתִּיבָה את ההוראות בקפידה.
3082	7	382	examples/hiktiv/present-05.mp3	hiktiv	Hifil	present	5	הוא	המורה מַכְתִּיב את השיעורי בית לתלמידים.
3083	7	383	examples/hiktiv/present-06.mp3	hiktiv	Hifil	present	6	היא	היא מַכְתִּיבָה את ההוראות בקפידה.
3084	7	384	examples/hiktiv/present-07.mp3	hiktiv	Hifil	present	7	אנחנו	אנחנו מכתיבים את המדיניות החדשה לכל העובדים.
3085	7	385	examples/hiktiv/present-08.mp3	hiktiv	Hifil	present	8	אנחנו	אנחנו מַכְתִּיבוֹת את הדוח היומי למזכירה.
3086	7	386	examples/hiktiv/present-09.mp3	hiktiv	Hifil	present	9	אתם	בבית הספר, המורים מַכְתִּיבִים את המטלות לתלמידים.
3087	7	387	examples/hiktiv/present-10.mp3	hiktiv	Hifil	present	10	אתן	הָאִמָּאוֹת מַכְתִּיבוֹת אֶת הַשִּׁיעוּרִים לַיְלָדִים.
3088	7	388	examples/hiktiv/present-11.mp3	hiktiv	Hifil	present	11	הם	בבית הספר, המורים מַכְתִּיבִים את המטלות לתלמידים.
3089	7	389	examples/hiktiv/present-12.mp3	hiktiv	Hifil	present	12	הן	הַמּוֹרוֹת מַכְתִּיבוֹת לַתַּלְמִידִים אֶת הַשִּׁיעוּר.
3090	7	390	examples/hiktiv/future-01.mp3	hiktiv	Hifil	future	1	אני	בבוקר אכתיב לך את המכתב שצריך לשלוח.
3091	7	391	examples/hiktiv/future-02.mp3	hiktiv	Hifil	future	2	אתה	אתה תכתיב את המכתב ואני ארשום אותו.
3092	7	392	examples/hiktiv/future-03.mp3	hiktiv	Hifil	future	3	את	תכתיבי לי את הדברים שצריך לזכור.
3093	7	393	examples/hiktiv/future-04.mp3	hiktiv	Hifil	future	4	הוא	הַמּוֹרֶה יַכְתִּיב אֶת הַמְּשִׁימָה לַתַּלְמִידִים.
3094	7	394	examples/hiktiv/future-05.mp3	hiktiv	Hifil	future	5	היא	היא תכתיב את המדיניות החדשה לכל העובדים.
3095	7	395	examples/hiktiv/future-06.mp3	hiktiv	Hifil	future	6	אנחנו	נַכְתִּיב לך את כל ההוראות בדיוק.
3096	7	396	examples/hiktiv/future-07.mp3	hiktiv	Hifil	future	7	אתם	תַּכְתִּיבוּ את ההוראות בצורה ברורה.
3097	7	397	examples/hiktiv/future-08.mp3	hiktiv	Hifil	future	8	אתן	בשבוע הבא תַּכְתֵּבְנָה את המשימות לכל התלמידים.
3098	7	398	examples/hiktiv/future-09.mp3	hiktiv	Hifil	future	9	הם	הם יכתיבו את הכללים החדשים בקרוב.
3099	7	399	examples/hiktiv/future-10.mp3	hiktiv	Hifil	future	10	הן	הַמּוֹרוֹת תַּכְתֵּבְנָה אֶת הַמִּשִּׁימוֹת לַתַּלְמִידִים.
3100	7	400	examples/hiktiv/imperative-01.mp3	hiktiv	Hifil	imperative	1	אתה	בבקשה, הַכְתֵּב את המכתב הזה בקול רם.
3101	7	401	examples/hiktiv/imperative-02.mp3	hiktiv	Hifil	imperative	2	את	בִּבְקָשָׁה, הַכְתִּיבִי אֶת הַדּוֹחוֹת הַיּוֹם.
3102	7	402	examples/hiktiv/imperative-03.mp3	hiktiv	Hifil	imperative	3	אתם	הַכְתִּיבוּ את הדוח עד סוף היום.
3103	7	403	examples/hiktiv/imperative-04.mp3	hiktiv	Hifil	imperative	4	אתן	הַכְתֵּבְנָה עכשיו, בבקשה.
3104	7	404	examples/hiktiv/infinitive-01.mp3	hiktiv	Hifil	infinitive	1		חשוב לי לְהַכְתִּיב את המכתב הזה בעצמי.
3105	7	405	examples/hakria/past-01.mp3	hakria	Hifil	past	1	אני	הִקְרֵאתִי אֶת כָּל הַמִּשְׁפָּחָה לְסֵעוּדָה בְּשַׁבָּת.
3106	7	406	examples/hakria/past-02.mp3	hakria	Hifil	past	2	אתה	הִקְרֵאתָ אוֹתִי לְחַגִיגָה בַּבַּיִת שֶׁלְּךָ?
3107	7	407	examples/hakria/past-03.mp3	hakria	Hifil	past	3	את	הִקְרֵאתְ אוֹתוֹ לְבַּיִת שֶׁלָּךְ לְאָרוּחָה.
3108	7	408	examples/hakria/past-04.mp3	hakria	Hifil	past	4	הוא	הִקְרִיא את כולם לחגיגה הגדולה בביתו.
3109	7	409	examples/hakria/past-05.mp3	hakria	Hifil	past	5	היא	הִקְרִיאָה אֶת כָּל הַמִּשְׁפָּחָה לְאָרוּחַת הָעֶרֶב.
3110	7	410	examples/hakria/past-06.mp3	hakria	Hifil	past	6	אנחנו	בַּסוֹף הִקְרֵאנוּ אוֹתוֹ לְבּוֹא לַחֲגִיגָה.
3111	7	411	examples/hakria/past-07.mp3	hakria	Hifil	past	7	אתם	הִקְרֵאתֶם אותי לחגוג איתכם את יום ההולדת?
3112	7	412	examples/hakria/past-08.mp3	hakria	Hifil	past	8	אתן	הִקְרֵאתֶן אֶת כָּל הַמִּשְׁפָּחָה לַחֲתוּנָה.
3113	7	413	examples/hakria/past-09.mp3	hakria	Hifil	past	9	הם	הִקְרִיאוּ לנו לבוא לחגיגה ביום שישי.
3114	7	414	examples/hakria/past-10.mp3	hakria	Hifil	past	10	הן	הִקְרִיאוּ אוֹתִי לְשִׂמְחָה גְדוֹלָה בְּבֵית הַכְּנֶסֶת.
3115	7	415	examples/hakria/present-01.mp3	hakria	Hifil	present	1	אני	אני מַקְרִיא את כולם לחגוג איתי את יום הולדתי.
3116	7	416	examples/hakria/present-02.mp3	hakria	Hifil	present	2	אני	אני מַקְרִיאָה את כולם לחגיגה בביתי.
3117	7	417	examples/hakria/present-03.mp3	hakria	Hifil	present	3	אתה	אתה מקריא אותה לבית הספר?
3118	7	418	examples/hakria/present-04.mp3	hakria	Hifil	present	4	את	כמובן, את מקריאה אותו לארוחת ערב?
3119	7	419	examples/hakria/present-05.mp3	hakria	Hifil	present	5	הוא	הוא מַקְרִיא אותנו לחגיגה בביתו.
3120	7	420	examples/hakria/present-06.mp3	hakria	Hifil	present	6	היא	היא מַקְרִיאָה את כל החברים למסיבה.
3121	7	421	examples/hakria/present-07.mp3	hakria	Hifil	present	7	אנחנו	אנחנו מקריאים את כולם לחגיגה בחצר הבית.
3122	7	422	examples/hakria/present-08.mp3	hakria	Hifil	present	8	אנחנו	אנחנו מקריאות את כולם לחגיגה שלנו.
3123	7	423	examples/hakria/present-09.mp3	hakria	Hifil	present	9	אתם	אתם מקריאים את כל החברים למסיבה הגדולה שלנו.
3124	7	424	examples/hakria/present-10.mp3	hakria	Hifil	present	10	אתן	אתן מַקְרִיאוֹת את כל החברות לחגיגה הגדולה.
3125	7	425	examples/hakria/present-11.mp3	hakria	Hifil	present	11	הם	הם מקריאים את כל החברים למסיבה בשבת.
3126	7	426	examples/hakria/present-12.mp3	hakria	Hifil	present	12	הן	הן מקריאות את כל החברים לחגיגה.
3127	7	427	examples/hakria/future-01.mp3	hakria	Hifil	future	1	אני	אַקְרִיא אותך לחתונה שלי.
3128	7	428	examples/hakria/future-02.mp3	hakria	Hifil	future	2	אתה	אתה תקריא את כולם לחגיגה בשבת.
3129	7	429	examples/hakria/future-03.mp3	hakria	Hifil	future	3	את	בבקשה, תקריאי את החברים שלך למסיבה.
3130	7	430	examples/hakria/future-04.mp3	hakria	Hifil	future	4	הוא	הַמֶּלֶךְ יַקְרִיא אֶת כָּל הָעָם לְחַג הַמֶּלֶךְ.
3131	7	431	examples/hakria/future-05.mp3	hakria	Hifil	future	5	היא	היא תַּקְרִיא אותנו למסיבה שלה.
3132	7	432	examples/hakria/future-06.mp3	hakria	Hifil	future	6	אנחנו	בּוֹאוּ נַקְרִיא אֶת כָּל הַמִּשְׁפָּחָה לְחַגִּיגַת יוֹם הַהוּלֶּדֶת.
3133	7	433	examples/hakria/future-07.mp3	hakria	Hifil	future	7	אתם	תַּקְרִיאוּ אֶת כָּל הַמִּשְׁפָּחָה לְחַגִיגַת הַיּוֹבֵל.
3134	7	434	examples/hakria/future-08.mp3	hakria	Hifil	future	8	אתן	הן תַּקְרֶאנָה לנו לבוא לביתן.
3135	7	435	examples/hakria/future-09.mp3	hakria	Hifil	future	9	הם	הם יַקְרִיאוּ את כולם למסיבה הגדולה בשבת.
3136	7	436	examples/hakria/future-10.mp3	hakria	Hifil	future	10	הן	בִּמְחַר תַּקְרֶאנָה הַנָּשִׁים אֶת כָּל הַמִּשְׁפָּחָה לְאֲרוּחַת עֶרֶב.
3137	7	437	examples/hakria/imperative-01.mp3	hakria	Hifil	imperative	1	אתה	הַקְרֵא את חבריך לשמוח איתנו.
3138	7	438	examples/hakria/imperative-02.mp3	hakria	Hifil	imperative	2	את	הַקְרִיאִי את החברים שלך למסיבה הלילה.
3139	7	439	examples/hakria/imperative-03.mp3	hakria	Hifil	imperative	3	אתם	הַקְרִיאוּ את כולם למסיבה בשבת.
3140	7	440	examples/hakria/imperative-04.mp3	hakria	Hifil	imperative	4	אתן	הַקְרֶאנָה עכשיו, בבקשה.
3141	7	441	examples/hakria/infinitive-01.mp3	hakria	Hifil	infinitive	1		אני רוצה לְהַקְרִיא את חבריי לחגיגה בביתי.
3142	7	442	examples/davar/past-01.mp3	davar	Piel	past	1	אני	דִּבַּרְתִּי עִם הַיֶּלֶד עַל הַבַּעֲיָה בְּבֵית הַסֵּפֶר.
3143	7	443	examples/davar/past-02.mp3	davar	Piel	past	2	אתה	אַתָּה דִּבַּרְתָּ אִתָּהּ אֶתְמוֹל?
3144	7	444	examples/davar/past-03.mp3	davar	Piel	past	3	את	אתמול דִּבַּרְתְּ עם המנהל על הפרויקט החדש.
3145	7	445	examples/davar/past-04.mp3	davar	Piel	past	4	הוא	הַמּוֹרֶה דִּבֵּר עִם הַתַּלְמִידִים עַל הַשִּׁיעוּר.
3146	7	446	examples/davar/past-05.mp3	davar	Piel	past	5	היא	הִיא דִּבְּרָה אִתִּי בְּשִׂיחָה אֲרֻכָּה.
3147	7	447	examples/davar/past-06.mp3	davar	Piel	past	6	אנחנו	"אַתָּה לֹא תַאֲמִין, אֲבָל דִּבַּרְנוּ עִם הַמַּנְכַּ""ל עַצְמוֹ."
3148	7	448	examples/davar/past-07.mp3	davar	Piel	past	7	אתם	אתם דִּבַּרְתֶּם עם המורה על הפרויקט שלכם?
3149	7	449	examples/davar/past-08.mp3	davar	Piel	past	8	אתן	אתן דִּבַּרְתֶּן עם המנהל על הבעיה?
3150	7	450	examples/davar/past-09.mp3	davar	Piel	past	9	הם	הם דִּבְּרוּ עם המורה אתמול.
3151	8	1	examples/davar/past-10.mp3	davar	Piel	past	10	הן	הן דִּבְּרוּ על הנושא הזה בפגישה האחרונה.
3152	8	2	examples/davar/present-01.mp3	davar	Piel	present	1	אני	אני מדבר עם חבר שלי בטלפון.
3153	8	3	examples/davar/present-02.mp3	davar	Piel	present	2	אני	אני מדברת עם חברה שלי בטלפון.
3154	8	4	examples/davar/present-03.mp3	davar	Piel	present	3	אתה	אתה מדבר כל כך מהר, אני לא מצליח לעקוב אחריך.
3155	8	5	examples/davar/present-04.mp3	davar	Piel	present	4	את	היא מדברת בטלפון עם חברה שלה.
3156	8	6	examples/davar/present-05.mp3	davar	Piel	present	5	הוא	הוא מְדַבֵּר עם חבריו בטלפון.
3157	8	7	examples/davar/present-06.mp3	davar	Piel	present	6	היא	היא מדברת עם חברתה בטלפון.
3158	8	8	examples/davar/present-07.mp3	davar	Piel	present	7	אנחנו	אנחנו מְדַבְּרִים על השינויים האחרונים בחוק.
3159	8	9	examples/davar/present-08.mp3	davar	Piel	present	8	אנחנו	אנחנו מדברות על התוכניות שלנו לסוף השבוע.
3160	8	10	examples/davar/present-09.mp3	davar	Piel	present	9	אתם	כשאתם מדברים בפגישה, בבקשה דברו בשקט.
3161	8	11	examples/davar/present-10.mp3	davar	Piel	present	10	אתן	הילדות מדברות בקול רם בחצר.
3162	8	12	examples/davar/present-11.mp3	davar	Piel	present	11	הם	כשהם מדברים, אני מקשיב בתשומת לב.
3163	8	13	examples/davar/present-12.mp3	davar	Piel	present	12	הן	הַנָּשִׁים מְדַבְּרוֹת בְּקוֹל רָם בַּסָּלוֹן.
3164	8	14	examples/davar/future-01.mp3	davar	Piel	future	1	אני	בבקשה, אֲדַבֵּר עם המנהל ברגע שהוא יגיע למשרד.
3165	8	15	examples/davar/future-02.mp3	davar	Piel	future	2	אתה	אם תְּדַבֵּר איתי בנימוס, אז אקשיב לך.
3166	8	16	examples/davar/future-03.mp3	davar	Piel	future	3	את	כשתבואי לביקור, תדברי עם אמא שלי על התוכניות לעתיד.
3167	8	17	examples/davar/future-04.mp3	davar	Piel	future	4	הוא	הוא יְדַבֵּר עם המורה מחר.
3168	8	18	examples/davar/future-05.mp3	davar	Piel	future	5	היא	כאשר היא תדבר, כולם יקשיבו.
3169	8	19	examples/davar/future-06.mp3	davar	Piel	future	6	אנחנו	נְדַבֵּר אחרי הפגישה.
3170	8	20	examples/davar/future-07.mp3	davar	Piel	future	7	אתם	תְּדַבְּרוּ אִתּוֹ בְּנִימוּס, בְּבַקָשָׁה.
3171	8	21	examples/davar/future-08.mp3	davar	Piel	future	8	אתן	כשתבואו למשרד, תדברו עם המזכירה בבקשה.
3172	8	22	examples/davar/future-09.mp3	davar	Piel	future	9	הם	הם יְדַבְּרוּ עם המורה אחרי השיעור.
3173	8	23	examples/davar/future-10.mp3	davar	Piel	future	10	הן	הילדים יְדַבְּרוּ בשקט כדי לא להפריע.
3174	8	24	examples/davar/imperative-01.mp3	davar	Piel	imperative	1	אתה	דַּבֵּר איתי בבקשה.
3175	8	25	examples/davar/imperative-02.mp3	davar	Piel	imperative	2	את	דַּבְּרִי אִתִּי עַל הַבְּעָיָה.
3176	8	26	examples/davar/imperative-03.mp3	davar	Piel	imperative	3	אתם	דַּבְּרוּ בבקשה בקול רם יותר.
3177	8	27	examples/davar/infinitive-01.mp3	davar	Piel	infinitive	1		הוא רוצה לדבר איתך על הפרויקט.
3178	8	28	examples/naasah/past-01.mp3	naasah	Nifal	past	1	אני	נַעֲשֵׂיתִי מָלֵא בִּרְגָשׁוֹת אַחֲרֵי הַמּוֹפָע.
3179	8	29	examples/naasah/past-02.mp3	naasah	Nifal	past	2	אתה	כשהגעת לבית הספר, נַעֲשֵׂיתָ מורה מצוין.
3180	8	30	examples/naasah/past-03.mp3	naasah	Nifal	past	3	את	היא נַעֲשֵׂיתְ כבר את כל המטלות שלה לפני שיצאה לעבודה.
3181	8	31	examples/naasah/past-04.mp3	naasah	Nifal	past	4	הוא	הַמְּלָאכָה נַעֲשָׂה בְּזְמַן קָצָר.
3182	8	32	examples/naasah/past-05.mp3	naasah	Nifal	past	5	היא	הַמְּלָאכָה נַעֲשְׂתָה בְּשִׁלְיָם.
3183	8	33	examples/naasah/past-06.mp3	naasah	Nifal	past	6	אנחנו	היום נעשינו מוכנים לבחינה.
3184	8	34	examples/naasah/past-07.mp3	naasah	Nifal	past	7	אתם	נַעֲשֵׂיתֶם מוכנים לחגיגה?
3185	8	35	examples/naasah/past-08.mp3	naasah	Nifal	past	8	אתן	כבר נַעֲשֵׂיתֶן את כל ההכנות לחתונה?
3186	8	36	examples/naasah/past-09.mp3	naasah	Nifal	past	9	הם	הדברים נַעֲשׂוּ במהירות.
3187	8	37	examples/naasah/past-10.mp3	naasah	Nifal	past	10	הן	הַתּוֹכְנִיּוֹת נַעֲשׂוּ בִּזְמַן קָצָר.
3188	8	38	examples/naasah/present-01.mp3	naasah	Nifal	present	1	אני	אני נַעֲשֶׂה את כל המאמצים כדי להצליח.
3189	8	39	examples/naasah/present-02.mp3	naasah	Nifal	present	2	אני	אני נַעֲשֵׂית לְמַדְרִיךַ טִיּוּלִים בְּרֶגַע שֶׁהִתְחַלְתִּי לִלְמֹד אֶת הַשְּׁבִילִים.
3190	8	40	examples/naasah/present-03.mp3	naasah	Nifal	present	3	אתה	אתה נַעֲשֶׂה את כל זה בקלות.
3191	8	41	examples/naasah/present-04.mp3	naasah	Nifal	present	4	את	זה נַעֲשֵׂית כבר?
3192	8	42	examples/naasah/present-05.mp3	naasah	Nifal	present	5	הוא	כשזה נַעֲשֶׂה, אני אודיע לך.
3193	8	43	examples/naasah/present-06.mp3	naasah	Nifal	present	6	היא	היא נַעֲשֵׂית עם הזמן יותר מנוסה בתפקידה.
3194	8	44	examples/naasah/present-07.mp3	naasah	Nifal	present	7	אנחנו	כשאנחנו נעשים יותר מודעים, אנו מבינים טוב יותר את הסביבה.
3195	8	45	examples/naasah/present-08.mp3	naasah	Nifal	present	8	אנחנו	אנחנו נעשות יותר ויותר חברותיות בכל פעם שנפגשות.
3196	8	46	examples/naasah/present-09.mp3	naasah	Nifal	present	9	אתם	מה אתם נַעֲשִׂים בסוף השבוע?
3197	8	47	examples/naasah/present-10.mp3	naasah	Nifal	present	10	אתן	הפעולות נַעֲשׂוֹת בזמן האחרון על ידי הצוות.
3198	8	48	examples/naasah/present-11.mp3	naasah	Nifal	present	11	הם	הדברים נַעֲשִׂים בצורה יסודית.
3199	8	49	examples/naasah/present-12.mp3	naasah	Nifal	present	12	הן	הַמִּשִׂמּוֹת נַעֲשׂוֹת בְּזוֹ מֵאוֹת.
3200	8	50	examples/naasah/future-01.mp3	naasah	Nifal	future	1	אני	מתי אֵעָשֶׂה את הכביסה?
3201	8	51	examples/naasah/future-02.mp3	naasah	Nifal	future	2	אתה	בבקשה, תעשה את המטלות שלך היום.
3202	8	52	examples/naasah/future-03.mp3	naasah	Nifal	future	3	את	תֵּעָשִׂי הַמְשִׁימָה עַד מָחָר בַּבּוֹקֶר.
3203	8	53	examples/naasah/future-04.mp3	naasah	Nifal	future	4	הוא	יֵעָשֶׂה כמיטב יכולתי.
3204	8	54	examples/naasah/future-05.mp3	naasah	Nifal	future	5	היא	הבטחתי לה שהעבודה תֵּעָשֶׂה בזמן.
3205	8	55	examples/naasah/future-06.mp3	naasah	Nifal	future	6	אנחנו	זה יקרה כשנֵעָשֶׂה את הדברים בצורה נכונה.
3206	8	56	examples/naasah/future-07.mp3	naasah	Nifal	future	7	אתם	כאשר תֵּעָשׂוּ כל ההכנות, נוכל להתחיל במסיבה.
3207	8	57	examples/naasah/future-08.mp3	naasah	Nifal	future	8	אתן	הפעולות תֵּעָשֶׂינָה בזמן הקרוב.
3208	8	58	examples/naasah/future-09.mp3	naasah	Nifal	future	9	הם	היום יֵעָשׂוּ הרבה דברים חשובים.
3209	8	59	examples/naasah/future-10.mp3	naasah	Nifal	future	10	הן	הפעולות תֵּעָשֶׂינָה בקרוב.
3210	8	60	examples/naasah/infinitive-01.mp3	naasah	Nifal	infinitive	1		הכל צריך לְהֵעָשׂוֹת בזמן.
3211	8	61	examples/nechshav/past-01.mp3	nechshav	Nifal	past	1	אני	נֶחְשַׁבְתִּי לְחָכָם בְּכִתָּה.
3212	8	62	examples/nechshav/past-02.mp3	nechshav	Nifal	past	2	אתה	נֶחְשַׁבְתָּ לְאָדָם הַגּוֹן עַד שֶׁהִתְגַּלָה הָאֱמֶת.
3213	8	63	examples/nechshav/past-03.mp3	nechshav	Nifal	past	3	את	אַתְּ נֶחְשַׁבְתְּ לְמִתְנַדֶּבֶת הַכִּי טוֹבָה בַּקְּהִלָּה.
3214	8	64	examples/nechshav/past-04.mp3	nechshav	Nifal	past	4	הוא	הַמּוּזֵיקָה שֶׁלּוֹ נֶחְשַׁב לַאֲחַת הַטּוֹבוֹת בְּעוֹלָם.
3215	8	65	examples/nechshav/past-05.mp3	nechshav	Nifal	past	5	היא	הפעולה שלה נֶחְשְׁבָה כאמיצה מאוד.
3216	8	66	examples/nechshav/past-06.mp3	nechshav	Nifal	past	6	אנחנו	כשנחשבנו לחברים הכי טובים, עשינו הכל ביחד.
3217	8	67	examples/nechshav/past-07.mp3	nechshav	Nifal	past	7	אתם	נֶחְשַׁבְתֶּם לחברים טובים מאוד בקבוצה.
3218	8	68	examples/nechshav/past-08.mp3	nechshav	Nifal	past	8	אתן	בשנה שעברה, נֶחְשַׁבְתֶּן כמנהיגות הקבוצה.
3219	8	69	examples/nechshav/past-09.mp3	nechshav	Nifal	past	9	הם	הם נֶחְשְׁבוּ לחברים טובים מאוד בקהילה.
3220	8	70	examples/nechshav/past-10.mp3	nechshav	Nifal	past	10	הן	הָרָעִיּוֹת נֶחְשְׁבוּ כְּמַקּוֹר לְמַיִם נְקִיִּים.
3221	8	71	examples/nechshav/present-01.mp3	nechshav	Nifal	present	1	אני	אני נֶחְשָׁב לחבר טוב מאוד.
3222	8	72	examples/nechshav/present-02.mp3	nechshav	Nifal	present	2	אני	היא נֶחְשֶׁבֶת לאחת הכי חכמות בכיתה.
3223	8	73	examples/nechshav/present-03.mp3	nechshav	Nifal	present	3	אתה	אתה נֶחְשָׁב כמומחה בתחום הזה.
3224	8	74	examples/nechshav/present-04.mp3	nechshav	Nifal	present	4	את	הַמִּסְעָדָה הַזּוֹ נֶחְשֶׁבֶת לְאַחַת הַטוֹבוֹת בָּעִיר.
3225	8	75	examples/nechshav/present-05.mp3	nechshav	Nifal	present	5	הוא	הוא נֶחְשָׁב כאחד האנשים החכמים ביותר בחברה.
3226	8	76	examples/nechshav/present-06.mp3	nechshav	Nifal	present	6	היא	הַמּוּזֵיקָה הַזּוֹ נֶחְשֶׁבֶת לְאִינְדִי.
3227	8	77	examples/nechshav/present-07.mp3	nechshav	Nifal	present	7	אנחנו	אנו נחשבים לחברה מובילה בתחום הטכנולוגיה.
3228	8	78	examples/nechshav/present-08.mp3	nechshav	Nifal	present	8	אנחנו	אנחנו נֶחְשָׁבוֹת כחלוצות בתחום המחקר שלנו.
3229	8	79	examples/nechshav/present-09.mp3	nechshav	Nifal	present	9	אתם	אתם נֶחְשָׁבִים כחלוצים בתחום המדע.
3230	8	80	examples/nechshav/present-10.mp3	nechshav	Nifal	present	10	אתן	אתן נחשבות לחברות הכי טובות שלי.
3231	8	81	examples/nechshav/present-11.mp3	nechshav	Nifal	present	11	הם	הם נֶחְשָׁבִים כמומחים בתחומם.
3232	8	82	examples/nechshav/present-12.mp3	nechshav	Nifal	present	12	הן	הבעיות האלו נֶחְשָׁבוֹת קשות מאוד.
3233	8	83	examples/nechshav/future-01.mp3	nechshav	Nifal	future	1	אני	אֵחָשֵׁב כאדם שמכיר את הדרך הכי טובה.
3234	8	84	examples/nechshav/future-02.mp3	nechshav	Nifal	future	2	אתה	אתה תֵּחָשֵׁב כאחד האנשים הכי חכמים בחדר.
3235	8	85	examples/nechshav/future-03.mp3	nechshav	Nifal	future	3	את	אם תֵּחָשְׁבִי על זה, תביני שהוא צודק.
3236	8	86	examples/nechshav/future-04.mp3	nechshav	Nifal	future	4	הוא	זה יֵחָשֵׁב כאחד ההישגים הגדולים שלו.
3237	8	87	examples/nechshav/future-05.mp3	nechshav	Nifal	future	5	היא	היא תֵּחָשֵׁב כאחת הגדולות בדורה.
3238	8	88	examples/nechshav/future-06.mp3	nechshav	Nifal	future	6	אנחנו	אנחנו נֵחָשֵׁב בעיני כולם כמומחים בתחום הזה.
3239	8	89	examples/nechshav/future-07.mp3	nechshav	Nifal	future	7	אתם	כשתֵּחָשְׁבוּ על התוכנית, תבינו שהיא מבריקה.
3240	8	90	examples/nechshav/future-08.mp3	nechshav	Nifal	future	8	אתן	תֵּחָשַׁבְנָה ההצעות שלכן ברצינות על ידי הוועדה.
3241	8	91	examples/nechshav/future-09.mp3	nechshav	Nifal	future	9	הם	הם יֵחָשְׁבוּ כאנשים אמיצים אם יצליחו במשימה הזו.
3242	8	92	examples/nechshav/future-10.mp3	nechshav	Nifal	future	10	הן	בשבוע הבא תֵּחָשַׁבְנָה הציונים של הבחינות.
3243	8	93	examples/nechshav/infinitive-01.mp3	nechshav	Nifal	infinitive	1		חשוב לנו לְהֵחָשֵׁב כמי שתורמים לקהילה.
3244	8	94	examples/hashir/past-01.mp3	hashir	Hifil	past	1	אני	הִשַּׁרְתִּי את הציפורים בבוקר.
3245	8	95	examples/hashir/past-02.mp3	hashir	Hifil	past	2	אתה	אַתָּה הִשַּׁרְתָּ אֶת הַצִּפּוֹרִים בַּבּוֹקֶר.
3246	8	96	examples/hashir/past-03.mp3	hashir	Hifil	past	3	את	אַתְּ הִשַּׁרְתְּ אֶת הַצִּפּוֹרִים בַּבּוֹקֶר.
3247	8	97	examples/hashir/past-04.mp3	hashir	Hifil	past	4	הוא	הִשִּׁיר את הציפורים בבוקר.
3248	8	98	examples/hashir/past-05.mp3	hashir	Hifil	past	5	היא	הִשִּׁירָה את הילדים בזמן ההפסקה.
3249	8	99	examples/hashir/past-06.mp3	hashir	Hifil	past	6	אנחנו	הִשַּׁרְנוּ את הילדים בבית הספר לשיר את המנון הכיתה.
3250	8	100	examples/hashir/past-07.mp3	hashir	Hifil	past	7	אתם	בַּמּוֹפָע אַתֶּם הִשַּׁרְתֶּם אֶת הַקְּהֵל כֻּלּוֹ.
3251	8	101	examples/hashir/past-08.mp3	hashir	Hifil	past	8	אתן	הִשַּׁרְתֶּן את הילדים במהלך החגיגה.
3252	8	102	examples/hashir/past-09.mp3	hashir	Hifil	past	9	הם	הִשִּׁירוּ את הילדים לשיר בקולי קולות.
3253	8	103	examples/hashir/past-10.mp3	hashir	Hifil	past	10	הן	הִשִּׁירוּ הַצִּפּוֹרִים בַּבּוֹקֶר הַזֶּה.
3254	8	104	examples/hashir/present-01.mp3	hashir	Hifil	present	1	אני	אֲנִי מַשִּׁיר אֶת הַצִּפּוֹרִים בַּבּוֹקֶר.
3255	8	105	examples/hashir/present-02.mp3	hashir	Hifil	present	2	אני	אני מַשִּׁירָה את הציפורים בבוקר.
3256	8	106	examples/hashir/present-03.mp3	hashir	Hifil	present	3	אתה	אתה מַשִּׁיר את הציפורים בכל בוקר.
3257	8	107	examples/hashir/present-04.mp3	hashir	Hifil	present	4	את	הַמּוּזִיקָה הַזוֹ מַשִּׁירָה אֶת הַצִּפּוֹרִים בַּבּוֹקֶר.
3258	8	108	examples/hashir/present-05.mp3	hashir	Hifil	present	5	הוא	הוא מַשִּׁיר את המקהלה בטקס.
3259	8	109	examples/hashir/present-06.mp3	hashir	Hifil	present	6	היא	הַיְלָדָה מַשִּׁירָה אֶת הַצִּפּוֹרִים בַּחֲצָר.
3260	8	110	examples/hashir/present-07.mp3	hashir	Hifil	present	7	אנחנו	אנחנו מַשִּׁירִים את הציפורים בכל בוקר.
3261	8	111	examples/hashir/present-08.mp3	hashir	Hifil	present	8	אנחנו	אנחנו מַשִּׁירוֹת את הילדים בגן בכל בוקר.
3262	8	112	examples/hashir/present-09.mp3	hashir	Hifil	present	9	אתם	אתם מַשִּׁירִים את הילדים לישון כל ערב.
3263	8	113	examples/hashir/present-10.mp3	hashir	Hifil	present	10	אתן	הַמּוּזִיקָה הַזּוֹ מַשִּׁירוֹת אֶת הַצִּפּוֹרִים בַּבּוֹקֶר.
3264	8	114	examples/hashir/present-11.mp3	hashir	Hifil	present	11	הם	הם מַשִּׁירִים את הציפורים בכל בוקר.
3265	8	115	examples/hashir/present-12.mp3	hashir	Hifil	present	12	הן	הַפָּרָשִׁים בַּמִּכְלָלָה מַשִּׁירוֹת אֶת הַתַּלְמִידִים לָשִׁיר.
3266	8	116	examples/hashir/future-01.mp3	hashir	Hifil	future	1	אני	אַשִּׁיר לְכָל הַצִּפּוֹרִים בַּבֹּקֶר.
3267	8	117	examples/hashir/future-02.mp3	hashir	Hifil	future	2	אתה	אתה תשיר את הילדים לפני השינה.
3268	8	118	examples/hashir/future-03.mp3	hashir	Hifil	future	3	את	תַּשִּׁירִי את הציפורים בבוקר.
3269	8	119	examples/hashir/future-04.mp3	hashir	Hifil	future	4	הוא	הוא ישיר את הציפורים בבוקר.
3270	8	120	examples/hashir/future-05.mp3	hashir	Hifil	future	5	היא	הדודה תשיר את הילדים בחגיגה.
3271	8	121	examples/hashir/future-06.mp3	hashir	Hifil	future	6	אנחנו	נַשִּׁיר לילדים שירים לפני השינה.
3272	8	122	examples/hashir/future-07.mp3	hashir	Hifil	future	7	אתם	בבוקר תשירו את הציפורים בגן.
3273	8	123	examples/hashir/future-08.mp3	hashir	Hifil	future	8	אתן	הַתַּשֵּׁרְנָה אֶת הַצִּפּוֹרִים לָשִׁיר בְּבֹקֶר.
3274	8	124	examples/hashir/future-09.mp3	hashir	Hifil	future	9	הם	בְּבִטְחוֹן, יַשִּׁירוּ הַתַּלְמִידִים בְּשִׁירַת הַלֵּב.
3275	8	125	examples/hashir/future-10.mp3	hashir	Hifil	future	10	הן	הבנות תַּשֵּׁרְנָה את הציפורים בגן.
3276	8	126	examples/hashir/imperative-01.mp3	hashir	Hifil	imperative	1	אתה	בבקשה, הַשֵּׁר את הילדים לשיר את השיר החדש.
3277	8	127	examples/hashir/imperative-02.mp3	hashir	Hifil	imperative	2	את	הַשִּׁירִי את הציפורים בבוקר.
3278	8	128	examples/hashir/imperative-03.mp3	hashir	Hifil	imperative	3	אתם	הַשִּׁירוּ את הילדים לשיר בקול רם.
3279	8	129	examples/hashir/imperative-04.mp3	hashir	Hifil	imperative	4	אתן	הַשֵּׁרְנָה עכשיו, בבקשה.
3280	8	130	examples/hashir/infinitive-01.mp3	hashir	Hifil	infinitive	1		אני אוהב לְהַשִּׁיר את הציפורים בבוקר.
3281	8	131	examples/haritz/past-01.mp3	haritz	Hifil	past	1	אני	הֲרַצְתִּי את המכונה כדי לבדוק אם היא עובדת כמו שצריך.
3282	8	132	examples/haritz/past-02.mp3	haritz	Hifil	past	2	אתה	הֲרַצָּתָּ את המכונה כדי לבדוק אם היא עובדת?
3283	8	133	examples/haritz/past-03.mp3	haritz	Hifil	past	3	את	הֲרַצְתְּ את המכונה כדי לבדוק אם היא עובדת?
3284	8	134	examples/haritz/past-04.mp3	haritz	Hifil	past	4	הוא	הֵרִיץ את המכונה במהירות גבוהה.
3285	8	135	examples/haritz/past-05.mp3	haritz	Hifil	past	5	היא	הֵרִיצָה אֶת הַמַּחְשֵׁב כְּדֵי לִבְדֹּק אֶת הַתּוּכְנָה.
3286	8	136	examples/haritz/past-06.mp3	haritz	Hifil	past	6	אנחנו	הֲרַצְנוּ את המכונה כדי לבדוק את מהירותה.
3287	8	137	examples/haritz/past-07.mp3	haritz	Hifil	past	7	אתם	הֲרַצְתֶּם את המחשב כדי לבדוק את הבעיה?
3288	8	138	examples/haritz/past-08.mp3	haritz	Hifil	past	8	אתן	הֲרַצְתֶּן את התוכנה כדי לבדוק אם היא עובדת?
3289	8	139	examples/haritz/past-09.mp3	haritz	Hifil	past	9	הם	הֵרִיצוּ את המכונה כדי לבדוק אם היא עובדת כמו שצריך.
3290	8	140	examples/haritz/past-10.mp3	haritz	Hifil	past	10	הן	הֵרִיצוּ את המכונה כדי לבדוק אם היא עובדת.
3291	8	141	examples/haritz/present-01.mp3	haritz	Hifil	present	1	אני	אני מֵרִיץ את המחשב כדי לבדוק את התוכנה החדשה.
3292	8	142	examples/haritz/present-02.mp3	haritz	Hifil	present	2	אני	אני מֵרִיצָה את המכונה כדי לייצר את המוצרים.
3293	8	143	examples/haritz/present-03.mp3	haritz	Hifil	present	3	אתה	אתה מֵרִיץ את הילדים בחצר בכל בוקר.
3294	8	144	examples/haritz/present-04.mp3	haritz	Hifil	present	4	את	אתה מֵרִיצָה את המכונה בכל בוקר.
3295	8	145	examples/haritz/present-05.mp3	haritz	Hifil	present	5	הוא	הילד מֵרִיץ את הכלב בפארק.
3296	8	146	examples/haritz/present-06.mp3	haritz	Hifil	present	6	היא	היא מֵרִיצָה את המכונית במהירות גבוהה.
3297	8	147	examples/haritz/present-07.mp3	haritz	Hifil	present	7	אנחנו	אנחנו מֵרִיצִים את התוכנה בכל יום כדי לבדוק אם יש תקלות.
3298	8	148	examples/haritz/present-08.mp3	haritz	Hifil	present	8	אנחנו	אנחנו מֵרִיצוֹת את התוכנה כדי לבדוק את הביצועים שלה.
3299	8	149	examples/haritz/present-09.mp3	haritz	Hifil	present	9	אתם	אתם מריצים את המכונה במהירות מוגברת.
3300	8	150	examples/haritz/present-10.mp3	haritz	Hifil	present	10	אתן	אנחנו מֵרִיצוֹת את המכונות בבוקר כדי להתחיל את הייצור.
3301	8	151	examples/haritz/present-11.mp3	haritz	Hifil	present	11	הם	הם מֵרִיצִים את המכונות בבית החרושת כל יום.
3302	8	152	examples/haritz/present-12.mp3	haritz	Hifil	present	12	הן	הן מֵרִיצוֹת את המחשבים במהירות גבוהה.
3303	8	153	examples/haritz/future-01.mp3	haritz	Hifil	future	1	אני	אָרִיץ את המכונה כדי לבדוק אם היא עובדת כמו שצריך.
3304	8	154	examples/haritz/future-02.mp3	haritz	Hifil	future	2	אתה	אתה תָּרִיץ את המכונית מחר בבוקר.
3305	8	155	examples/haritz/future-03.mp3	haritz	Hifil	future	3	את	תָּרִיצִי את הילדים לבית הספר בבוקר?
3306	8	156	examples/haritz/future-04.mp3	haritz	Hifil	future	4	הוא	הַמַּרְאָה יָרִיץ אֶת הַמֶּרְכָּבָה בִּמְהִירוּת.
3307	8	157	examples/haritz/future-05.mp3	haritz	Hifil	future	5	היא	היא תָּרִיץ את המכונית במהירות בכביש המהיר.
3308	8	158	examples/haritz/future-06.mp3	haritz	Hifil	future	6	אנחנו	נָרִיץ אֶת הַמַּכְשִׁירִים בְּבֹקֶר כְּדֵי לְבַדּוֹק אִם הַכֹּל עוֹבֵד.
3309	8	159	examples/haritz/future-07.mp3	haritz	Hifil	future	7	אתם	אם תָּרִיצוּ את המכונה מהר מדי, היא עלולה להתקלקל.
3310	8	160	examples/haritz/future-08.mp3	haritz	Hifil	future	8	אתן	אולי בשבוע הבא תָּרֵצְנָה את התוכנה בבתי הספר.
3311	8	161	examples/haritz/future-09.mp3	haritz	Hifil	future	9	הם	בַּבֹּקֶר הֵם יָרִיצוּ אֶת הַכֶּלֶב בַּפָּארק.
3312	8	162	examples/haritz/future-10.mp3	haritz	Hifil	future	10	הן	הֵן תָּרֵצְנָה אֶת הַמִּרוֹץ בַּבֹּקֶר.
3313	8	163	examples/haritz/imperative-01.mp3	haritz	Hifil	imperative	1	אתה	הָרֵץ אֶת הַכְּלָבִים בַּפָּרק.
3314	8	164	examples/haritz/imperative-02.mp3	haritz	Hifil	imperative	2	את	הֲרִיצִי את המכונית במהירות!
3315	8	165	examples/haritz/imperative-03.mp3	haritz	Hifil	imperative	3	אתם	הֲרִיצוּ את המכונה כדי לבדוק אם היא עובדת.
3316	8	166	examples/haritz/imperative-04.mp3	haritz	Hifil	imperative	4	אתן	הֲרֵצְנָה עכשיו, בבקשה.
3317	8	167	examples/haritz/infinitive-01.mp3	haritz	Hifil	infinitive	1		אני רוצה לְהָרִיץ את התוכנה כדי לבדוק אם היא עובדת כמו שצריך.
3318	8	168	examples/hitahev/past-01.mp3	hitahev	Hitpael	past	1	אני	הִתְאַהַבְתִּי בוֹ ברגע שראיתי אותו.
3319	8	169	examples/hitahev/past-02.mp3	hitahev	Hitpael	past	2	אתה	הִתְאַהַבְתָּ בַּחֲבֵרָה שֶׁל אָחִיךָ.
3320	8	170	examples/hitahev/past-03.mp3	hitahev	Hitpael	past	3	את	הִתְאַהַבְתְּ בוֹ בָּרִאשׁוֹנָה שֶׁפְּגַשְׁתְּ אוֹתוֹ.
3321	8	171	examples/hitahev/past-04.mp3	hitahev	Hitpael	past	4	הוא	הוא הִתְאַהֵב בה ברגע שראה אותה.
3322	8	172	examples/hitahev/past-05.mp3	hitahev	Hitpael	past	5	היא	היא הִתְאַהֲבָה בו מיד כשראתה אותו.
3323	8	173	examples/hitahev/past-06.mp3	hitahev	Hitpael	past	6	אנחנו	בַּחוֹפֵשׁ הִתְאַהַבְנוּ לְגַמְרֵי בַּטִבְעוֹת.
3324	8	174	examples/hitahev/past-07.mp3	hitahev	Hitpael	past	7	אתם	כשהייתם בבית הספר התיכון, הִתְאַהַבְתֶּם בבת כיתה שלכם.
3325	8	175	examples/hitahev/past-08.mp3	hitahev	Hitpael	past	8	אתן	הִתְאַהַבְתֶּן בּוֹ מִיָד כְּשֶׁרָאִיתֶן אוֹתוֹ.
3326	8	176	examples/hitahev/past-09.mp3	hitahev	Hitpael	past	9	הם	הִתְאַהֲבוּ ברגע שהם ראו את הנוף המדהים.
3327	8	177	examples/hitahev/past-10.mp3	hitahev	Hitpael	past	10	הן	הִתְאַהֲבוּ כָּל הַנָּשִׁים בּוֹ.
3328	8	178	examples/hitahev/present-01.mp3	hitahev	Hitpael	present	1	אני	אני מתאהב בך כל יום מחדש.
3329	8	179	examples/hitahev/present-02.mp3	hitahev	Hitpael	present	2	אני	אני מִתְאַהֶבֶת בו מדי יום מחדש.
3330	8	180	examples/hitahev/present-03.mp3	hitahev	Hitpael	present	3	אתה	אתה מִתְאַהֵב בה כל פעם מחדש.
3331	8	181	examples/hitahev/present-04.mp3	hitahev	Hitpael	present	4	את	היא מִתְאַהֶבֶת בו כל פעם מחדש.
3332	8	182	examples/hitahev/present-05.mp3	hitahev	Hitpael	present	5	הוא	הוא מִתְאַהֵב בה מדי יום מחדש.
3333	8	183	examples/hitahev/present-06.mp3	hitahev	Hitpael	present	6	היא	היא מִתְאַהֶבֶת בו כל פעם מחדש.
3334	8	184	examples/hitahev/present-07.mp3	hitahev	Hitpael	present	7	אנחנו	אנחנו מתאהבים בכל פעם מחדש כשאנחנו מבקרים במקום הזה.
3335	8	185	examples/hitahev/present-08.mp3	hitahev	Hitpael	present	8	אנחנו	אנחנו מתאהבות בכל פעם מחדש בטיולים בטבע.
3336	8	186	examples/hitahev/present-09.mp3	hitahev	Hitpael	present	9	אתם	אתם מתאהבים בכל פעם שאתם רואים את השקיעה היפה הזו.
3337	8	187	examples/hitahev/present-10.mp3	hitahev	Hitpael	present	10	אתן	הנשים הצעירות מִתְאַהֲבוֹת בקלות בסרטים רומנטיים.
3338	8	188	examples/hitahev/present-11.mp3	hitahev	Hitpael	present	11	הם	אנשים רבים מתאהבים במהלך חייהם.
3339	8	189	examples/hitahev/present-12.mp3	hitahev	Hitpael	present	12	הן	הנשים מתאהבות בקסם של הטבע.
3340	8	190	examples/hitahev/future-01.mp3	hitahev	Hitpael	future	1	אני	אֶתְאַהֵב בְּךָ לְעוֹלָם וָעֶד.
3341	8	191	examples/hitahev/future-02.mp3	hitahev	Hitpael	future	2	אתה	אתה תתאהב במישהי שתשנה את חייך לחלוטין.
3342	8	192	examples/hitahev/future-03.mp3	hitahev	Hitpael	future	3	את	תִּתְאַהֲבִי בוֹ ברגע שתפגשי אותו.
3343	8	193	examples/hitahev/future-04.mp3	hitahev	Hitpael	future	4	הוא	אני בטוח שיִתְאַהֵב בה ברגע שיפגוש אותה.
3344	8	194	examples/hitahev/future-05.mp3	hitahev	Hitpael	future	5	היא	תִּתְאַהֵב בוֹ ברגע שתכיר אותו.
3345	8	195	examples/hitahev/future-06.mp3	hitahev	Hitpael	future	6	אנחנו	אנחנו נִתְאַהֵב ביום מושלם בחודש מאי.
3346	8	196	examples/hitahev/future-07.mp3	hitahev	Hitpael	future	7	אתם	בסופו של דבר, תִּתְאַהֲבוּ ותבינו שהייתם מיועדים זה לזה.
3347	8	197	examples/hitahev/future-08.mp3	hitahev	Hitpael	future	8	אתן	כשתִּתְאַהֵבְנָה בשמיים הכחולים, תדעו שמצאתן את האושר האמיתי.
3348	8	198	examples/hitahev/future-09.mp3	hitahev	Hitpael	future	9	הם	אֲנִי מַאֲמִין שֶׁבְּסוֹף הַסִּפּוּר, הַגִּיבּוֹרִים יִתְאַהֲבוּ.
3349	8	199	examples/hitahev/future-10.mp3	hitahev	Hitpael	future	10	הן	אולי בשנה הבאה תִּתְאַהֵבְנָה בבחורים אחרים.
3350	8	200	examples/hitahev/imperative-01.mp3	hitahev	Hitpael	imperative	1	אתה	הִתְאַהֵב בַּיּוֹפִי שֶׁבַּחַיִּים.
3351	8	201	examples/hitahev/imperative-02.mp3	hitahev	Hitpael	imperative	2	את	הִתְאַהֲבִי בּוֹ, הוּא הַבְּחִירָה הַנְּכוֹנָה בִּשְׁבִילֵךְ.
3352	8	202	examples/hitahev/imperative-03.mp3	hitahev	Hitpael	imperative	3	אתם	הִתְאַהֲבוּ בַּחַיִּים וּבְכָל מַה שֶׁבָּהֶם.
3353	8	203	examples/hitahev/imperative-04.mp3	hitahev	Hitpael	imperative	4	אתן	הִתְאַהֵבְנָה עכשיו, בבקשה.
3354	8	204	examples/hitahev/infinitive-01.mp3	hitahev	Hitpael	infinitive	1		אני מקווה לְהִתְאַהֵב ביום מן הימים.
3355	8	205	examples/hifagesh/past-01.mp3	hifagesh	Nifal	past	1	אני	נִפְגַּשְׁתִּי עם חבר ותיק בבית קפה אתמול.
3356	8	206	examples/hifagesh/past-02.mp3	hifagesh	Nifal	past	2	אתה	אתמול נִפְגַּשְׁתָּ עם חבריך בפארק.
3357	8	207	examples/hifagesh/past-03.mp3	hifagesh	Nifal	past	3	את	כשהגעתי לבית הקפה, נִפְגַּשְׁתְּ כבר עם חברותייך?
3358	8	208	examples/hifagesh/past-04.mp3	hifagesh	Nifal	past	4	הוא	אחרי שנִפְגַּשׁ בפארק, הלכנו לקפה.
3359	8	209	examples/hifagesh/past-05.mp3	hifagesh	Nifal	past	5	היא	אחרי שנים רבות, נִפְגְּשָׁה עם חברתה הטובה ביותר.
3360	8	210	examples/hifagesh/past-06.mp3	hifagesh	Nifal	past	6	אנחנו	נִפְגַּשְׁנוּ בבית קפה אתמול והיה ממש כיף.
3361	8	211	examples/hifagesh/past-07.mp3	hifagesh	Nifal	past	7	אתם	האם נִפְגַּשְׁתֶּם עם המנהל כדי לדון בפרויקט?
3362	8	212	examples/hifagesh/past-08.mp3	hifagesh	Nifal	past	8	אתן	בְּשָׁבוּעַ שֶׁעָבַר נִפְגַּשְׁתֶּן בַּבִּית קָפֶה לִשְׁתוֹת קַפֶּה וּלְדַבֵּר.
3363	8	213	examples/hifagesh/past-09.mp3	hifagesh	Nifal	past	9	הם	בסופו של דבר, כולם נִפְגְּשׁוּ בכיכר המרכזית.
3364	8	214	examples/hifagesh/past-10.mp3	hifagesh	Nifal	past	10	הן	אתמול נִפְגְּשׁוּ כל החברים בבית קפה במרכז העיר.
3365	8	215	examples/hifagesh/present-01.mp3	hifagesh	Nifal	present	1	אני	אנחנו נִפְגָּשׁ בקפה בערב.
3366	8	216	examples/hifagesh/present-02.mp3	hifagesh	Nifal	present	2	אני	אֲנִי נִפְגֶּשֶׁת עם חברותיי בבית קפה מחר בבוקר.
3367	8	217	examples/hifagesh/present-03.mp3	hifagesh	Nifal	present	3	אתה	אז נפגש בבית קפה בערב?
3368	8	218	examples/hifagesh/present-04.mp3	hifagesh	Nifal	present	4	את	הַיּוֹם נִפְגֶּשֶׁת עִם חֲבֵרוֹת מִן הַיְלָדִים.
3369	8	219	examples/hifagesh/present-05.mp3	hifagesh	Nifal	present	5	הוא	הוא נִפְגָּשׁ עם חבר בבית קפה.
3370	8	220	examples/hifagesh/present-06.mp3	hifagesh	Nifal	present	6	היא	היא נִפְגֶּשֶׁת עם חברותיה בכל שבוע.
3371	8	221	examples/hifagesh/present-07.mp3	hifagesh	Nifal	present	7	אנחנו	בדרך כלל נִפְגָּשִׁים בבית קפה פעם בשבוע.
3372	8	222	examples/hifagesh/present-08.mp3	hifagesh	Nifal	present	8	אנחנו	בכל פעם שנִפְגָּשׁוֹת, אנחנו מוצאות דברים חדשים לדבר עליהם.
3373	8	223	examples/hifagesh/present-09.mp3	hifagesh	Nifal	present	9	אתם	אנחנו נִפְגָּשִׁים בבית קפה מחר.
3374	8	224	examples/hifagesh/present-10.mp3	hifagesh	Nifal	present	10	אתן	בכל שבוע, הנשים נִפְגָּשׁוֹת בבית קפה לשוחח על חייהן.
3375	8	225	examples/hifagesh/present-11.mp3	hifagesh	Nifal	present	11	הם	אנחנו נִפְגָּשִׁים בבית קפה מחר בבוקר.
3376	8	226	examples/hifagesh/present-12.mp3	hifagesh	Nifal	present	12	הן	אז נִפְגָּשׁוֹת ביום שישי בבוקר?
3377	8	227	examples/hifagesh/future-01.mp3	hifagesh	Nifal	future	1	אני	מחר אִפָּגֵשׁ עם חברים בפארק.
3378	8	228	examples/hifagesh/future-02.mp3	hifagesh	Nifal	future	2	אתה	מתי תִּפָּגֵשׁ עם חבריך בבית קפה?
3379	8	229	examples/hifagesh/future-03.mp3	hifagesh	Nifal	future	3	את	אולי תִּפָּגְשִׁי את חברך בבית קפה מחר.
3380	8	230	examples/hifagesh/future-04.mp3	hifagesh	Nifal	future	4	הוא	מחר יִפָּגֵשׁ עם חבריו בחצר.
3381	8	231	examples/hifagesh/future-05.mp3	hifagesh	Nifal	future	5	היא	תִּפָּגֵשׁ עם חברותיה בבית קפה מחר.
3382	8	232	examples/hifagesh/future-06.mp3	hifagesh	Nifal	future	6	אנחנו	נִפָּגֵשׁ בפארק מחר בבוקר.
3383	8	233	examples/hifagesh/future-07.mp3	hifagesh	Nifal	future	7	אתם	תִּפָּגְשׁוּ בקפיטריה בשעה שתיים.
3384	8	234	examples/hifagesh/future-08.mp3	hifagesh	Nifal	future	8	אתן	בשבוע הבא תִּפָּגֵשְׁנָה כל חברותיי הטובות.
3385	8	235	examples/hifagesh/future-09.mp3	hifagesh	Nifal	future	9	הם	בשבוע הבא יִפָּגְשׁוּ כל המשפחה בבית הדודה.
3386	8	236	examples/hifagesh/future-10.mp3	hifagesh	Nifal	future	10	הן	בְּשָׁבוּעַ הַבָּא תִּפָּגֵשְׁנָה בַּמִּסְעָדָה הַחֲדָשָׁה בָּעִיר.
3387	8	237	examples/hifagesh/imperative-01.mp3	hifagesh	Nifal	imperative	1	אתה	הִפָּגֵשׁ איתי בפארק מחר בבוקר.
3388	8	238	examples/hifagesh/imperative-02.mp3	hifagesh	Nifal	imperative	2	את	הִפָּגְשִׁי אוֹתוֹ בַּפַּארק הַיּוֹם.
3389	8	239	examples/hifagesh/imperative-03.mp3	hifagesh	Nifal	imperative	3	אתם	בואו נלך למקום שבו הִפָּגְשׁוּ כולם בפעם האחרונה.
3390	8	240	examples/hifagesh/imperative-04.mp3	hifagesh	Nifal	imperative	4	אתן	הִפָּגֵשְׁנָה עכשיו, בבקשה.
3391	8	241	examples/hifagesh/infinitive-01.mp3	hifagesh	Nifal	infinitive	1		אנחנו מתכננים לְהִפָּגֵשׁ בפארק מחר.
3392	8	242	examples/hivacher/past-01.mp3	hivacher	Nifal	past	1	אני	בסוף נִבְחַרְתִּי להיות הנציג של הכיתה.
3393	8	243	examples/hivacher/past-02.mp3	hivacher	Nifal	past	2	אתה	נִבְחַרְתָּ לְהִיוֹת הַנָּשִׂיא הַחָדָשׁ שֶׁל הַמְדִינָה.
3394	8	244	examples/hivacher/past-03.mp3	hivacher	Nifal	past	3	את	נִבְחַרְתְּ לְהִתְמַנּוֹת לְתַפְקִיד חָשׁוּב בַּמּוֹסָד.
3395	8	245	examples/hivacher/past-04.mp3	hivacher	Nifal	past	4	הוא	"הוא נִבְחַר לתפקיד המנכ""ל החדש."
3396	8	246	examples/hivacher/past-05.mp3	hivacher	Nifal	past	5	היא	הִיא נִבְחֲרָה לְהִתְמַנּוֹת לְתַפְקִיד חָשׁוּב בַּחֶברָה.
3397	8	247	examples/hivacher/past-06.mp3	hivacher	Nifal	past	6	אנחנו	נִבְחַרְנוּ לשמש כשגרירים של התרבות הישראלית בעולם.
3398	8	248	examples/hivacher/past-07.mp3	hivacher	Nifal	past	7	אתם	נִבְחַרְתֶּם לייצג את המדינה באולימפיאדה.
3399	8	249	examples/hivacher/past-08.mp3	hivacher	Nifal	past	8	אתן	נִבְחַרְתֶּן לְהִשְׁתַּתֵף בַּתַּכְנִית הַחֲדָשָׁה.
3400	8	250	examples/hivacher/past-09.mp3	hivacher	Nifal	past	9	הם	בסוף התהליך, נִבְחֲרוּ חמישה מתמודדים להמשך הדרך.
3401	8	251	examples/hivacher/past-10.mp3	hivacher	Nifal	past	10	הן	הם נִבְחֲרוּ להיות חלק מהצוות.
3402	8	252	examples/hivacher/present-01.mp3	hivacher	Nifal	present	1	אני/אתה/הוא	אני נִבְחָר לתפקיד חשוב מאוד.
3403	8	253	examples/hivacher/present-02.mp3	hivacher	Nifal	present	2	אני/את/היא	אני נִבְחֶרֶת להיות חלק מהקבוצה.
3404	8	254	examples/hivacher/present-03.mp3	hivacher	Nifal	present	3	אנחנו/אתם/הם	אנחנו נִבְחָרִים לתפקיד חשוב מאוד בחברה.
3405	8	255	examples/hivacher/present-04.mp3	hivacher	Nifal	present	4	אנחנו/אתן/הן	הנשים נבחרות לייצג את המדינה בתחרות הבינלאומית.
3406	8	256	examples/hivacher/future-01.mp3	hivacher	Nifal	future	1	אני	אני מאמין שאִבָּחֵר למנהיג הקהילה בבחירות הבאות.
3407	8	257	examples/hivacher/future-02.mp3	hivacher	Nifal	future	2	אתה	אם תִּבָּחֵר למנהיג, תוכל לשנות את המדינה לטובה.
3408	8	258	examples/hivacher/future-03.mp3	hivacher	Nifal	future	3	את	בבחירות הבאות תִּבָּחֲרִי לתפקיד היושב ראש.
3409	8	259	examples/hivacher/future-04.mp3	hivacher	Nifal	future	4	הוא	מחר יִבָּחֵר הנשיא החדש של המדינה.
3410	8	260	examples/hivacher/future-05.mp3	hivacher	Nifal	future	5	היא	מחר תִּבָּחֵר הועדה החדשה.
3411	8	261	examples/hivacher/future-06.mp3	hivacher	Nifal	future	6	אנחנו	אנחנו נִבָּחֵר בבחירות הבאות לוועד הבית.
3412	8	262	examples/hivacher/future-07.mp3	hivacher	Nifal	future	7	אתם	אתם תִּבָּחֲרוּ לתפקיד הזה בזכות כישוריכם.
3413	8	263	examples/hivacher/future-08.mp3	hivacher	Nifal	future	8	אתן	הַנָּשִׁים תִּבָּחֵרְנָה לְתַפְקִידִים בַּכִּירִים בַּמֶמְשָׁלָה.
3414	8	264	examples/hivacher/future-09.mp3	hivacher	Nifal	future	9	הם	בבחירות הקרובות, ייבחרו מנהיגים חדשים לכנסת.
3415	8	265	examples/hivacher/future-10.mp3	hivacher	Nifal	future	10	הן	הַמּוֹעֲמָדוֹת תִּבָּחֵרְנָה בְּמִשְׁפָּט וּבְצֶדֶק.
3416	8	266	examples/hivacher/imperative-01.mp3	hivacher	Nifal	imperative	1	אתה	הִבָּחֵר בְּחָכְמָה וְהִצְלַח בַּחַיִים.
3417	8	267	examples/hivacher/imperative-02.mp3	hivacher	Nifal	imperative	2	את	הִבָּחֲרִי בקפידה את המועמדים לתפקיד.
3418	8	268	examples/hivacher/imperative-03.mp3	hivacher	Nifal	imperative	3	אתם	הִבָּחֲרוּ בחירות בינואר.
3419	8	269	examples/hivacher/imperative-04.mp3	hivacher	Nifal	imperative	4	אתן	הִבָּחֵרְנָה עכשיו, בבקשה.
3420	8	270	examples/hivacher/infinitive-01.mp3	hivacher	Nifal	infinitive	1		הוא חלם לְהִבָּחֵר לתפקיד חשוב בממשלה.
3421	8	271	examples/lehatzchik/past-01.mp3	lehatzchik	Hifil	past	1	אני	הִצְחַקְתִּי אֶת כָּל הַחֲבֵרִים בַּמְּסִיבָה.
3422	8	272	examples/lehatzchik/past-02.mp3	lehatzchik	Hifil	past	2	אתה	אתמול הִצְחַקְתָּ אותי עם הבדיחה שלך.
3423	8	273	examples/lehatzchik/past-03.mp3	lehatzchik	Hifil	past	3	את	הִצְחַקְתְּ אוֹתִי עִם הַבְּדִיחָה הַזּוֹ.
3424	8	274	examples/lehatzchik/past-04.mp3	lehatzchik	Hifil	past	4	הוא	הִצְחִיק אוֹתִי בְּדִיחָה שֶׁשָּׁמַעְתִּי הַיּוֹם.
3425	8	275	examples/lehatzchik/past-05.mp3	lehatzchik	Hifil	past	5	היא	ההצגה הִצְחִיקָה אותי עד דמעות.
3426	8	276	examples/lehatzchik/past-06.mp3	lehatzchik	Hifil	past	6	אנחנו	הִצְחַקְנוּ את כולם בחדר עם הבדיחות שלנו.
3427	8	277	examples/lehatzchik/past-07.mp3	lehatzchik	Hifil	past	7	אתם	הִצְחַקְתֶּם אוֹתִי עִם הַבְּדִיחוֹת הָאֵלּוּ.
3428	8	278	examples/lehatzchik/past-08.mp3	lehatzchik	Hifil	past	8	אתן	הִצְחַקְתֶּן אוֹתִי עִם הַבְּדִיחָה הַזֹּאת.
3429	8	279	examples/lehatzchik/past-09.mp3	lehatzchik	Hifil	past	9	הם	הִצְחִיקוּ אוֹתִי בְּמִקְרֶה שֶׁסִּפְּרוּ לִי בַּחֲדֵר הַמִּתְנָה.
3430	8	280	examples/lehatzchik/past-10.mp3	lehatzchik	Hifil	past	10	הן	הילדים הִצְחִיקוּ אותי עם הבדיחות שלהם.
3431	8	281	examples/lehatzchik/present-01.mp3	lehatzchik	Hifil	present	1	אני/אתה/הוא	אתה מצחיק אותי כל הזמן.
3432	8	282	examples/lehatzchik/present-02.mp3	lehatzchik	Hifil	present	2	אני/את/היא	האחות שלי ממש מצחיקה אותי כל הזמן.
3433	8	283	examples/lehatzchik/present-03.mp3	lehatzchik	Hifil	present	3	אנחנו/אתם/הם	הילדים מצחיקים אותי כל הזמן.
3434	8	284	examples/lehatzchik/present-04.mp3	lehatzchik	Hifil	present	4	אנחנו/אתן/הן	הבנות האלו ממש מצחיקות אותי.
3435	8	285	examples/lehatzchik/future-01.mp3	lehatzchik	Hifil	future	1	אני	אני אַצְחִיק אותך עם הבדיחות שלי.
3436	8	286	examples/lehatzchik/future-02.mp3	lehatzchik	Hifil	future	2	אתה	אתה תצחיק אותם עם הבדיחות שלך.
3437	8	287	examples/lehatzchik/future-03.mp3	lehatzchik	Hifil	future	3	את	אם תַּצְחִיקִי אותו, הוא יהיה ממש שמח.
3438	8	288	examples/lehatzchik/future-04.mp3	lehatzchik	Hifil	future	4	הוא	הוא יַצְחִיק את כולם בחתונה.
3439	8	289	examples/lehatzchik/future-05.mp3	lehatzchik	Hifil	future	5	היא	היא תַּצְחִיק את כולם עם הבדיחות שלה.
3440	8	290	examples/lehatzchik/future-06.mp3	lehatzchik	Hifil	future	6	אנחנו	אנחנו נצחיק את כולם במסיבה הערב.
3441	8	291	examples/lehatzchik/future-07.mp3	lehatzchik	Hifil	future	7	אתם	אם תַּצְחִיקוּ אותה, היא תהיה ממש שמחה.
3442	8	292	examples/lehatzchik/future-08.mp3	lehatzchik	Hifil	future	8	אתן	הבנות תַּצְחֵקְנָה לנו את כל הדרך בחזרה הביתה.
3443	8	293	examples/lehatzchik/future-09.mp3	lehatzchik	Hifil	future	9	הם	כשהם יספרו בדיחות, הם יַצְחִיקוּ את כולם.
3444	8	294	examples/lehatzchik/future-10.mp3	lehatzchik	Hifil	future	10	הן	הילדות תַּצְחֵקְנָה מכל הבדיחות שלו.
3445	8	295	examples/lehatzchik/imperative-01.mp3	lehatzchik	Hifil	imperative	1	אתה	הַצְחֵק אותי עם סיפור מצחיק.
3446	8	296	examples/lehatzchik/imperative-02.mp3	lehatzchik	Hifil	imperative	2	את	הַצְחִיקִי אותי, את יודעת לספר בדיחות כל כך טוב!
3447	8	297	examples/lehatzchik/imperative-03.mp3	lehatzchik	Hifil	imperative	3	אתם	הַצְחִיקוּ אֶת הַיְלָדִים בַּמִּסִיבָּה.
3448	8	298	examples/lehatzchik/imperative-04.mp3	lehatzchik	Hifil	imperative	4	אתן	הַצְחֵקְנָה עכשיו, בבקשה.
3449	8	299	examples/lehatzchik/infinitive-01.mp3	lehatzchik	Hifil	infinitive	1		הוא יודע לְהַצְחִיק את כולם בחדר.
3450	8	300	examples/leheraot/past-01.mp3	leheraot	Nifal	past	1	אני	אתמול בבוקר נראיתי ממש טוב במראה.
3451	8	301	examples/leheraot/past-02.mp3	leheraot	Nifal	past	2	אתה	אתמול נִרְאֵיתָ ממש עייף.
3452	8	302	examples/leheraot/past-03.mp3	leheraot	Nifal	past	3	את	אתמול נִרְאֵית ממש יפה בשמלה החדשה שלך.
3453	8	303	examples/leheraot/past-04.mp3	leheraot	Nifal	past	4	הוא	נִרְאָה כי המצב משתפר בהדרגה.
3454	8	304	examples/leheraot/past-05.mp3	leheraot	Nifal	past	5	היא	הַיּוֹם הַשֶּׁמֶשׁ נִרְאֲתָה בִּמְלוֹא הוֹדָהּ בַּשָּׁמַיִם.
3455	8	305	examples/leheraot/past-06.mp3	leheraot	Nifal	past	6	אנחנו	בחצר האחורית של הבית נִרְאֵינוּ כולם בזמן שהכנו את המנגל.
3456	8	306	examples/leheraot/past-07.mp3	leheraot	Nifal	past	7	אתם	אחרי שהצגתם את ההצגה, נִרְאֵיתֶם מותשים אבל מרוצים.
3457	8	307	examples/leheraot/past-08.mp3	leheraot	Nifal	past	8	אתן	אתן נִרְאֵיתֶן ממש יפות בשמלות האלו.
3458	8	308	examples/leheraot/past-09.mp3	leheraot	Nifal	past	9	הם	הילדים נִרְאוּ ממש שמחים בחגיגה.
3459	8	309	examples/leheraot/past-10.mp3	leheraot	Nifal	past	10	הן	הילדים נִרְאוּ מרוצים מאוד מהמתנה.
3460	8	310	examples/leheraot/present-01.mp3	leheraot	Nifal	present	1	אני/אתה/הוא	נראה שהוא מבין את המצב.
3461	8	311	examples/leheraot/present-02.mp3	leheraot	Nifal	present	2	אני/את/היא	את נראית ממש שמחה היום.
3462	8	312	examples/leheraot/present-03.mp3	leheraot	Nifal	present	3	אנחנו/אתם/הם	הילדים נראים מרוצים היום.
3463	8	313	examples/leheraot/present-04.mp3	leheraot	Nifal	present	4	אנחנו/אתן/הן	הַפֵּרוֹת בַּשּׁוּק נִרְאוֹת מְאוֹד טְרִיּוֹת.
3464	8	314	examples/leheraot/future-01.mp3	leheraot	Nifal	future	1	אני	בבוקר אֵרָאֶה בפארק ליד הבית שלך.
3465	8	315	examples/leheraot/future-02.mp3	leheraot	Nifal	future	2	אתה	מחר תֵּרָאֶה בבוקר במקום הפגישה.
3466	8	316	examples/leheraot/future-03.mp3	leheraot	Nifal	future	3	את	אחרי השיפוץ, הבית תֵּרָאִי מדהים.
3467	8	317	examples/leheraot/future-04.mp3	leheraot	Nifal	future	4	הוא	יֵרָאֶה מַה יִּקְרֶה בְּעֲתִיד.
3468	8	318	examples/leheraot/future-05.mp3	leheraot	Nifal	future	5	היא	ביום שמשי, הים תֵּרָאֶה מלא בצבעי כחול עז.
3469	8	319	examples/leheraot/future-06.mp3	leheraot	Nifal	future	6	אנחנו	נֵרָאֶה שֶׁהַיּוֹם הוֹלֵךְ לִהְיוֹת חַם מְאוֹד.
3470	8	320	examples/leheraot/future-07.mp3	leheraot	Nifal	future	7	אתם	ביום שמש, תֵּרָאוּ כולכם מחייכים בחצר.
3471	8	321	examples/leheraot/future-08.mp3	leheraot	Nifal	future	8	אתן	בְּיום חמישי תֵּרָאֶינָה כּוֹכָבִים בַּשָּׁמַיִם.
3472	8	322	examples/leheraot/future-09.mp3	leheraot	Nifal	future	9	הם	בשבוע הבא יֵרָאוּ הפרחים בכל מקום בגן.
3473	8	323	examples/leheraot/future-10.mp3	leheraot	Nifal	future	10	הן	בשנה הבאה תֵּרָאֶינָה הפרחים בכל פינה.
3474	8	324	examples/leheraot/imperative-01.mp3	leheraot	Nifal	imperative	1	אתה	הֵרָאֵה בבקשה בפני הקהל.
3475	8	325	examples/leheraot/imperative-02.mp3	leheraot	Nifal	imperative	2	את	הֵרָאִי בְּבִגְדֵי הַחֲגוֹרָה הַחֲדָשִׁים שֶׁקָּנִיתִי לָךְ.
3476	8	326	examples/leheraot/imperative-03.mp3	leheraot	Nifal	imperative	3	אתם	הֵרָאוּ לִפְנֵי הַמַּצְלֵמָה בְּבִטָּחוֹן.
3477	8	327	examples/leheraot/imperative-04.mp3	leheraot	Nifal	imperative	4	אתן	הֵרָאֶינָה עכשיו, בבקשה.
3478	8	328	examples/leheraot/infinitive-01.mp3	leheraot	Nifal	infinitive	1		חשוב לְהֵרָאוֹת בבגדים הולמים בראיון עבודה.
3479	8	329	examples/lehaf-il/past-01.mp3	lehaf'il	Hifil	past	1	אני	הִפְעַלְתִּי את המכשיר החדש שלי הבוקר.
3480	8	330	examples/lehaf-il/past-02.mp3	lehaf'il	Hifil	past	2	אתה	הִפְעַלְתָּ את המכשיר והוא התחיל לעבוד מייד.
3481	8	331	examples/lehaf-il/past-03.mp3	lehaf'il	Hifil	past	3	את	הִפְעַלְתְּ את המכונה בבוקר?
3482	8	332	examples/lehaf-il/past-04.mp3	lehaf'il	Hifil	past	4	הוא	הִפְעִיל את המכונה כדי לראות אם היא עובדת.
3483	8	333	examples/lehaf-il/past-05.mp3	lehaf'il	Hifil	past	5	היא	הִיא הִפְעִילָה את המכשיר החדש שהיא קנתה.
3484	8	334	examples/lehaf-il/past-06.mp3	lehaf'il	Hifil	past	6	אנחנו	הִפְעַלְנוּ את המכונה כדי לבדוק את התקינות שלה.
3485	8	335	examples/lehaf-il/past-07.mp3	lehaf'il	Hifil	past	7	אתם	הִפְעַלְתֶּם את המכשיר החדש בבית?
3486	8	336	examples/lehaf-il/past-08.mp3	lehaf'il	Hifil	past	8	אתן	הִפְעַלְתֶּן אֶת הַמַּכְשִׁירִים בַּחֲדָרֵי הַמִשְׁחָק.
3487	8	337	examples/lehaf-il/past-09.mp3	lehaf'il	Hifil	past	9	הם	הם הִפְעִילוּ את המערכת החדשה בבוקר.
3488	8	338	examples/lehaf-il/past-10.mp3	lehaf'il	Hifil	past	10	הן	הִפְעִילוּ את המכשיר ברגע שהאורחים הגיעו.
3489	8	339	examples/lehaf-il/present-01.mp3	lehaf'il	Hifil	present	1	אני/אתה/הוא	מַפְעִיל את המכונה בכל בוקר.
3490	8	340	examples/lehaf-il/present-02.mp3	lehaf'il	Hifil	present	2	אני/את/היא	היא מפעילה את המכונה בכל בוקר.
3491	8	341	examples/lehaf-il/present-03.mp3	lehaf'il	Hifil	present	3	אנחנו/אתם/הם	הם מפעילים את המערכת כדי לשפר את הביצועים.
3492	8	342	examples/lehaf-il/present-04.mp3	lehaf'il	Hifil	present	4	אנחנו/אתן/הן	כשהן מפעילות את המכשיר, הוא מתחיל לעבוד מיד.
3493	8	343	examples/lehaf-il/future-01.mp3	lehaf'il	Hifil	future	1	אני	אַפְעִיל את המכשיר מחר בבוקר.
3494	8	344	examples/lehaf-il/future-02.mp3	lehaf'il	Hifil	future	2	אתה	אתה תפעיל את המכונה מחר בבוקר.
3495	8	345	examples/lehaf-il/future-03.mp3	lehaf'il	Hifil	future	3	את	תַּפְעִילִי את המכשיר כשתגיעי הביתה.
3496	8	346	examples/lehaf-il/future-04.mp3	lehaf'il	Hifil	future	4	הוא	כשהמתכנת יגיע, הוא יַפְעִיל את המערכת החדשה.
3497	8	347	examples/lehaf-il/future-05.mp3	lehaf'il	Hifil	future	5	היא	בבקשה תפעילי את המזגן כי חם מדי.
3498	8	348	examples/lehaf-il/future-06.mp3	lehaf'il	Hifil	future	6	אנחנו	נַפְעִיל את המערכת ביום שני.
3499	8	349	examples/lehaf-il/future-07.mp3	lehaf'il	Hifil	future	7	אתם	בבקשה, תפעילו את המכשיר כדי שנוכל לראות אם הוא עובד.
3500	8	350	examples/lehaf-il/future-08.mp3	lehaf'il	Hifil	future	8	אתן	בבוקר תַּפְעֵלְנָה את המכונות החדשות בבית החרושת.
3501	8	351	examples/lehaf-il/future-09.mp3	lehaf'il	Hifil	future	9	הם	הם יַפְעִילוּ את המכונה בשעה תשע בבוקר.
3502	8	352	examples/lehaf-il/future-10.mp3	lehaf'il	Hifil	future	10	הן	הן תַּפְעֵלְנָה את המכונה בבוקר.
3503	8	353	examples/lehaf-il/imperative-01.mp3	lehaf'il	Hifil	imperative	1	אתה	הַפְעֵל את המכשיר עכשיו.
3504	8	354	examples/lehaf-il/imperative-02.mp3	lehaf'il	Hifil	imperative	2	את	הַפְעִילִי את המכשיר כדי להתחיל את התהליך.
3505	8	355	examples/lehaf-il/imperative-03.mp3	lehaf'il	Hifil	imperative	3	אתם	בִּבְקָשָׁה, הַפְעִילוּ אֶת הַמַּזְגָּן לִפְנֵי שֶׁאֲנִי מַגִּיעָה.
3506	8	356	examples/lehaf-il/imperative-04.mp3	lehaf'il	Hifil	imperative	4	אתן	הַפְעֵלְנָה עכשיו, בבקשה.
3507	8	357	examples/lehaf-il/infinitive-01.mp3	lehaf'il	Hifil	infinitive	1		כדי לשפר את הביצועים של המחשב, עליך לְהַפְעִיל את התוכנות האחרונות.
3508	8	358	examples/le-amer/past-01.mp3	le'amer	Nifal	past	1	אני	בַּתְּחִלַת הַפַּגִישָׁה נֶאֱמַרְתִּי כִּי אֲנִי הַמַּנְחֶה הַחָדָשׁ.
3509	8	359	examples/le-amer/past-02.mp3	le'amer	Nifal	past	2	אתה	אתמול נֶאֱמַרְתָּ לי שהכל בסדר, אבל היום אני רואה שהמצב שונה.
3510	8	360	examples/le-amer/past-03.mp3	le'amer	Nifal	past	3	את	בַּחֲצָאי הַלַּיְלָה נֶאֱמַרְתְּ שֶׁתֵּצְאִי לִמְשִׁמְשֵׁי הַיָּרֵחַ.
3511	8	361	examples/le-amer/past-04.mp3	le'amer	Nifal	past	4	הוא	נֶאֱמַר בַּתּוֹרָה שֶׁיִּשְׂרָאֵל יִזְכּוּ לְאֶרֶץ זָבַת חָלָב וּדְבַשׁ.
3512	8	362	examples/le-amer/past-05.mp3	le'amer	Nifal	past	5	היא	הדברים הללו נֶאֱמְרָה בוועידה האחרונה.
3513	8	363	examples/le-amer/past-06.mp3	le'amer	Nifal	past	6	אנחנו	בִּמְשךְ הַדִּיּוּן, נֶאֱמַרְנוּ דְבָרִים חֲשׁוּבִים בְּמַאֲדֵי.
3514	8	364	examples/le-amer/past-07.mp3	le'amer	Nifal	past	7	אתם	לאחר שהנושא נידון בהרחבה, נֶאֱמַרְתֶּם כי ההחלטה תתקבל בשבוע הבא.
3515	8	365	examples/le-amer/past-08.mp3	le'amer	Nifal	past	8	אתן	בפגישה האחרונה נֶאֱמַרְתֶּן בבירור שהפרויקט יסתיים בזמן.
3516	8	366	examples/le-amer/past-09.mp3	le'amer	Nifal	past	9	הם	במהלך הדיון, נֶאֱמְרוּ דברים רבים על ידי כל המשתתפים.
3517	8	367	examples/le-amer/past-10.mp3	le'amer	Nifal	past	10	הן	המילים נֶאֱמְרוּ בבהירות ובנחת.
3518	8	368	examples/le-amer/present-01.mp3	le'amer	Nifal	present	1	אני/אתה/הוא	כך נֶאֱמָר בתורה
3519	8	369	examples/le-amer/present-02.mp3	le'amer	Nifal	present	2	אני/את/היא	האמת נֶאֱמֶרֶת תמיד, גם אם לא תמיד שומעים אותה.
3520	8	370	examples/le-amer/present-03.mp3	le'amer	Nifal	present	3	אנחנו/אתם/הם	דברים נֶאֱמָרִים על ידי האנשים בחדר.
3521	8	371	examples/le-amer/present-04.mp3	le'amer	Nifal	present	4	אנחנו/אתן/הן	הדברים הנֶאֱמָרוֹת כאן חשובים מאוד.
3522	8	372	examples/le-amer/future-01.mp3	le'amer	Nifal	future	1	אני	אֵאָמֵר לוֹ שֶׁאֲנִי בָּא לְבִקְרוֹ מָחָר.
3523	8	373	examples/le-amer/future-02.mp3	le'amer	Nifal	future	2	אתה	מחר תֵּאָמֵר דברים חשובים בפגישה.
3524	8	374	examples/le-amer/future-03.mp3	le'amer	Nifal	future	3	את	אם לא תֵּאָמְרִי את האמת, לא אוכל לעזור לך.
3525	8	375	examples/le-amer/future-04.mp3	le'amer	Nifal	future	4	הוא	בְּעוֹד כְּמָה יָמִים יֵאָמֵר שֶׁהַמֶּלֶךְ הוֹדִיעַ אֶת הַחֳלָטָתוֹ.
3526	8	376	examples/le-amer/future-05.mp3	le'amer	Nifal	future	5	היא	היא תֵּאָמֵר שֶׁהִיא עָיֵפָה מְאוֹד.
3527	8	377	examples/le-amer/future-06.mp3	le'amer	Nifal	future	6	אנחנו	נֵאָמֵר לוֹ בְּבוֹקֶר שֶׁיִּזָּכֵּר לִקַּח אֶת הַמַּפְתֵּחוֹת.
3528	8	378	examples/le-amer/future-07.mp3	le'amer	Nifal	future	7	אתם	תֵּאָמְרוּ לוֹ שֶׁאֲנִי אֱחַכֶּה לוֹ בַּבִּית.
3529	8	379	examples/le-amer/future-08.mp3	le'amer	Nifal	future	8	אתן	מחר תֵּאָמַרְנָה כל הבנות שהן אוהבות את החג.
3530	8	380	examples/le-amer/future-09.mp3	le'amer	Nifal	future	9	הם	בְּיָמִים הָהֵם, יֵאָמְרוּ כָּל הָעַמִּים כִּי שָׁלוֹם יִהְיֶה בָּאָרֶץ.
3531	8	381	examples/le-amer/future-10.mp3	le'amer	Nifal	future	10	הן	בְּיַדֵי הַמּוֹרִים תֵּאָמַרְנָה הַדְּבָרִים לַתַּלְמִידִים.
3532	8	382	examples/le-amer/imperative-01.mp3	le'amer	Nifal	imperative	1	אתה	הֵאָמֵר לוֹ שֶׁאֲנִי אֶפְגּשׁ אִתּוֹ בַּבּוֹקֶר.
3533	8	383	examples/le-amer/imperative-02.mp3	le'amer	Nifal	imperative	2	את	הֵאָמְרִי לי את האמת.
3534	8	384	examples/le-amer/imperative-03.mp3	le'amer	Nifal	imperative	3	אתם	הֵאָמְרוּ לוֹ בְּבִטָּחוֹן שֶׁיּוּכַל לְהַצְלִיחַ בְּכָל מִשִּׂימָה.
3535	8	385	examples/le-amer/imperative-04.mp3	le'amer	Nifal	imperative	4	אתן	הֵאָמַרְנָה עכשיו, בבקשה.
3536	8	386	examples/le-amer/infinitive-01.mp3	le'amer	Nifal	infinitive	1		המילים האלה צריכות לְהֵיאָמֵר בקול רם.
3537	8	387	examples/leheamen/past-01.mp3	leheamen	Nifal	past	1	אני	נֶאֱמַנְתִּי לְחֲבֵרִי בְּזִמָּנִים קָשִׁים.
3538	8	388	examples/leheamen/past-02.mp3	leheamen	Nifal	past	2	אתה	כשאמרת שתהיה שם בשבילי, נֶאֱמַנְתָּ למילה שלך.
3539	8	389	examples/leheamen/past-03.mp3	leheamen	Nifal	past	3	את	בכל הזמן הזה, נֶאֱמַנְתְּ לי ואף פעם לא בגדת בי.
3540	8	390	examples/leheamen/past-04.mp3	leheamen	Nifal	past	4	הוא	הוא נֶאֱמַן לי כל חייו.
3541	8	391	examples/leheamen/past-05.mp3	leheamen	Nifal	past	5	היא	הָאֵם נֶאֱמְנָה לִבְנָהּ בְּכָל מַצָּב.
3542	8	392	examples/leheamen/past-06.mp3	leheamen	Nifal	past	6	אנחנו	אנחנו נֶאֱמַנּוּ לדרכנו ולא סטינו מהמטרה.
3543	8	393	examples/leheamen/past-07.mp3	leheamen	Nifal	past	7	אתם	לאחר שנים של חברות, נֶאֱמַנְתֶּם לי בכל פעם מחדש.
3544	8	394	examples/leheamen/past-08.mp3	leheamen	Nifal	past	8	אתן	אַתֶּן נֶאֱמַנְתֶּן בְּמִשִּׁמְשׁוֹתֵיכֶם בְּנֶאֱמָנוּת לְכָל הַלֵּילוֹת.
3545	8	395	examples/leheamen/past-09.mp3	leheamen	Nifal	past	9	הם	הם נֶאֱמְנוּ לדרכם ולא סטו ממנה.
3546	8	396	examples/leheamen/past-10.mp3	leheamen	Nifal	past	10	הן	בְּמִשְׁפָּחָה זוֹ, הַהוֹרִים נֶאֱמְנוּ לִילָדֵיהֶם בְּכָל פַּעֲמִים.
3547	8	397	examples/leheamen/present-01.mp3	leheamen	Nifal	present	1	אני/אתה/הוא	הוא נֶאֱמָן לחבריו ותמיד שומר על הבטחותיו.
3548	8	398	examples/leheamen/present-02.mp3	leheamen	Nifal	present	2	אני/את/היא	היא נֶאֱמֶנֶת בכל מצב.
3549	8	399	examples/leheamen/present-03.mp3	leheamen	Nifal	present	3	אנחנו/אתם/הם	אנחנו נֶאֱמָנִים לחברינו בכל מצב.
3550	8	400	examples/leheamen/present-04.mp3	leheamen	Nifal	present	4	אנחנו/אתן/הן	הן נֶאֱמָנוֹת לחברותיהן ותמיד שומרות על קשר.
3551	8	401	examples/leheamen/future-01.mp3	leheamen	Nifal	future	1	אני	אֵאָמֵן לך בכל ליבי.
3552	8	402	examples/leheamen/future-02.mp3	leheamen	Nifal	future	2	אתה	אם תֵּאָמֵן בי, אני אוכיח לך שאתה יכול להצליח.
3553	8	403	examples/leheamen/future-03.mp3	leheamen	Nifal	future	3	את	תֵּאָמְנִי בִּי גַּם בִּזְמַנִים קָשִׁים.
3554	8	404	examples/leheamen/future-04.mp3	leheamen	Nifal	future	4	הוא	כשאני מסתכל על הציפורים, אני יֵאָמֵן לחלוטין למראה היפה של הטבע.
3555	8	405	examples/leheamen/future-05.mp3	leheamen	Nifal	future	5	היא	היא תֵּאָמֵן בו בכל ליבה
3556	8	406	examples/leheamen/future-06.mp3	leheamen	Nifal	future	6	אנחנו	אנחנו נֵאָמֵן לך תמיד.
3557	8	407	examples/leheamen/future-07.mp3	leheamen	Nifal	future	7	אתם	תֵּאָמְנוּ בַּתְּהִלִיךְ וְהַכּל יֵצֵא לְטוֹבָה.
3558	8	408	examples/leheamen/future-08.mp3	leheamen	Nifal	future	8	אתן	תֵּאָמֵנָּה לוֹ בְּכָל לִבָּהּ.
3559	8	409	examples/leheamen/future-09.mp3	leheamen	Nifal	future	9	הם	הם יֵאָמְנוּ בדרכם ולא יסטו ממנה.
3560	8	410	examples/leheamen/future-10.mp3	leheamen	Nifal	future	10	הן	אנו מקווים שהן תֵּאָמֵנָּה לנו בכל מצב.
3561	8	411	examples/leheamen/imperative-01.mp3	leheamen	Nifal	imperative	1	אתה	הֵאָמֵן בְּעַצְמְךָ וּבִכּוֹחוֹתֶיךָ.
3562	8	412	examples/leheamen/imperative-02.mp3	leheamen	Nifal	imperative	2	את	הֵאָמְנִי בי, וְאֶהְיֶה לְצִדְּךָ תָמִיד.
3563	8	413	examples/leheamen/imperative-03.mp3	leheamen	Nifal	imperative	3	אתם	הֵאָמְנוּ לוֹ, כִּי הוּא אֱמֶת.
3564	8	414	examples/leheamen/imperative-04.mp3	leheamen	Nifal	imperative	4	אתן	הֵאָמֵנָּה עכשיו, בבקשה.
3565	8	415	examples/leheamen/infinitive-01.mp3	leheamen	Nifal	infinitive	1		חשוב לְהֵאָמֵן לחבריך בכל מצב.
3566	8	416	examples/leharot/past-01.mp3	leharot	Hifil	past	1	אני	הִרְאֵיתִי לוֹ אֶת הַתְּמוּנָה הַיָּפָה שֶׁל הַשֶׁמֶשׁ הַשּׁוֹקַעַת.
3567	8	417	examples/leharot/past-02.mp3	leharot	Hifil	past	2	אתה	הִרְאֵיתָ לִי אֶת הַדֶּרֶךְ הַחֲדָשָׁה בַּיַעֲרוֹת.
3568	8	418	examples/leharot/past-03.mp3	leharot	Hifil	past	3	את	הִרְאֵיתְ לִי אֵיךְ לַעֲשׂוֹת אֶת הַמַּתְכוֹן הַחָדָשׁ.
3569	8	419	examples/leharot/past-04.mp3	leharot	Hifil	past	4	הוא	הִרְאָה לִי אֵיךְ לִפְתּוֹר אֶת הַבְּעִיָה.
3570	8	420	examples/leharot/past-05.mp3	leharot	Hifil	past	5	היא	הִרְאֲתָה לִי אֶת הַדֶּרֶךְ הַחֲדָשָׁה בַּשְּׁכוּנָה.
3571	8	421	examples/leharot/past-06.mp3	leharot	Hifil	past	6	אנחנו	הִרְאֵינוּ לוֹ אֲנַחְנוּ אֶת הַדֶּרֶךְ לַבֵּית הַסֵפֶר.
3572	8	422	examples/leharot/past-07.mp3	leharot	Hifil	past	7	אתם	הִרְאֵיתֶם לוֹ אֶת הַדּוֹאָר שֶׁקִבַּלְתִי?
3573	8	423	examples/leharot/past-08.mp3	leharot	Hifil	past	8	אתן	הִרְאֵיתֶן לוֹ אֶת הַתְּמוּנָה הַמּוּפְלָאָה שֶׁל הַשֶׁמֶשׁ בַּמַּעֲרָב.
3574	8	424	examples/leharot/past-09.mp3	leharot	Hifil	past	9	הם	הם הִרְאוּ לי את התמונות מהחופשה שלהם.
3575	8	425	examples/leharot/past-10.mp3	leharot	Hifil	past	10	הן	הִרְאוּ לָהֶם אֶת הַדֶּרֶךְ לַמּוּזֵיאוֹן.
3576	8	426	examples/leharot/present-01.mp3	leharot	Hifil	present	1	אני/אתה/הוא	כשהוא מראה לי את התמונות, אני מרגישה כאילו אני חוזרת בזמן.
3577	8	427	examples/leharot/present-02.mp3	leharot	Hifil	present	2	אני/את/היא	היא מַרְאָה לי את הדרך.
3578	8	428	examples/leharot/present-03.mp3	leharot	Hifil	present	3	אנחנו/אתם/הם	הם מַרְאִים לנו את הדרך הנכונה.
3579	8	429	examples/leharot/present-04.mp3	leharot	Hifil	present	4	אנחנו/אתן/הן	כשאנחנו מראות לילדים את העולם, הם לומדים ממנו.
3580	8	430	examples/leharot/future-01.mp3	leharot	Hifil	future	1	אני	בבוקר אַרְאֶה לך את הגן היפה שלנו.
3581	8	431	examples/leharot/future-02.mp3	leharot	Hifil	future	2	אתה	בוא נקווה שתַּרְאֶה לנו את הדרך הביתה.
3582	8	432	examples/leharot/future-03.mp3	leharot	Hifil	future	3	את	תַּרְאִי לוֹ אֵיךְ עוֹשִׂים אֶת הַמָּטָלָה.
3583	8	433	examples/leharot/future-04.mp3	leharot	Hifil	future	4	הוא	ביום שני הוא יַרְאֶה לי את הדרך החדשה לעבודה.
3584	8	434	examples/leharot/future-05.mp3	leharot	Hifil	future	5	היא	בבקשה, תַּרְאֶה לי איך עושים את זה.
3585	8	435	examples/leharot/future-06.mp3	leharot	Hifil	future	6	אנחנו	נַרְאֶה לך את הדרך הביתה.
3586	8	436	examples/leharot/future-07.mp3	leharot	Hifil	future	7	אתם	כשתפגשו את המנהל, תַּרְאוּ לו את ההצעה שלנו.
3587	8	437	examples/leharot/future-08.mp3	leharot	Hifil	future	8	אתן	תַּרְאֶינָה לַיְלָדִים אֵיךְ לְהַכִּין עוּגָה בַּחֲגִיגָה.
3588	8	438	examples/leharot/future-09.mp3	leharot	Hifil	future	9	הם	הם יַרְאוּ לנו את הדרך החדשה בשבוע הבא.
3589	8	439	examples/leharot/future-10.mp3	leharot	Hifil	future	10	הן	הֵן תַּרְאֶינָה לַיְלָדִים אֶת הַסְרֵט הַחָדָשׁ.
3590	8	440	examples/leharot/imperative-01.mp3	leharot	Hifil	imperative	1	אתה	הַרְאֵה לי איפה אתה מחביא את המתנות.
3591	8	441	examples/leharot/imperative-02.mp3	leharot	Hifil	imperative	2	את	הַרְאִי לוֹ אֵיךְ עוֹשִׂים אֶת הַמַּטְבָּעוֹת.
3592	8	442	examples/leharot/imperative-03.mp3	leharot	Hifil	imperative	3	אתם	הַרְאוּ לִי אֶת הַתִּמּוּנָה שֶׁלָּכֶם
3593	8	443	examples/leharot/imperative-04.mp3	leharot	Hifil	imperative	4	אתן	הַרְאֶינָה עכשיו, בבקשה.
3594	8	444	examples/leharot/infinitive-01.mp3	leharot	Hifil	infinitive	1		אנחנו רוצים לְהַרְאוֹת לך את הגן החדש.
3595	8	445	examples/lehafgish/past-01.mp3	lehafgish	Hifil	past	1	אני	הִפְגַּשְׁתִּי בֵּין שְׁנֵי הַחֲבֵרִים שֶׁלִּי בְּבִטְחָה.
3596	8	446	examples/lehafgish/past-02.mp3	lehafgish	Hifil	past	2	אתה	הִפְגַּשְׁתָּ אוֹתִי עִם חָבֵר שֶׁלְּךָ מֵהָעֲבוֹדָה.
3597	8	447	examples/lehafgish/past-03.mp3	lehafgish	Hifil	past	3	את	הִפְגַּשְׁתְּ אוֹתוֹ עִם חֲבֵרָהּ מֵהָעֲבוֹדָה.
3598	8	448	examples/lehafgish/past-04.mp3	lehafgish	Hifil	past	4	הוא	הִפְגִּישׁ אוֹתִי עִם הַמּוֹרֶה שֶׁלִּי.
3599	8	449	examples/lehafgish/past-05.mp3	lehafgish	Hifil	past	5	היא	הִיא הִפְגִּישָׁה אוֹתָנוּ עִם הַמּוֹרֶה בְּשָׁעָה שֶׁהָיְתָה נוֹחָה לְכֻלָּנוּ.
3600	8	450	examples/lehafgish/present-01.mp3	lehafgish	Hifil	present	1	אני/אתה/הוא	הוא מַפְגִּישׁ אותנו בכל יום שני.
3601	9	1	examples/lehafgish/present-02.mp3	lehafgish	Hifil	present	2	אני/את/היא	היא מפגישה את הצוותים בכל בוקר לדיון על הפרויקט.
3602	9	2	examples/lehafgish/future-01.mp3	lehafgish	Hifil	future	1	אני	אַפְגִּישׁ אוֹתָךְ עִם הַמּוֹרֶה בְּיוֹם שֶׁלִּישִׁי.
3603	9	3	examples/lehafgish/future-02.mp3	lehafgish	Hifil	future	2	אתה	אם תפגיש אותי עם המנהל, אוכל לדבר איתו על הפרויקט החדש.
3604	9	4	examples/lehafgish/imperative-01.mp3	lehafgish	Hifil	imperative	1	אתה	הַפְגֵּשׁ את הילדים בגינה אחרי בית הספר.
3605	9	5	examples/lehafgish/infinitive-01.mp3	lehafgish	Hifil	infinitive	1		אני צריך לְהַפְגִּישׁ אתכם עם המנהל שלנו.
3606	9	6	examples/leshamesh/past-01.mp3	leshamesh	Piel	past	1	אני	במהלך הקריירה שלי, שִׁמַּשְׁתִּי כמנהל פרויקטים בחברה גדולה.
3607	9	7	examples/leshamesh/past-02.mp3	leshamesh	Piel	past	2	אתה	שִׁמַּשְׁתָּ כְּמַתְרֶגֵם בַּצָּבָא.
3608	9	8	examples/leshamesh/past-03.mp3	leshamesh	Piel	past	3	הוא	הוא שִׁמֵּשׁ כמנהל בית הספר במשך עשר שנים.
3609	9	9	examples/leshamesh/present-01.mp3	leshamesh	Piel	present	1	אני/אתה/הוא	הוא מְשַׁמֵּשׁ כמנהל הפרויקט.
3610	9	10	examples/leshamesh/future-01.mp3	leshamesh	Piel	future	1	אני	אֲשַׁמֵּשׁ בְּתוֹר מֶלְצָר בַּמִּסְעָדָה הַחֲדָשָׁה.
3611	9	11	examples/leshamesh/imperative-01.mp3	leshamesh	Piel	imperative	1	אתה	בבקשה, שַׁמֵּשׁ את הקהל במסירות.
3612	9	12	examples/leshamesh/infinitive-01.mp3	leshamesh	Piel	infinitive	1		אני מעוניין לשמש כמתורגמן בכנס הבינלאומי.
3613	9	13	examples/lehachnis/past-01.mp3	lehachnis	Hifil	past	1	אני	הִכְנַסְתִּי את כל החלקים של המדף ועכשיו הוא מוכן לשימוש.
3614	9	14	examples/lehachnis/past-02.mp3	lehachnis	Hifil	past	2	הוא	הִכְנִיס אֶת כָּל הַחֲלָקִים לְתוֹך הַמִּכְשׁוֹל.
3615	9	15	examples/lehachnis/present-01.mp3	lehachnis	Hifil	present	1	אני/אתה/הוא	אני מכניס את כל החלקים כדי לבנות את המדף.
3616	9	16	examples/lehachnis/future-01.mp3	lehachnis	Hifil	future	1	אני	אַכְנִיס אֶת הַרְהִיטִים לַחֶדֶר הַיּוֹם.
3617	9	17	examples/lehachnis/imperative-01.mp3	lehachnis	Hifil	imperative	1	אתה	הַכְנֵס את כל החלקים לפני שתתחיל לעבוד.
3618	9	18	examples/lehachnis/infinitive-01.mp3	lehachnis	Hifil	infinitive	1		אני רוצה לְהַכְנִיס את כל החלקים לפני שהמשחק יתחיל.
3619	9	19	examples/lesader/past-01.mp3	lesader	Piel	past	1	אני	סִדַּרְתִּי את כל המסמכים בתיקייה.
3620	9	20	examples/lesader/past-02.mp3	lesader	Piel	past	2	אתה	אתמול סִדַּרְתָּ את החדר שלך יפה מאוד.
3621	9	21	examples/lesader/past-03.mp3	lesader	Piel	past	3	את	אתמול סִדַּרְתְּ את הספרים בחדר הילדים.
3622	9	22	examples/lesader/past-04.mp3	lesader	Piel	past	4	הוא	הוא סִדֵּר את כל הדברים בבית לפני שהגיעו האורחים.
3623	9	23	examples/lesader/past-05.mp3	lesader	Piel	past	5	היא	הִיא סִדְּרָה אֶת הַסֵּפֶר עַל הַשֻּׁלְחָן.
3624	9	24	examples/lesader/past-06.mp3	lesader	Piel	past	6	אנחנו	סִדַּרְנוּ את כל הציוד לפני הטיול.
3625	9	25	examples/lesader/past-07.mp3	lesader	Piel	past	7	אתם	סִדַּרְתֶּם את כל החדרים בבית לפני שהגיעו האורחים?
3626	9	26	examples/lesader/past-08.mp3	lesader	Piel	past	8	אתן	סִדַּרְתֶּן את כל הבגדים במגירות לפני שהלכתן לישון?
3627	9	27	examples/lesader/past-09.mp3	lesader	Piel	past	9	הם	הם סִדְּרוּ את כל הדברים בחדר לפני שהגיעו האורחים.
3628	9	28	examples/lesader/past-10.mp3	lesader	Piel	past	10	הן	הֵם סִדְּרוּ אֶת הַכִּסֵּא בַּחֶדֶר.
3629	9	29	examples/lesader/present-01.mp3	lesader	Piel	present	1	אני/אתה/הוא	הוא מסדר את החדר לפני שהאורחים מגיעים.
3630	9	30	examples/lesader/present-02.mp3	lesader	Piel	present	2	אני/את/היא	היא מְסַדֶּרֶת את כל הבגדים בארון בצורה מושלמת.
3631	9	31	examples/lesader/present-03.mp3	lesader	Piel	present	3	אנחנו/אתם/הם	כולם מסדרים את החדר לפני שהאורחים מגיעים.
3632	9	32	examples/lesader/present-04.mp3	lesader	Piel	present	4	אנחנו/אתן/הן	אנחנו מסדרות את הבית לקראת החג.
3633	9	33	examples/lesader/future-01.mp3	lesader	Piel	future	1	אני	אֲסַדֵּר את הדברים בחדר כדי שיהיה יותר מסודר.
3634	9	34	examples/lesader/future-02.mp3	lesader	Piel	future	2	אתה	תסדר את הספרים בספרייה לפני שאתה יוצא.
3635	9	35	examples/lesader/future-03.mp3	lesader	Piel	future	3	את	אם תסדרי את המסמכים בזמן, נוכל להגיש את הבקשה מחר.
3636	9	36	examples/lesader/future-04.mp3	lesader	Piel	future	4	הוא	הוא יְסַדֵּר את הספרים על המדף.
3637	9	37	examples/lesader/future-05.mp3	lesader	Piel	future	5	היא	היא תסדר את כל המסמכים מחר בבוקר.
3638	9	38	examples/lesader/future-06.mp3	lesader	Piel	future	6	אנחנו	נְסַדֵּר אֶת הַסֵּפֶר עַל הַשֻּׁלְחָן.
3639	9	39	examples/lesader/future-07.mp3	lesader	Piel	future	7	אתם	תְּסַדְּרוּ את כל המסמכים על השולחן בבקשה.
3640	9	40	examples/lesader/future-08.mp3	lesader	Piel	future	8	אתן	בַּשָּׁבוּעַ הַבָּא תְּסַדְּרֶנָה אֶת כָּל הַסִּידוּרִים לַמִּסעָה.
3641	9	41	examples/lesader/future-09.mp3	lesader	Piel	future	9	הם	הם יְסַדְּרוּ את כל הציוד לפני הטיול.
3642	9	42	examples/lesader/future-10.mp3	lesader	Piel	future	10	הן	הן תסדרנה את החדרים לפני שהאורחים יגיעו.
3643	9	43	examples/lesader/imperative-01.mp3	lesader	Piel	imperative	1	אתה	סַדֵּר את הספרים על המדף.
3644	9	44	examples/lesader/imperative-02.mp3	lesader	Piel	imperative	2	את	סַדְּרִי את המדפים בספרייה, בבקשה.
3645	9	45	examples/lesader/imperative-03.mp3	lesader	Piel	imperative	3	אתם	סַדְּרוּ את הצעצועים בחדר הילדים.
3646	9	46	examples/lesader/imperative-04.mp3	lesader	Piel	imperative	4	אתן	סַדֵּרְנָה עכשיו, בבקשה.
3647	9	47	examples/lesader/infinitive-01.mp3	lesader	Piel	infinitive	1		אנחנו צריכים לסדר את כל החפצים במדפים.
3648	9	48	examples/likdom/past-01.mp3	likdom	Paal	past	1	אני	קָדַמְתִּי אוֹתוֹ בַּמִּסְעוּדָה הַזּוֹ.
3649	9	49	examples/likdom/past-02.mp3	likdom	Paal	past	2	אתה	קָדַמְתָּ אוֹתִי בַּתּוֹר לַחֲנוּת הַיְרָקוֹת.
3650	9	50	examples/likdom/past-03.mp3	likdom	Paal	past	3	את	אַתָּה קָדַמְתְּ אוֹתִי בַּמִּשְׁמָר.
3651	9	51	examples/likdom/past-04.mp3	likdom	Paal	past	4	הוא	הָאִירוֹעַ הַזֶּה קָדַם לְכָל הַשִּׁנּוּיִים.
3652	9	52	examples/likdom/past-05.mp3	likdom	Paal	past	5	היא	הָיְתָה זוֹ הַפַּעַם הָרִאשׁוֹנָה שֶׁקָדְמָה אוֹתוֹ בַּמִּרוֹץ.
3653	9	53	examples/likdom/past-06.mp3	likdom	Paal	past	6	אנחנו	קָדַמְנוּ לְכָל הַמִּשְׁתַּתְּפִים וְהִגַּעְנוּ רִאשׁוֹנִים.
3654	9	54	examples/likdom/past-07.mp3	likdom	Paal	past	7	אתם	קְדַמְתֶּם אוֹתִי בַּבֹּקֶר לְפָנֶה אֲנִי הִתְעוֹרַרְתִּי.
3655	9	55	examples/likdom/past-08.mp3	likdom	Paal	past	8	אתן	קְדַמְתֶּן אוֹתִי בַּתּוֹר לִקְנֹות כָּרְטִיסִים.
3656	9	56	examples/likdom/past-09.mp3	likdom	Paal	past	9	הם	הָרְצִים הַמּוּבִילִים קָדְמוּ אֶת כָּל הַמְתַחרִים בַּמִּרוֹתְזוֹן.
3657	9	57	examples/likdom/past-10.mp3	likdom	Paal	past	10	הן	הַהִתְנַהֲלוּת הַזוֹ קָדְמוּ לִפְנֵי כֵּן בְּעִתּוֹן אַחֵר.
3658	9	58	examples/likdom/present-01.mp3	likdom	Paal	present	1	אני/אתה/הוא	הטלפון קוֹדֵם את המחשב ברשימת העדיפויות שלו.
3659	9	59	examples/likdom/present-02.mp3	likdom	Paal	present	2	אני/את/היא	הפעם הזו קוֹדֶמֶת לכל הפעמים האחרות.
3660	9	60	examples/likdom/present-03.mp3	likdom	Paal	present	3	אנחנו/אתם/הם	הם קודמים לנו בתור לרופא.
3661	9	61	examples/likdom/present-04.mp3	likdom	Paal	present	4	אנחנו/אתן/הן	בזמן שאתן קוֹדְמוֹת בשורות, אנחנו ממשיכים ללמוד.
3662	9	62	examples/likdom/future-01.mp3	likdom	Paal	future	1	אני	אֶקְדֹּם אֶתְכֶם לַמּוֹעֵד.
3663	9	63	examples/likdom/future-02.mp3	likdom	Paal	future	2	אתה	תִּקְדֹּם לפני כולם בתור.
3664	9	64	examples/likdom/future-03.mp3	likdom	Paal	future	3	את	תִּקְדְּמִי אוֹתִי לַמִּפְגָּשׁ וְאַחֲרֵי כֵן אֲנִי אַגִּיעַ.
3665	9	65	examples/likdom/future-04.mp3	likdom	Paal	future	4	הוא	הידע יִקְדֹּם לפעולה.
3666	9	66	examples/likdom/future-05.mp3	likdom	Paal	future	5	היא	הפגישה הבאה תִּקְדֹּם לשעה שמונה בבוקר.
3667	9	67	examples/likdom/future-06.mp3	likdom	Paal	future	6	אנחנו	אנחנו נִקְדֹּם לכל האחרים בתור.
3668	9	68	examples/likdom/future-07.mp3	likdom	Paal	future	7	אתם	תִּקְדְּמוּ את המשלוח בבוקר.
3669	9	69	examples/likdom/future-08.mp3	likdom	Paal	future	8	אתן	תִּקְדֹּמְנָה הַנָּשִׁים בַּתְּהִלוּךְ
3670	9	70	examples/likdom/future-09.mp3	likdom	Paal	future	9	הם	יִקְדְּמוּ הַמּוֹרִים אֶת הַתְּלָמִידִים לְאוּלָם הַהַתְעַמְּלוּת.
3671	9	71	examples/likdom/future-10.mp3	likdom	Paal	future	10	הן	הַמַּשָּׂאוֹת תִּקְדֹּמְנָה אֶת הַמַּחֲנֶה בַּבֹּקֶר.
3672	9	72	examples/likdom/imperative-01.mp3	likdom	Paal	imperative	1	אתה	קְדֹם בִּכְלִי הַמִּצְעָד.
3673	9	73	examples/likdom/imperative-02.mp3	likdom	Paal	imperative	2	את	קִדְמִי אוֹתִי בַּתּוֹר.
3674	9	74	examples/likdom/imperative-03.mp3	likdom	Paal	imperative	3	אתם	קִדְמוּ את הדיון בנושא הזה.
3675	9	75	examples/likdom/imperative-04.mp3	likdom	Paal	imperative	4	אתן	קְדֹמְנָה עכשיו, בבקשה.
3676	9	76	examples/likdom/infinitive-01.mp3	likdom	Paal	infinitive	1		חשוב לִקְדֹּם בַּזְמַן כדי להגיע לפני כולם.
3677	9	77	examples/pasek/past-01.mp3	pasek	Paal	past	1	אני	ברגע שהתחלתי לדבר, פסקתי מיד לשתות את הקפה.
3678	9	78	examples/pasek/past-02.mp3	pasek	Paal	past	2	אתה	אתה פָּסַקְתָּ לדבר.
3679	9	79	examples/pasek/past-03.mp3	pasek	Paal	past	3	את	כשהגיעה לבית הספר, פָּסַקְתְּ לדבר והתחלת ללמוד.
3680	9	80	examples/pasek/past-04.mp3	pasek	Paal	past	4	הוא	הגשם פָּסַק לרדת בבוקר.
3681	9	81	examples/pasek/past-05.mp3	pasek	Paal	past	5	היא	הַמּוּסִיקָה פָּסְקָה לְפֶתַע.
3682	9	82	examples/pasek/past-06.mp3	pasek	Paal	past	6	אנחנו	פָּסַקְנוּ לְהַאֲמִין בּוֹ אַחֲרֵי שֶׁהֵבִין שֶׁהוּא שִׁקֵּר.
3683	9	83	examples/pasek/past-07.mp3	pasek	Paal	past	7	אתם	אחרי שפסקתם לעשן, הרגשתם שיפור בבריאות שלכם?
3684	9	84	examples/pasek/past-08.mp3	pasek	Paal	past	8	אתן	ברגע שפסקתן לדבר, הבנתי שמשהו לא בסדר.
3685	9	85	examples/pasek/past-09.mp3	pasek	Paal	past	9	הם	הם פָּסְקוּ לדבר ברגע שהמורה נכנס לכיתה.
3686	9	86	examples/pasek/past-10.mp3	pasek	Paal	past	10	הן	הַכּוֹכָבִים פָּסְקוּ לְנַצֵּחַ.
3687	9	87	examples/pasek/present-01.mp3	pasek	Paal	present	1	אני	אני פּוֹסֵק לשתות קפה בבוקר.
3688	9	88	examples/pasek/present-02.mp3	pasek	Paal	present	2	אני	אני פּוֹסֶקֶת לשתות קפה בערב כדי לשפר את שנתי.
3689	9	89	examples/pasek/present-03.mp3	pasek	Paal	present	3	אתה	אתה פּוֹסֵק לדבר ברגע שהטלפון מצלצל.
3690	9	90	examples/pasek/present-04.mp3	pasek	Paal	present	4	את	הפועלת פּוֹסֶקֶת את העבודה בשעה שש בערב.
3691	9	91	examples/pasek/present-05.mp3	pasek	Paal	present	5	הוא	הוא פּוֹסֵק לְהַגִּיד אֶת הַמִּלִּים הָאֵלֶּה.
3692	9	92	examples/pasek/present-06.mp3	pasek	Paal	present	6	היא	היא פוסקת מלשתף פעולה עם הממשלה.
3693	9	93	examples/pasek/present-07.mp3	pasek	Paal	present	7	אנחנו	אנחנו פּוֹסְקִים לנוח אחרי יום עבודה ארוך.
3694	9	94	examples/pasek/present-08.mp3	pasek	Paal	present	8	אנחנו	אנחנו פּוֹסְקוֹת לשתות קפה בכל בוקר.
3695	9	95	examples/pasek/present-09.mp3	pasek	Paal	present	9	אתם	אתם פּוֹסְקִים לעבוד כדי לנוח קצת.
3696	9	96	examples/pasek/present-10.mp3	pasek	Paal	present	10	אתן	הן פּוֹסְקוֹת לדבר כאשר המורה נכנס לכיתה.
3697	9	97	examples/pasek/present-11.mp3	pasek	Paal	present	11	הם	הפועלים פּוֹסְקִים לעבוד בשעה חמש.
3698	9	98	examples/pasek/present-12.mp3	pasek	Paal	present	12	הן	הן פּוֹסְקוֹת לְהַרְגִישׁ אֶת הַכְּאֵב.
3699	9	99	examples/pasek/future-01.mp3	pasek	Paal	future	1	אני	בקרוב אֶפְסֹק לעשן כדי לשמור על הבריאות שלי.
3700	9	100	examples/pasek/future-02.mp3	pasek	Paal	future	2	אתה	תִּפְסֹק לְדַבֵּר כָּל כָּך הַרְבֵּה, כְּדֵי שֶׁיִּשְׁמְעוּ גַּם אֲחֵרִים.
3701	9	101	examples/pasek/future-03.mp3	pasek	Paal	future	3	את	בבקשה, תִּפְסְקִי לרגע ותקשיבי לי.
3702	9	102	examples/pasek/future-04.mp3	pasek	Paal	future	4	הוא	הוא יִפְסֹק לדבר כשהמורה תיכנס לכיתה.
3703	9	103	examples/pasek/future-05.mp3	pasek	Paal	future	5	היא	הגשם תִּפְסֹק בקרוב.
3704	9	104	examples/pasek/future-06.mp3	pasek	Paal	future	6	אנחנו	אנחנו נִפְסֹק לעבוד בשעה שש בערב.
3705	9	105	examples/pasek/future-07.mp3	pasek	Paal	future	7	אתם	תִּפְסְקוּ מִלְהַתְקִיף אֶת כָּל הַחֲלוֹנוֹת בַּבַּיִת.
3706	9	106	examples/pasek/future-08.mp3	pasek	Paal	future	8	אתן	תִּפְסֹקְנָה הַמְּרִיבוֹת בֵּינֵינוּ בְּקָרוֹב.
3707	9	107	examples/pasek/future-09.mp3	pasek	Paal	future	9	הם	אני מקווה שיִפְסְקוּ המלחמות בעולם.
3708	9	108	examples/pasek/future-10.mp3	pasek	Paal	future	10	הן	הַנְּהִירוֹת תִּפְסֹקְנָה לִפְעוֹל בְּעוֹד שָׁעָה.
3709	9	109	examples/pasek/imperative-01.mp3	pasek	Paal	imperative	1	אתה	פְּסֹק מִיָּד, אַתָּה צָרִיךְ לִנְפֹּשׁ קְצָת.
3710	9	110	examples/pasek/imperative-02.mp3	pasek	Paal	imperative	2	את	פִּסְקִי לְדַבֵּר עַכְשָׁיו.
3711	9	111	examples/pasek/imperative-03.mp3	pasek	Paal	imperative	3	אתם	בבקשה, פִּסְקוּ לרגע ותקשיבו לי.
3712	9	112	examples/pasek/imperative-04.mp3	pasek	Paal	imperative	4	אתן	פְּסֹקְנָה עכשיו, בבקשה.
3713	9	113	examples/pasek/infinitive-01.mp3	pasek	Paal	infinitive	1		חשוב לִפְסֹק את הפעילות לפני שהמצב יחמיר.
3714	9	114	examples/kashar/past-01.mp3	kashar	Paal	past	1	אני	קָשַׁרְתִּי את המתנה בסרט אדום.
3715	9	115	examples/kashar/past-02.mp3	kashar	Paal	past	2	אתה	קָשַׁרְתָּ את החבל חזק מדי, עכשיו לא מצליחים לפתוח אותו.
3716	9	116	examples/kashar/past-03.mp3	kashar	Paal	past	3	את	אתמול קָשַׁרְתְּ את השרוך של הנעליים שלך בצורה מושלמת.
3717	9	117	examples/kashar/past-04.mp3	kashar	Paal	past	4	הוא	הִוא קָשַׁר אֶת הַחֶבֶל לָעֵץ.
3718	9	118	examples/kashar/past-05.mp3	kashar	Paal	past	5	היא	הִיא קָשְׁרָה אֶת הַסַּרְטָן בְּשַׂעֲרָהּ.
3719	9	119	examples/kashar/past-06.mp3	kashar	Paal	past	6	אנחנו	בַּבּוֹקֶר קָשַׁרְנוּ אֶת הַסּוּסִים לַעֵץ.
3720	9	120	examples/kashar/past-07.mp3	kashar	Paal	past	7	אתם	קְשַׁרְתֶּם את הַחֶבֶל לַעֵץ?
3721	9	121	examples/kashar/past-08.mp3	kashar	Paal	past	8	אתן	קְשַׁרְתֶּן אֶת הַמִּשְׁלוֹחִים בְּחֲבָלִים חֲזָקִים.
3722	9	122	examples/kashar/past-09.mp3	kashar	Paal	past	9	הם	הם קָשְׁרוּ את הסוסים לגדר.
3723	9	123	examples/kashar/past-10.mp3	kashar	Paal	past	10	הן	הן קָשְׁרוּ את המתנות בסרטים צבעוניים.
3724	9	124	examples/kashar/present-01.mp3	kashar	Paal	present	1	אני	אני קוֹשֵׁר את השרוכים שלי בכל בוקר.
3725	9	125	examples/kashar/present-02.mp3	kashar	Paal	present	2	אני	אני קוֹשֶׁרֶת את השרוך של הנעל שלי.
3726	9	126	examples/kashar/present-03.mp3	kashar	Paal	present	3	אתה	אתה קוֹשֵׁר את השרוכים בנעליים שלך.
3727	9	127	examples/kashar/present-04.mp3	kashar	Paal	present	4	את	היא קוֹשֶׁרֶת את שרוכי הנעליים שלה בכל בוקר.
3728	9	128	examples/kashar/present-05.mp3	kashar	Paal	present	5	הוא	הוא קוֹשֵׁר את השרוכים שלו במהירות.
3729	9	129	examples/kashar/present-06.mp3	kashar	Paal	present	6	היא	היא קוֹשֶׁרֶת את הסרט סביב המתנה.
3730	9	130	examples/kashar/present-07.mp3	kashar	Paal	present	7	אנחנו	אנחנו קוֹשְׁרִים את המתנות בסרטים צבעוניים.
3731	9	131	examples/kashar/present-08.mp3	kashar	Paal	present	8	אנחנו	אנחנו קוֹשְׁרוֹת את הסרטים בשיער שלנו.
3732	9	132	examples/kashar/present-09.mp3	kashar	Paal	present	9	אתם	אתם קוֹשְׁרִים את הילדים בכיסאות מיוחדים ברכב.
3733	9	133	examples/kashar/present-10.mp3	kashar	Paal	present	10	אתן	הנשים קוֹשְׁרוֹת את שרוכי הנעליים שלהן בקפידה.
3734	9	134	examples/kashar/present-11.mp3	kashar	Paal	present	11	הם	הם קוֹשְׁרִים את המתנות בסרטים צבעוניים.
3735	9	135	examples/kashar/present-12.mp3	kashar	Paal	present	12	הן	הן קוֹשְׁרוֹת את שערן בזריזות לפני היציאה.
3736	9	136	examples/kashar/future-01.mp3	kashar	Paal	future	1	אני	אֶקְשֹׁר את המטפחת בשְׂעָרִי לפני שנצא.
3737	9	137	examples/kashar/future-02.mp3	kashar	Paal	future	2	אתה	תִּקְשֹׁר את המתנה בסרט צבעוני.
3738	9	138	examples/kashar/future-03.mp3	kashar	Paal	future	3	את	תִּקְשְׁרִי את החבל סביב העץ.
3739	9	139	examples/kashar/future-04.mp3	kashar	Paal	future	4	הוא	הוא יִקְשֹׁר את החבל סביב העץ.
3740	9	140	examples/kashar/future-05.mp3	kashar	Paal	future	5	היא	היא תִּקְשֹׁר את השרוך בבוקר.
3741	9	141	examples/kashar/future-06.mp3	kashar	Paal	future	6	אנחנו	בבוקר נִקְשֹׁר את המתנות בסרטים צבעוניים.
3742	9	142	examples/kashar/future-07.mp3	kashar	Paal	future	7	אתם	בבוקר תִּקְשְׁרוּ את המטען על הגג של המכונית.
3743	9	143	examples/kashar/future-08.mp3	kashar	Paal	future	8	אתן	הַבָּנות תִּקְשֹׁרְנָה אֶת הַשָׂרִיגִים בַּגִּינָה.
3744	9	144	examples/kashar/future-09.mp3	kashar	Paal	future	9	הם	הם יִקְשְׁרוּ את הכבלים בבוקר.
3745	9	145	examples/kashar/future-10.mp3	kashar	Paal	future	10	הן	בשבוע הבא, התלמידות תִּקְשֹׁרְנָה את הכתרים לפרויקט הבית ספרי.
3746	9	146	examples/kashar/imperative-01.mp3	kashar	Paal	imperative	1	אתה	קְשֹׁר את החבל סביב העץ.
3747	9	147	examples/kashar/imperative-02.mp3	kashar	Paal	imperative	2	את	קִשְׁרִי את השרוך בחוזקה.
3748	9	148	examples/kashar/imperative-03.mp3	kashar	Paal	imperative	3	אתם	קִשְׁרוּ את החבלים חזק כדי שלא יתפרמו.
3749	9	149	examples/kashar/imperative-04.mp3	kashar	Paal	imperative	4	אתן	קְשֹׁרְנָה עכשיו, בבקשה.
3750	9	150	examples/kashar/infinitive-01.mp3	kashar	Paal	infinitive	1		אני צריך לִקְשֹׁר את המתנה בסרט.
3751	9	151	examples/liglot/past-01.mp3	liglot	Paal	past	1	אני	כשסיפרתי לו את האמת, גָּלִיתִי לו את כל הסודות שלי.
3752	9	152	examples/liglot/past-02.mp3	liglot	Paal	past	2	אתה	אַתָּה גָּלִיתָ לִי אֶת הַסּוֹד הַכִּי גָּדוֹל שֶׁלְּךָ.
3753	9	153	examples/liglot/past-03.mp3	liglot	Paal	past	3	את	גָּלִית לִי אֶת הַסּוֹד בְּסוֹף.
3754	9	154	examples/liglot/past-04.mp3	liglot	Paal	past	4	הוא	הַמּוֹרֶה גָּלָה אֶת הַתְּשׁוּבָה לְכָל הַכִּתָּה.
3755	9	155	examples/liglot/past-05.mp3	liglot	Paal	past	5	היא	הִיא גָּלְתָה אֶת הַסּוֹד לְכֻלָּם.
3756	9	156	examples/liglot/past-06.mp3	liglot	Paal	past	6	אנחנו	גָּלִינוּ לוֹ אֶת הַסּוֹד הַגָּדוֹל שֶׁל הַמִּשְׁפָּחָה.
3757	9	157	examples/liglot/past-07.mp3	liglot	Paal	past	7	אתם	אחרי שגליתם את האמת, הכל השתנה.
3758	9	158	examples/liglot/past-08.mp3	liglot	Paal	past	8	אתן	גְּלִיתֶן לִי אֶת הַסּוֹד הַגָּדוֹל שֶׁלָּכֶן.
3759	9	159	examples/liglot/past-09.mp3	liglot	Paal	past	9	הם	הם גָּלוּ את הסוד לפני כולם.
3760	9	160	examples/liglot/past-10.mp3	liglot	Paal	past	10	הן	הִיא גָּלוּ אֶת הַסּוֹד לְכֻלָּם.
3761	9	161	examples/liglot/present-01.mp3	liglot	Paal	present	1	אני/אתה/הוא	הוא גּוֹלֶה את הסוד הכי גדול שלו.
3762	9	162	examples/liglot/present-02.mp3	liglot	Paal	present	2	אני/את/היא	אני גּוֹלָה את הסוד הגדול.
3763	9	163	examples/liglot/present-03.mp3	liglot	Paal	present	3	אנחנו/אתם/הם	הם גּוֹלִים את האמת בפני הציבור.
3764	9	164	examples/liglot/present-04.mp3	liglot	Paal	present	4	אנחנו/אתן/הן	אנחנו גּוֹלוֹת את הסודות הגדולים של המשפחה.
3765	9	165	examples/liglot/future-01.mp3	liglot	Paal	future	1	אני	אֶגְלֶה לָךְ סוֹד גָדוֹל מָחָר.
3766	9	166	examples/liglot/future-02.mp3	liglot	Paal	future	2	אתה	אולי תגלה את הסוד מחר.
3767	9	167	examples/liglot/future-03.mp3	liglot	Paal	future	3	את	בבוקר תִּגְלִי את האמת.
3768	9	168	examples/liglot/future-04.mp3	liglot	Paal	future	4	הוא	בסוף הדברים יִגְלֶה האמת.
3769	9	169	examples/liglot/future-05.mp3	liglot	Paal	future	5	היא	הַיּוֹם תִּגְלֶה אֱמֶת חֲדָשָׁה.
3770	9	170	examples/liglot/future-06.mp3	liglot	Paal	future	6	אנחנו	נִגְלֶה לְךָ אֶת הַסּוֹד מָחָר בַּבּוֹקֶר.
3771	9	171	examples/liglot/future-07.mp3	liglot	Paal	future	7	אתם	אם תִּגְלוּ את הסוד, תהיה לכם אחריות גדולה.
3772	9	172	examples/liglot/future-08.mp3	liglot	Paal	future	8	אתן	תִּגְלֶינָה הַנָּשִׁים אֶת הָאֱמֶת בְּקָרוֹב.
3773	9	173	examples/liglot/future-09.mp3	liglot	Paal	future	9	הם	הם יִגְלוּ את האמת בקרוב.
3774	9	174	examples/liglot/future-10.mp3	liglot	Paal	future	10	הן	כשהאמת תִּגְלֶינָה, הכל ישתנה.
3775	9	175	examples/liglot/imperative-01.mp3	liglot	Paal	imperative	1	אתה	גְּלֵה לִי אֶת הַסּוֹד שֶׁלְּךָ.
3776	9	176	examples/liglot/imperative-02.mp3	liglot	Paal	imperative	2	את	גְּלִי לִי אֶת הָאֱמֶת, בְּבַקָשָׁה.
3777	9	177	examples/liglot/imperative-03.mp3	liglot	Paal	imperative	3	אתם	גְּלוּ את האמת לפני שיהיה מאוחר מדי.
3778	9	178	examples/liglot/imperative-04.mp3	liglot	Paal	imperative	4	אתן	גְּלֶינָה עכשיו, בבקשה.
3779	9	179	examples/liglot/infinitive-01.mp3	liglot	Paal	infinitive	1		אני רוצה לִגְלוֹת את האמת.
3780	9	180	examples/lehazkir/past-01.mp3	lehazkir	Hifil	past	1	אני	הִזְכַּרְתִּי לוֹ לקנות חלב בדרך הביתה.
3781	9	181	examples/lehazkir/past-02.mp3	lehazkir	Hifil	past	2	אתה	כשאתה הִזְכַּרְתָּ אותי בזה, נזכרתי בכל המקרים הטובים.
3782	9	182	examples/lehazkir/past-03.mp3	lehazkir	Hifil	past	3	את	הִזְכַּרְתְּ לי את היום ההוא בחוף הים.
3783	9	183	examples/lehazkir/past-04.mp3	lehazkir	Hifil	past	4	הוא	הַמּוֹרֶה הִזְכִּיר לְתַלְמִידִים לְהָבִיא אֶת הַסִּפְרִים לַשִּׁעוּר.
3784	9	184	examples/lehazkir/past-05.mp3	lehazkir	Hifil	past	5	היא	הִזְכִּירָה לוֹ שֶׁהוּא צָרִיךְ לִקְנוֹת חָלָב בַּדֶּרֶךְ הַבַּיְתָה.
3785	9	185	examples/lehazkir/past-06.mp3	lehazkir	Hifil	past	6	אנחנו	בִּשְׁבִיל הַמִּפְגָּשׁ הַיּוֹם, הִזְכַּרְנוּ לְכָל אֶחָד לְהָבִיא אִתּוֹ מַחְבֶּרֶת וְעֵט.
3786	9	186	examples/lehazkir/past-07.mp3	lehazkir	Hifil	past	7	אתם	הִזְכַּרְתֶּם לי לקנות חלב בדרך הביתה.
3787	9	187	examples/lehazkir/past-08.mp3	lehazkir	Hifil	past	8	אתן	הִזְכַּרְתֶּן אותי בזמן שהייתי עסוקה.
3788	9	188	examples/lehazkir/past-09.mp3	lehazkir	Hifil	past	9	הם	בבקשה הִזְכִּירוּ לי לקנות חלב בדרך הביתה.
3789	9	189	examples/lehazkir/past-10.mp3	lehazkir	Hifil	past	10	הן	הִזְכִּירוּ לִי שֶׁצָּרִיךְ לִקְנוֹת חָלָב מִמְחַלְבָה.
3790	9	190	examples/lehazkir/present-01.mp3	lehazkir	Hifil	present	1	אני/אתה/הוא	הוא מזכיר לי את הפגישה מחר בבוקר.
3791	9	191	examples/lehazkir/present-02.mp3	lehazkir	Hifil	present	2	אני/את/היא	אני מזכירה לך את המפגש בשעה שלוש.
3792	9	192	examples/lehazkir/present-03.mp3	lehazkir	Hifil	present	3	אנחנו/אתם/הם	כל הזמן מזכירים לי שאני צריך לעשות את השיעורים.
3793	9	193	examples/lehazkir/present-04.mp3	lehazkir	Hifil	present	4	אנחנו/אתן/הן	אנחנו מזכירות לכם את הפגישה מחר בבוקר.
3794	9	194	examples/lehazkir/future-01.mp3	lehazkir	Hifil	future	1	אני	אַזְכִּיר לְךָ לִקְנוֹת חָלָב בַּדֶּרֶךְ הַבָּיְתָה.
3795	9	195	examples/lehazkir/future-02.mp3	lehazkir	Hifil	future	2	אתה	תזכיר אותי לקנות חלב בדרך הביתה.
3796	9	196	examples/lehazkir/future-03.mp3	lehazkir	Hifil	future	3	את	תַּזְכִּירִי אותוֹ לְהָבִיא אֶת הַסֵּפֶר מָחָר.
3797	9	197	examples/lehazkir/future-04.mp3	lehazkir	Hifil	future	4	הוא	הוא יַזְכִּיר אותי לקנות מתנות לחג.
3798	9	198	examples/lehazkir/future-05.mp3	lehazkir	Hifil	future	5	היא	היא תזכיר לי לקנות חלב מחר.
3799	9	199	examples/lehazkir/future-06.mp3	lehazkir	Hifil	future	6	אנחנו	נַזְכִּיר לוֹ שֶׁיִּשְׁתֶּה מַים בְּזְמַן הַרִיצָה.
3800	9	200	examples/lehazkir/future-07.mp3	lehazkir	Hifil	future	7	אתם	בבקשה, תזכירו לי לקנות חלב בדרך הביתה.
3801	9	201	examples/lehazkir/future-08.mp3	lehazkir	Hifil	future	8	אתן	הן תַּזְכֵּרְנָה אותי לקנות מתנות לחג.
3802	9	202	examples/lehazkir/future-09.mp3	lehazkir	Hifil	future	9	הם	הם יזכירו אותו בכל הזדמנות.
3803	9	203	examples/lehazkir/future-10.mp3	lehazkir	Hifil	future	10	הן	הן תזכרנה את יום הולדתו של אבא בשנה הבאה.
3804	9	204	examples/lehazkir/imperative-01.mp3	lehazkir	Hifil	imperative	1	אתה	הַזְכֵּר לי לקנות חלב כשאני חוזר הביתה.
3805	9	205	examples/lehazkir/imperative-02.mp3	lehazkir	Hifil	imperative	2	את	הַזְכִּירִי לוֹ שֶׁיֵּשׁ לוֹ פְּגִישָׁה הַיּוֹם בָּבּוֹקֶר.
3806	9	206	examples/lehazkir/imperative-03.mp3	lehazkir	Hifil	imperative	3	אתם	הַזְכִּירוּ לוֹ לִקְנוֹת חָלָב בַּדֶּרֶךְ.
3807	9	207	examples/lehazkir/imperative-04.mp3	lehazkir	Hifil	imperative	4	אתן	הַזְכֵּרְנָה עכשיו, בבקשה.
3808	9	208	examples/lehazkir/infinitive-01.mp3	lehazkir	Hifil	infinitive	1		חשוב לְהַזְכִּיר לילדים את חשיבות הנימוסים.
3809	9	209	examples/lehoshev-hifil/past-01.mp3	lehoshev_hifil	Hifil	past	1	אני	הוֹשַׁבְתִּי אֶת הַיְלָדִים לִשְׁמֹעַ סִפּוּר.
3810	9	210	examples/lehoshev-hifil/past-02.mp3	lehoshev_hifil	Hifil	past	2	אתה	הוֹשַׁבְתָּ אֶת הַיְלָדִים בַּמִּטְבָּח.
3811	9	211	examples/lehoshev-hifil/past-03.mp3	lehoshev_hifil	Hifil	past	3	את	אִמָּא הוֹשַׁבְתְּ אוֹתִי לִיד הַחַלּוֹן כְּדֵי לִרְאוֹת אֶת הַנּוֹף.
3812	9	212	examples/lehoshev-hifil/past-04.mp3	lehoshev_hifil	Hifil	past	4	הוא	הוֹשִׁיב אֶת הַמּוֹרֶה בַּמּוֹשָׁב הַנּוֹחַ בְּרֹאשׁ הַשֻּׁלְחָן.
3813	9	213	examples/lehoshev-hifil/past-05.mp3	lehoshev_hifil	Hifil	past	5	היא	הוֹשִׁיבָה אֶת הַיְלָדִים בַּחֲצָר.
3814	9	214	examples/lehoshev-hifil/past-06.mp3	lehoshev_hifil	Hifil	past	6	אנחנו	הוֹשַׁבְנוּ את הַיְלָדִים בַּכִּסְאוֹת הַחֲדָשִׁים.
3815	9	215	examples/lehoshev-hifil/past-07.mp3	lehoshev_hifil	Hifil	past	7	אתם	הוֹשַׁבְתֶּם אֶת הַמִּשְׁפָּחָה בַּסָּלוֹן.
3816	9	216	examples/lehoshev-hifil/past-08.mp3	lehoshev_hifil	Hifil	past	8	אתן	הוֹשַׁבְתֶּן אֶת הַיְלָדִים עַל הַסְפָסַל.
3817	9	217	examples/lehoshev-hifil/past-09.mp3	lehoshev_hifil	Hifil	past	9	הם	הוֹשִׁיבוּ אוֹתִי בַּמּוֹשָׁב הַזֶּה.
3818	9	218	examples/lehoshev-hifil/past-10.mp3	lehoshev_hifil	Hifil	past	10	הן	הוֹשִׁיבוּ אֶת כָּל הַמּוֹשָׁבִים בַּחֲצָרוֹת הַבַּיִת.
3819	9	219	examples/lehoshev-hifil/present-01.mp3	lehoshev_hifil	Hifil	present	1	אני/אתה/הוא	הוא מֵשִׁיב את האורחים בסבלנות.
3820	9	220	examples/lehoshev-hifil/present-02.mp3	lehoshev_hifil	Hifil	present	2	אני/את/היא	הילדה מֵשִׁיבָה את האורחים בסלון.
3821	9	221	examples/lehoshev-hifil/present-03.mp3	lehoshev_hifil	Hifil	present	3	אנחנו/אתם/הם	הם מֵשִׁיבִים את הילדים בכיתה בכל בוקר.
3822	9	222	examples/lehoshev-hifil/present-04.mp3	lehoshev_hifil	Hifil	present	4	אנחנו/אתן/הן	אנחנו מֵשִׁיבוֹת את הילדים בכיתה.
3823	9	223	examples/lehoshev-hifil/future-01.mp3	lehoshev_hifil	Hifil	future	1	אני	אוֹשִׁיב אוֹתְךָ בַּמָּקוֹם הַכִּי נוֹחַ בַּחֶדֶר.
3824	9	224	examples/lehoshev-hifil/future-02.mp3	lehoshev_hifil	Hifil	future	2	אתה	כשהוא יבוא, אתה תושיב אותו ליד השולחן.
3825	9	225	examples/lehoshev-hifil/future-03.mp3	lehoshev_hifil	Hifil	future	3	את	בבקשה, תּוֹשִׁיבִי את הילדים ליד השולחן לארוחת הערב.
3826	9	226	examples/lehoshev-hifil/future-04.mp3	lehoshev_hifil	Hifil	future	4	הוא	הַמֶּלֶךְ יוֹשִׁיב אוֹתוֹ לְיָמִינוֹ בַּמִּשְׁתֶּה.
3827	9	227	examples/lehoshev-hifil/future-05.mp3	lehoshev_hifil	Hifil	future	5	היא	היא תּוֹשִׁיב את הילדים בשורה הראשונה.
3828	9	228	examples/lehoshev-hifil/future-06.mp3	lehoshev_hifil	Hifil	future	6	אנחנו	אנחנו נוֹשִׁיב את הילדים בשורה הראשונה.
3829	9	229	examples/lehoshev-hifil/future-07.mp3	lehoshev_hifil	Hifil	future	7	אתם	אם תּוֹשִׁיבוּ את כל האורחים בשולחן הגדול, יהיה מקום לכולם.
3830	9	230	examples/lehoshev-hifil/future-08.mp3	lehoshev_hifil	Hifil	future	8	אתן	בשנה הבאה תושבנה בבית החדש שלנו.
3831	9	231	examples/lehoshev-hifil/future-09.mp3	lehoshev_hifil	Hifil	future	9	הם	בסוף ההופעה, יושיבו את הזמרים בחזית הבמה.
3832	9	232	examples/lehoshev-hifil/future-10.mp3	lehoshev_hifil	Hifil	future	10	הן	בקרוב תושבנה הנשים במקומות הראשונים בכנסת.
3833	9	233	examples/lehoshev-hifil/imperative-01.mp3	lehoshev_hifil	Hifil	imperative	1	אתה	הוֹשֵׁב את האורחים בחדר האוכל.
3834	9	234	examples/lehoshev-hifil/imperative-02.mp3	lehoshev_hifil	Hifil	imperative	2	את	הוֹשִׁיבִי אוֹתוֹ בַּמָּקוֹם הַזֶּה.
3835	9	235	examples/lehoshev-hifil/imperative-03.mp3	lehoshev_hifil	Hifil	imperative	3	אתם	הוֹשִׁיבוּ אֶת הַיְלָדִים עַל הַכִּסְאוֹת.
3836	9	236	examples/lehoshev-hifil/imperative-04.mp3	lehoshev_hifil	Hifil	imperative	4	אתן	הוֹשֵׁבְנָה עכשיו, בבקשה.
3837	9	237	examples/lehoshev-hifil/infinitive-01.mp3	lehoshev_hifil	Hifil	infinitive	1		הוא רוצה לְהוֹשִׁיב אותך ליד החלון.
3838	9	238	examples/leha-amid/past-01.mp3	leha'amid	Hifil	past	1	אני	הֶעֱמַדְתִּי את הציור בחדר הילדים.
3839	9	239	examples/leha-amid/past-02.mp3	leha'amid	Hifil	past	2	אתה	הֶעֱמַדְתָּ את הכסא ליד השולחן.
3840	9	240	examples/leha-amid/past-03.mp3	leha'amid	Hifil	past	3	את	הֶעֱמַדְתְּ את הילדים בשורה ישרה.
3841	9	241	examples/leha-amid/past-04.mp3	leha'amid	Hifil	past	4	הוא	הֶעֱמִיד את הכסא מול השולחן.
3842	9	242	examples/leha-amid/past-05.mp3	leha'amid	Hifil	past	5	היא	היא הֶעֱמִידָה את הילדים בשורה.
3843	9	243	examples/leha-amid/past-06.mp3	leha'amid	Hifil	past	6	אנחנו	הֶעֱמַדְנוּ את הילדים בשורה כדי לצלם אותם.
3844	9	244	examples/leha-amid/past-07.mp3	leha'amid	Hifil	past	7	אתם	הֶעֱמַדְתֶּם את הילדים בשורה ישרה לפני הצילום.
3845	9	245	examples/leha-amid/past-08.mp3	leha'amid	Hifil	past	8	אתן	הֶעֱמַדְתֶּן את הכיסאות בחדר כדי ליצור מקום לריקודים.
3846	9	246	examples/leha-amid/past-09.mp3	leha'amid	Hifil	past	9	הם	הֶעֱמִידוּ את הפסל במרכז הכיכר.
3847	9	247	examples/leha-amid/past-10.mp3	leha'amid	Hifil	past	10	הן	הֶעֱמִידוּ את הפסל בכיכר המרכזית.
3848	9	248	examples/leha-amid/present-01.mp3	leha'amid	Hifil	present	1	אני/אתה/הוא	המורה מעמיד את הילדים בשורה.
3849	9	249	examples/leha-amid/present-02.mp3	leha'amid	Hifil	present	2	אני/את/היא	היא מַעֲמִידָה את הילדים בשורה לפני ההצגה.
3850	9	250	examples/leha-amid/present-03.mp3	leha'amid	Hifil	present	3	אנחנו/אתם/הם	אנחנו מעמידים את המכונית בחניה.
3851	9	251	examples/leha-amid/present-04.mp3	leha'amid	Hifil	present	4	אנחנו/אתן/הן	אנחנו מעמידות את השולחנות באולם לקראת האירוע.
3852	9	252	examples/leha-amid/future-01.mp3	leha'amid	Hifil	future	1	אני	אַעֲמִיד את הכסא מול הטלוויזיה.
3853	9	253	examples/leha-amid/future-02.mp3	leha'amid	Hifil	future	2	אתה	תַּעֲמִיד את המדפים בחדר השינה.
3854	9	254	examples/leha-amid/future-03.mp3	leha'amid	Hifil	future	3	את	תַּעֲמִידִי את הצלחת על השולחן, בבקשה.
3855	9	255	examples/leha-amid/future-04.mp3	leha'amid	Hifil	future	4	הוא	הוא יַעֲמִיד את המכונית בחניה מחר בבוקר.
3856	9	256	examples/leha-amid/future-05.mp3	leha'amid	Hifil	future	5	היא	היא תעמיד את התמונה על המדף.
3857	9	257	examples/leha-amid/future-06.mp3	leha'amid	Hifil	future	6	אנחנו	נַעֲמִיד את הפסל בכיכר המרכזית.
3858	9	258	examples/leha-amid/future-07.mp3	leha'amid	Hifil	future	7	אתם	תַּעֲמִידוּ את הכיסאות בסדר מעגלי.
3859	9	259	examples/leha-amid/future-08.mp3	leha'amid	Hifil	future	8	אתן	בבקשה, תַּעֲמֵדְנָה את הכסאות בשורות ישרות.
3860	9	260	examples/leha-amid/future-09.mp3	leha'amid	Hifil	future	9	הם	הם יעמידו את הפסל בכיכר המרכזית.
3861	9	261	examples/leha-amid/future-10.mp3	leha'amid	Hifil	future	10	הן	כשתגיעו לשם, תעמדנה הבנות בשורה.
3862	9	262	examples/leha-amid/imperative-01.mp3	leha'amid	Hifil	imperative	1	אתה	הַעֲמֵד את הכסא בפינה.
3863	9	263	examples/leha-amid/imperative-02.mp3	leha'amid	Hifil	imperative	2	את	הַעֲמִידִי את הצמחים בחלון הפונה לדרום.
3864	9	264	examples/leha-amid/imperative-03.mp3	leha'amid	Hifil	imperative	3	אתם	הַעֲמִידוּ את הכסאות סביב השולחן.
3865	9	265	examples/leha-amid/imperative-04.mp3	leha'amid	Hifil	imperative	4	אתן	הַעֲמֵדְנָה עכשיו, בבקשה.
3866	9	266	examples/leha-amid/infinitive-01.mp3	leha'amid	Hifil	infinitive	1		יש צורך לְהַעֲמִיד את המדפים בחדר.
3867	9	267	examples/lepateach/past-01.mp3	lepateach	Piel	past	1	אני	פִּתַּחְתִּי מערכת חדשה לניהול משימות בעבודה.
3868	9	268	examples/lepateach/past-02.mp3	lepateach	Piel	past	2	אתה	פִּתַּחְתָּ תוכנה חדשנית שמשנה את חוקי המשחק.
3869	9	269	examples/lepateach/past-03.mp3	lepateach	Piel	past	3	את	את פִּתַּחְתְּ תוכנה חדשה שמשנה את חיינו.
3870	9	270	examples/lepateach/past-04.mp3	lepateach	Piel	past	4	הוא	הוא פִּתֵּחַ מערכת חדשה לניהול פרויקטים.
3871	9	271	examples/lepateach/past-05.mp3	lepateach	Piel	past	5	היא	הַמַּעֲרָכָה פִּתְּחָה דֶּרֶךְ חֲדָשָׁה לִשְׁווֹק הַמּוֹצָרִים.
3872	9	272	examples/lepateach/past-06.mp3	lepateach	Piel	past	6	אנחנו	פִּתַּחְנוּ מערכת חדשנית לניהול פרויקטים.
3873	9	273	examples/lepateach/past-07.mp3	lepateach	Piel	past	7	אתם	פִּתַּחְתֶּם מוצר חדשני ומעניין.
3874	9	274	examples/lepateach/past-08.mp3	lepateach	Piel	past	8	אתן	אתן פִּתַּחְתֶּן את הפרויקט בצורה מרשימה מאוד.
3875	9	275	examples/lepateach/past-09.mp3	lepateach	Piel	past	9	הם	הם פִּתְּחוּ מערכת חדשה לניהול פרויקטים.
3876	9	276	examples/lepateach/past-10.mp3	lepateach	Piel	past	10	הן	הן פִּתְּחוּ תוכנה חדשה שמשפרת את הביצועים של המחשב.
3877	9	277	examples/lepateach/present-01.mp3	lepateach	Piel	present	1	אני/אתה/הוא	הוא מפתח תוכנה חדשה לעסקים קטנים.
3878	9	278	examples/lepateach/present-02.mp3	lepateach	Piel	present	2	אני/את/היא	היא מפתחת תוכנה חדשה בחברה.
3879	9	279	examples/lepateach/present-03.mp3	lepateach	Piel	present	3	אנחנו/אתם/הם	הם מפתחים תוכנה חדשה לניהול פרויקטים.
3880	9	280	examples/lepateach/present-04.mp3	lepateach	Piel	present	4	אנחנו/אתן/הן	אנחנו מפתחות את הטכנולוגיה החדשה הזו.
3881	9	281	examples/lepateach/future-01.mp3	lepateach	Piel	future	1	אני	אֲפַתֵּחַ תוכנה חדשה בשביל הפרויקט שלנו.
3882	9	282	examples/lepateach/future-02.mp3	lepateach	Piel	future	2	אתה	אתה תפתח את הפרויקט החדש בשנה הבאה.
3883	9	283	examples/lepateach/future-03.mp3	lepateach	Piel	future	3	את	אם תפתחי את היכולות שלך, תוכלי להצליח בכל דבר.
3884	9	284	examples/lepateach/future-04.mp3	lepateach	Piel	future	4	הוא	הוא יְפַתֵּחַ את הפרויקט במהלך השנה הבאה.
3885	9	285	examples/lepateach/future-05.mp3	lepateach	Piel	future	5	היא	היא תְּפַתֵּחַ את הפרויקט בשנה הבאה.
3886	9	286	examples/lepateach/future-06.mp3	lepateach	Piel	future	6	אנחנו	נְפַתֵּחַ תוכנה חדשה לניהול פרויקטים.
3887	9	287	examples/lepateach/future-07.mp3	lepateach	Piel	future	7	אתם	אנא תְּפַתְּחוּ את הפרויקט הזה במהירות.
3888	9	288	examples/lepateach/future-08.mp3	lepateach	Piel	future	8	אתן	הן תְּפַתֵּחְנָה את היכולות שלהן בתחום הטכנולוגיה.
3889	9	289	examples/lepateach/future-09.mp3	lepateach	Piel	future	9	הם	הם יְפַתְּחוּ תוכנה חדשה בשנה הבאה.
3890	9	290	examples/lepateach/future-10.mp3	lepateach	Piel	future	10	הן	הן תְּפַתֵּחְנָה מיומנויות חדשות במהלך הלימודים.
3891	9	291	examples/lepateach/imperative-01.mp3	lepateach	Piel	imperative	1	אתה	פַּתֵּחַ את היישום הזה במהירות
3892	9	292	examples/lepateach/imperative-02.mp3	lepateach	Piel	imperative	2	את	פַּתְּחִי את היוזמה החדשה שלך במהירות.
3893	9	293	examples/lepateach/imperative-03.mp3	lepateach	Piel	imperative	3	אתם	פַּתְּחוּ את היכולות שלכם בשפה העברית.
3894	9	294	examples/lepateach/imperative-04.mp3	lepateach	Piel	imperative	4	אתן	פַּתֵּחְנָה עכשיו, בבקשה.
3895	9	295	examples/lepateach/infinitive-01.mp3	lepateach	Piel	infinitive	1		הם רוצים לפתח מערכת חדשה לניהול הזמן.
3896	9	296	examples/leha-alot/past-01.mp3	leha'alot	Hifil	past	1	אני	הֶעֱלֵיתִי את הדגל למעלה על ההר.
3897	9	297	examples/leha-alot/past-02.mp3	leha'alot	Hifil	past	2	אתה	הֶעֱלֵיתָ את הנושא בפגישה אתמול.
3898	9	298	examples/leha-alot/past-03.mp3	leha'alot	Hifil	past	3	את	הֶעֱלֵיתְ את המחיר בלי להתריע.
3899	9	299	examples/leha-alot/past-04.mp3	leha'alot	Hifil	past	4	הוא	הֶעֱלָה את הדגל על התורן.
3900	9	300	examples/leha-alot/past-05.mp3	leha'alot	Hifil	past	5	היא	הַהַצָּגָה הֶעֱלָתָה שְׁאֵלוֹת רַבּוֹת בְּעִנְיַן הַצִּדְקוּת.
3901	9	301	examples/leha-alot/past-06.mp3	leha'alot	Hifil	past	6	אנחנו	הֶעֱלֵינוּ אֶת הַדֶּגֶל לְמַעְלָה.
3902	9	302	examples/leha-alot/past-07.mp3	leha'alot	Hifil	past	7	אתם	הֶעֱלֵיתֶם את המחירים בלי להודיע לנו.
3903	9	303	examples/leha-alot/past-08.mp3	leha'alot	Hifil	past	8	אתן	הֶעֱלֵיתֶן את המחירים בחנות בלי להודיע לנו?
3904	9	304	examples/leha-alot/past-09.mp3	leha'alot	Hifil	past	9	הם	הם הֶעֱלוּ את המחירים בחנות.
3905	9	305	examples/leha-alot/past-10.mp3	leha'alot	Hifil	past	10	הן	הֶעֱלוּ את הדגל לראש ההר.
3906	9	306	examples/leha-alot/present-01.mp3	leha'alot	Hifil	present	1	אני/אתה/הוא	הוא מַעֲלֶה את הדגל בכל בוקר.
3907	9	307	examples/leha-alot/present-02.mp3	leha'alot	Hifil	present	2	אני/את/היא	אני מַעֲלָה את הכדור בשמיים.
3908	9	308	examples/leha-alot/present-03.mp3	leha'alot	Hifil	present	3	אנחנו/אתם/הם	כשהם מעלים את הדגל, כל המדינה חוגגת.
3909	9	309	examples/leha-alot/present-04.mp3	leha'alot	Hifil	present	4	אנחנו/אתן/הן	אנחנו מעלות את הדגל בכל בוקר.
3910	9	310	examples/leha-alot/future-01.mp3	leha'alot	Hifil	future	1	אני	אַעֲלֶה את הדגל בבוקר.
3911	9	311	examples/leha-alot/future-02.mp3	leha'alot	Hifil	future	2	אתה	תַּעֲלֶה את הדגל בבוקר מחר.
3912	9	312	examples/leha-alot/future-03.mp3	leha'alot	Hifil	future	3	את	תַּעֲלִי את הילדים לישון בזמן.
3913	9	313	examples/leha-alot/future-04.mp3	leha'alot	Hifil	future	4	הוא	אם תעזור לו, יעלה את המשקל בקלות.
3914	9	314	examples/leha-alot/future-05.mp3	leha'alot	Hifil	future	5	היא	היא תַּעֲלֶה את הדגל בטקס הפתיחה.
3915	9	315	examples/leha-alot/future-06.mp3	leha'alot	Hifil	future	6	אנחנו	נַעֲלֶה את המודעות לנושא החשוב הזה.
3916	9	316	examples/leha-alot/future-07.mp3	leha'alot	Hifil	future	7	אתם	בואו נלך לגג, תַּעֲלוּ בזהירות במדרגות.
3917	9	317	examples/leha-alot/future-08.mp3	leha'alot	Hifil	future	8	אתן	בְּשָׁנָה הַבָּאָה תַּעֲלֶינָה אֶת הַכֹּסוֹת לְכָבוֹד הַחֲגִים.
3918	9	318	examples/leha-alot/future-09.mp3	leha'alot	Hifil	future	9	הם	הם יַעֲלוּ את המחירים מחר.
3919	9	319	examples/leha-alot/future-10.mp3	leha'alot	Hifil	future	10	הן	הַדֶּגֶל תַּעֲלֶינָה בַּבֹּקֶר
3920	9	320	examples/leha-alot/imperative-01.mp3	leha'alot	Hifil	imperative	1	אתה	הַעֲלֵה את הכוס על השולחן.
3921	9	321	examples/leha-alot/imperative-02.mp3	leha'alot	Hifil	imperative	2	את	הַעֲלִי את הדגל בבוקר.
3922	9	322	examples/leha-alot/imperative-03.mp3	leha'alot	Hifil	imperative	3	אתם	הַעֲלוּ את הדגל למעלה!
3923	9	323	examples/leha-alot/imperative-04.mp3	leha'alot	Hifil	imperative	4	אתן	הַעֲלֶינָה עכשיו, בבקשה.
3924	9	324	examples/leha-alot/infinitive-01.mp3	leha'alot	Hifil	infinitive	1		אנחנו צריכים לְהַעֲלוֹת את הנושא הזה בפגישה הבאה.
3925	9	325	examples/lehafil/past-01.mp3	lehafil	Hifil	past	1	אני	הִפַּלְתִּי את הכוס על הרצפה.
3926	9	326	examples/lehafil/past-02.mp3	lehafil	Hifil	past	2	אתה	הִפַּלְתָּ את הכוס על הרצפה.
3927	9	327	examples/lehafil/past-03.mp3	lehafil	Hifil	past	3	את	כְּשֶׁהִפַּלְתְּ אֶת הַכּוֹס, הִתְנַפֵּץ הַזְּכוּכִית.
3928	9	328	examples/lehafil/past-04.mp3	lehafil	Hifil	past	4	הוא	הִפִּיל את הַכּוֹס וְהִיא נִשְׁבְּרָה.
3929	9	329	examples/lehafil/past-05.mp3	lehafil	Hifil	past	5	היא	הִפִּילָה את הכוס על הרצפה ושברה אותה.
3930	9	330	examples/lehafil/past-06.mp3	lehafil	Hifil	past	6	אנחנו	הִפַּלְנוּ את הכוס בטעות כשהתכופפנו לקחת את הכדור.
3931	9	331	examples/lehafil/past-07.mp3	lehafil	Hifil	past	7	אתם	אתם הִפַּלְתֶּם את הכדור במהלך המשחק.
3932	9	332	examples/lehafil/past-08.mp3	lehafil	Hifil	past	8	אתן	אתן הִפַּלְתֶּן את הכדורים במהלך המשחק.
3933	9	333	examples/lehafil/past-09.mp3	lehafil	Hifil	past	9	הם	הילדים הִפִּילוּ את הכדור בטעות.
3934	9	334	examples/lehafil/past-10.mp3	lehafil	Hifil	past	10	הן	הִפִּילוּ את הכוסות בטעות.
3935	9	335	examples/lehafil/present-01.mp3	lehafil	Hifil	present	1	אני/אתה/הוא	הילד מַפִּיל את הכדור בטעות.
3936	9	336	examples/lehafil/present-02.mp3	lehafil	Hifil	present	2	אני/את/היא	הילדה מַפִּילָה את הכדור בטעות.
3937	9	337	examples/lehafil/present-03.mp3	lehafil	Hifil	present	3	אנחנו/אתם/הם	הם מַפִּילִים את הפירות מהעץ.
3938	9	338	examples/lehafil/present-04.mp3	lehafil	Hifil	present	4	אנחנו/אתן/הן	אנחנו מפילות את הכדורים בטעות.
3939	9	339	examples/lehafil/future-01.mp3	lehafil	Hifil	future	1	אני	אַפִּיל אֶת הַכּוֹס אִם לֹא תִתְפּוֹס אוֹתָהּ בִּזְמַן.
3940	9	340	examples/lehafil/future-02.mp3	lehafil	Hifil	future	2	אתה	תַּפִּיל את הכוס אם לא תיזהר.
3941	9	341	examples/lehafil/future-03.mp3	lehafil	Hifil	future	3	את	תַּפִּילִי את הכוס בטעות
3942	9	342	examples/lehafil/future-04.mp3	lehafil	Hifil	future	4	הוא	בסערה הבאה, העלים יַפִּילו מן העצים.
3943	9	343	examples/lehafil/future-05.mp3	lehafil	Hifil	future	5	היא	היא תַּפִּיל את המפתחות כדי לבדוק אם אני מקשיב.
3944	9	344	examples/lehafil/future-06.mp3	lehafil	Hifil	future	6	אנחנו	אנחנו נפיל את הכדור כדי לראות מי יתפוס אותו.
3945	9	345	examples/lehafil/future-07.mp3	lehafil	Hifil	future	7	אתם	בבקשה, תַּפִּילוּ את הכדור לתוך הסל.
3946	9	346	examples/lehafil/future-08.mp3	lehafil	Hifil	future	8	אתן	בבוקר תפלנה הילדות את הכדורים בחצר.
3947	9	347	examples/lehafil/future-09.mp3	lehafil	Hifil	future	9	הם	הילדים יפילו את הכדורים במהלך המשחק.
3948	9	348	examples/lehafil/future-10.mp3	lehafil	Hifil	future	10	הן	תַּפֵּלְנָה הִיא וְחָבֶרְתָּהּ אֶת הַמַּטְעֲנִים בְּקַרְקָעִין.
3949	9	349	examples/lehafil/imperative-01.mp3	lehafil	Hifil	imperative	1	אתה	הַפֵּל את הכדור ותפוס אותו שוב.
3950	9	350	examples/lehafil/imperative-02.mp3	lehafil	Hifil	imperative	2	את	הַפִּילִי את הכוס על הרצפה בבקשה.
3951	9	351	examples/lehafil/imperative-03.mp3	lehafil	Hifil	imperative	3	אתם	הַפִּילוּ את הכדורים מהידיים.
3952	9	352	examples/lehafil/imperative-04.mp3	lehafil	Hifil	imperative	4	אתן	הַפֵּלְנָה עכשיו, בבקשה.
3953	9	353	examples/lehafil/infinitive-01.mp3	lehafil	Hifil	infinitive	1		הילדים התחילו לְהַפִּיל את הכדורים מהגג.
3954	9	354	examples/lerakez/past-01.mp3	lerakez	Piel	past	1	אני	רִכַּזְתִּי אֶת כָּל הַמִּידַע בְּמִסְמָךְ אֶחָד.
3955	9	355	examples/lerakez/past-02.mp3	lerakez	Piel	past	2	אתה	רִכַּזְתָּ אֶת כָּל הַמִּסְמָכִים בְּתִיקִיָה אַחַת.
3956	9	356	examples/lerakez/past-03.mp3	lerakez	Piel	past	3	את	רִכַּזְתְּ אֶת כָּל הַמִּדְעוֹת בְּסוֹף הַדּוֹחַ.
3957	9	357	examples/lerakez/past-04.mp3	lerakez	Piel	past	4	הוא	המורה רִכֵּז את כל התלמידים בכיתה לפני היציאה לטיול.
3958	9	358	examples/lerakez/past-05.mp3	lerakez	Piel	past	5	היא	הנהלת החברה רִכְּזָה את כל הפעילויות בבניין אחד.
3959	9	359	examples/lerakez/past-06.mp3	lerakez	Piel	past	6	אנחנו	רִכַּזְנוּ אֶת כָּל הַמִּידָע בְּמָקוֹם אֶחָד.
3960	9	360	examples/lerakez/past-07.mp3	lerakez	Piel	past	7	אתם	במהלך הפרויקט, רִכַּזְתֶּם את כל המידע בצורה מסודרת.
3961	9	361	examples/lerakez/past-08.mp3	lerakez	Piel	past	8	אתן	רִכַּזְתֶּן אֶת כָּל הַמִּידָע בְּמָקוֹם אֶחָד.
3962	9	362	examples/lerakez/past-09.mp3	lerakez	Piel	past	9	הם	הם רִכְּזוּ את כל המידע בדוח אחד.
3963	9	363	examples/lerakez/past-10.mp3	lerakez	Piel	past	10	הן	הן רִכְּזוּ את כל המידע בדוח אחד.
3964	9	364	examples/lerakez/present-01.mp3	lerakez	Piel	present	1	אני/אתה/הוא	הוא מְרַכֵּז את כל המידע בדוח אחד.
3965	9	365	examples/lerakez/present-02.mp3	lerakez	Piel	present	2	אני/את/היא	היא מְרַכֶּזֶת את כל המידע בתיקייה אחת.
3966	9	366	examples/lerakez/present-03.mp3	lerakez	Piel	present	3	אנחנו/אתם/הם	הם מְרַכְּזִים את כל המידע בשרת מרכזי.
3967	9	367	examples/lerakez/present-04.mp3	lerakez	Piel	present	4	אנחנו/אתן/הן	אנחנו מרכזות את כל המידע באתר אחד כדי להקל על הגישה.
3968	9	368	examples/lerakez/future-01.mp3	lerakez	Piel	future	1	אני	אֲרַכֵּז את כל המידע בספר אחד.
3969	9	369	examples/lerakez/future-02.mp3	lerakez	Piel	future	2	אתה	תְּרַכֵּז את כל המידע בדוח אחד.
3970	9	370	examples/lerakez/future-03.mp3	lerakez	Piel	future	3	את	כשתרכזי את כל המידע בטבלה אחת, זה יהיה קל יותר לעקוב אחריו.
3971	9	371	examples/lerakez/future-04.mp3	lerakez	Piel	future	4	הוא	הוא יְרַכֵּז את כל המידע באתר אחד.
3972	9	372	examples/lerakez/future-05.mp3	lerakez	Piel	future	5	היא	היא תְּרַכֵּז את כל המידע בדוח אחד.
3973	9	373	examples/lerakez/future-06.mp3	lerakez	Piel	future	6	אנחנו	נְרַכֵּז את כל הפעילויות במרכז הכנסים.
3974	9	374	examples/lerakez/future-07.mp3	lerakez	Piel	future	7	אתם	בבקשה, תְּרַכְּזוּ את כל המסמכים במשרד עד מחר.
3975	9	375	examples/lerakez/future-08.mp3	lerakez	Piel	future	8	אתן	הַמּוֹרוֹת תְּרַכֵּזְנָה אֶת הַתַּלְמִידִים בַּחֲצַר הַבֵּית-סֵפֶר.
3976	9	376	examples/lerakez/future-09.mp3	lerakez	Piel	future	9	הם	בּוֹקֵר מָחָר, הַמַּנְהִיגִים יְרַכְּזוּ אֶת הַמַּאֲמָצִים בְּמַתַּן פְּתָרוֹן לַבַּעֲיָה.
3977	9	377	examples/lerakez/future-10.mp3	lerakez	Piel	future	10	הן	הן תְּרַכֵּזְנָה את כל המידע באתר אחד.
3978	9	378	examples/lerakez/imperative-01.mp3	lerakez	Piel	imperative	1	אתה	רַכֵּז את כל המידע בדף אחד.
3979	9	379	examples/lerakez/imperative-02.mp3	lerakez	Piel	imperative	2	את	רַכְּזִי את כל המסמכים בתיק אחד.
3980	9	380	examples/lerakez/imperative-03.mp3	lerakez	Piel	imperative	3	אתם	בבקשה, רַכְּזוּ את כל המידע בדוח אחד.
3981	9	381	examples/lerakez/imperative-04.mp3	lerakez	Piel	imperative	4	אתן	רַכֵּזְנָה עכשיו, בבקשה.
3982	9	382	examples/lerakez/infinitive-01.mp3	lerakez	Piel	infinitive	1		צריך לרכז את כל המאמצים כדי לשפר את התקשורת בצוות.
3983	9	383	examples/lehatrim/past-01.mp3	lehatrim	Hifil	past	1	אני	הִתְרַמְתִּי בְּגָדִים לְאֲנָשִׁים נִזְקָקִים.
3984	9	384	examples/lehatrim/past-02.mp3	lehatrim	Hifil	past	2	אתה	הִתְרַמְתָּ כסף לקרן הצדקה האחרונה שעזרה למשפחות נזקקות.
3985	9	385	examples/lehatrim/past-03.mp3	lehatrim	Hifil	past	3	את	הִתְרַמְתְּ לַמּוֹסָד הַצְּדָקָה בְּשָׁנָה שָׁעָבְרָה.
3986	9	386	examples/lehatrim/past-04.mp3	lehatrim	Hifil	past	4	הוא	הוא הִתְרִים את כל הכסף שהיה לו לצדקה.
3987	9	387	examples/lehatrim/past-05.mp3	lehatrim	Hifil	past	5	היא	הִתְרִימָה כסף לקרן הצדקה של בית הספר.
3988	9	388	examples/lehatrim/past-06.mp3	lehatrim	Hifil	past	6	אנחנו	הִתְרַמְנוּ לְמַעַן הַיְלָדִים בְּבֵית הַחוֹלִים.
3989	9	389	examples/lehatrim/past-07.mp3	lehatrim	Hifil	past	7	אתם	האם התרמתם כסף למטרת הצדקה בחודש שעבר?
3990	9	390	examples/lehatrim/past-08.mp3	lehatrim	Hifil	past	8	אתן	הִתְרַמְתֶּן כְּסָפִים לְמַעַן הַיְלָדִים בְּבֵית הַיְתוֹמִים.
3991	9	391	examples/lehatrim/past-09.mp3	lehatrim	Hifil	past	9	הם	הִתְרִימוּ כסף לקרן הנזקקים.
3992	9	392	examples/lehatrim/past-10.mp3	lehatrim	Hifil	past	10	הן	כשהמשבר הגיע, הִתְרִימוּ התושבים בשכונה כספים רבים לצדקה.
3993	9	393	examples/lehatrim/present-01.mp3	lehatrim	Hifil	present	1	אני/אתה/הוא	הם מתרים ציוד רפואי לבתי חולים ברחבי העולם.
3994	9	394	examples/lehatrim/present-02.mp3	lehatrim	Hifil	present	2	אני/את/היא	היא תמיד מתרימה לצדקה בחגים.
3995	9	395	examples/lehatrim/present-03.mp3	lehatrim	Hifil	present	3	אנחנו/אתם/הם	הם מַתְרִימִים כסף לצדקה מדי חודש.
3996	9	396	examples/lehatrim/present-04.mp3	lehatrim	Hifil	present	4	אנחנו/אתן/הן	אנחנו מתרימות בגאווה לקרן הילדים החולים.
3997	9	397	examples/lehatrim/future-01.mp3	lehatrim	Hifil	future	1	אני	אַתְרִים בְּגָדִים לִנְזָקֵקִים בְּחוֹרֶף.
3998	9	398	examples/lehatrim/future-02.mp3	lehatrim	Hifil	future	2	אתה	כשתבוא למסיבה, תתרים בבקשה לקופה של הילדים.
3999	9	399	examples/lehatrim/future-03.mp3	lehatrim	Hifil	future	3	את	תַּתְרִימִי בַּבַּקָּשָׁה לְמַעַן הַיְּלָדִים בְּבֵית הַחוֹלִים.
4000	9	400	examples/lehatrim/future-04.mp3	lehatrim	Hifil	future	4	הוא	הוא יַתְרִים כסף לצדקה מדי חודש.
4001	9	401	examples/lehatrim/future-05.mp3	lehatrim	Hifil	future	5	היא	אם תתרים בגדים לנזקקים, תעשה מצווה גדולה.
4002	9	402	examples/lehatrim/future-06.mp3	lehatrim	Hifil	future	6	אנחנו	אנחנו נתרים כל חודש לצדקה.
4003	9	403	examples/lehatrim/future-07.mp3	lehatrim	Hifil	future	7	אתם	אם כולכם תתרימו לקמפיין, נוכל לעשות שינוי משמעותי.
4004	9	404	examples/lehatrim/future-08.mp3	lehatrim	Hifil	future	8	אתן	בַּשָּׁנָה הַבָּאָה, אֲנִי מַקְוֶה שֶׁתַּתְרֵמְנָה לְאֲרוּגוֹת הַצֶדֶק.
4005	9	405	examples/lehatrim/future-09.mp3	lehatrim	Hifil	future	9	הם	בשנה הבאה יַתְרִימוּ יותר אנשים לקרן הצדקה.
4006	9	406	examples/lehatrim/future-10.mp3	lehatrim	Hifil	future	10	הן	כָּל הַנָּשִׁים תַּתְרֵמְנָה בְּגָדִים לְמִשְׁפָּחוֹת נִזְקָקוֹת.
4007	9	407	examples/lehatrim/imperative-01.mp3	lehatrim	Hifil	imperative	1	אתה	הַתְרֵם כסף לעמותה למען ילדים חולים.
4008	9	408	examples/lehatrim/imperative-02.mp3	lehatrim	Hifil	imperative	2	את	הַתְרִימִי לְאֶרְגּוֹן הַצְּדָקָה הַזֶּה, הֵם זְקוּקִים לְעֶזְרָתֵךְ.
4009	9	409	examples/lehatrim/imperative-03.mp3	lehatrim	Hifil	imperative	3	אתם	הַתְרִימוּ לְמַעַן יְלָדִים בְּסִכּוּן.
4010	9	410	examples/lehatrim/imperative-04.mp3	lehatrim	Hifil	imperative	4	אתן	הַתְרֵמְנָה עכשיו, בבקשה.
4011	9	411	examples/lehatrim/infinitive-01.mp3	lehatrim	Hifil	infinitive	1		כדאי לְהַתְרִים בגדים ישנים למשפחות נזקקות.
4012	9	412	examples/lispor/past-01.mp3	lispor	Paal	past	1	אני	סָפַרְתִּי אֶת כָּל הַכּוֹכָבִים בַּשָּׁמַיִם.
4013	9	413	examples/lispor/past-02.mp3	lispor	Paal	past	2	אתה	כמה כוכבים סָפַרְתָּ בשמיים?
4014	9	414	examples/lispor/past-03.mp3	lispor	Paal	past	3	את	את סָפַרְתְּ את כל הכוכבים בשמיים?
4015	9	415	examples/lispor/past-04.mp3	lispor	Paal	past	4	הוא	הִוא סָפַר אֶת כָּל הַכּוֹכָבִים בַּשָּׁמַיִם.
4016	9	416	examples/lispor/past-05.mp3	lispor	Paal	past	5	היא	הִיא סָפְרָה אֶת כָּל הַכּוֹכָבִים בַּשָּׁמַיִם.
4017	9	417	examples/lispor/past-06.mp3	lispor	Paal	past	6	אנחנו	אחרי שסָפַרְנוּ את כל המתנות, גילינו שיש עשרים.
4018	9	418	examples/lispor/past-07.mp3	lispor	Paal	past	7	אתם	כמה אורחים סְפַרְתֶּם בחתונה?
4019	9	419	examples/lispor/past-08.mp3	lispor	Paal	past	8	אתן	אתן סְפַרְתֶּן את כל הכוכבים בשמיים.
4020	9	420	examples/lispor/past-09.mp3	lispor	Paal	past	9	הם	הם סָפְרוּ את כל הכוכבים בשמיים.
4021	9	421	examples/lispor/past-10.mp3	lispor	Paal	past	10	הן	בְּמִשְׁמָר הַלַּיְלָה, כָּל הַשּׁוֹמְרִים סָפְרוּ אֶת הַכּוֹכָבִים בַּשָּׁמָיִם.
4022	9	422	examples/lispor/present-01.mp3	lispor	Paal	present	1	אני/אתה/הוא	הוא סופר את הכסף בזהירות.
4023	9	423	examples/lispor/present-02.mp3	lispor	Paal	present	2	אני/את/היא	הַיּוֹם סוֹפֶרֶת אֶת הַכְּסָפִים בַּבַּנְק.
4024	9	424	examples/lispor/present-03.mp3	lispor	Paal	present	3	אנחנו/אתם/הם	כשהילדים מסדרים את הצעצועים, אנחנו סופרים אותם כדי לוודא ששום דבר לא חסר.
4025	9	425	examples/lispor/present-04.mp3	lispor	Paal	present	4	אנחנו/אתן/הן	אנחנו סופרות את כל הכדורים בקופסה.
4026	9	426	examples/lispor/future-01.mp3	lispor	Paal	future	1	אני	אֶסְפֹּר אֶת הַכּוֹכָבִים בַּשָּׁמַיִם
4027	9	427	examples/lispor/future-02.mp3	lispor	Paal	future	2	אתה	תִּסְפֹּר אֶת כָּל הַכּוֹכָבִים בַּשָּׁמַיִם?
4028	9	428	examples/lispor/future-03.mp3	lispor	Paal	future	3	את	תִּסְפְּרִי אֶת כָּל הַכּוֹכָבִים בַּשָּׁמַיִם
4029	9	429	examples/lispor/future-04.mp3	lispor	Paal	future	4	הוא	הוא יִסְפֹּר את כל הכוכבים בשמיים.
4030	9	430	examples/lispor/future-05.mp3	lispor	Paal	future	5	היא	היא תִּסְפֹּר את כל הכוכבים בשמיים.
4031	9	431	examples/lispor/future-06.mp3	lispor	Paal	future	6	אנחנו	נִסְפֹּר את כל הכוכבים בשמיים.
4032	9	432	examples/lispor/future-07.mp3	lispor	Paal	future	7	אתם	כשתבואו לפה, תִּסְפְּרוּ כמה אנשים יש בחדר.
4033	9	433	examples/lispor/future-08.mp3	lispor	Paal	future	8	אתן	בַּיּוֹם שֶׁתִּסְפֹּרְנָה אֶת הַכּוֹכָבִים, תַּבִּינוּ כַּמָּה גָּדוֹל הָעוֹלָם.
4034	9	434	examples/lispor/future-09.mp3	lispor	Paal	future	9	הם	הם יִסְפְּרוּ את הכוכבים בשמיים בלילה הבא.
4035	9	435	examples/lispor/future-10.mp3	lispor	Paal	future	10	הן	הן תִּסְפֹּרְנָה את כל הכוכבים בשמיים.
4036	9	436	examples/lispor/imperative-01.mp3	lispor	Paal	imperative	1	אתה	סְפֹר את הכוכבים בשמיים.
4037	9	437	examples/lispor/imperative-02.mp3	lispor	Paal	imperative	2	את	סִפְרִי את כל הפרחים בגינה.
4038	9	438	examples/lispor/imperative-03.mp3	lispor	Paal	imperative	3	אתם	סִפְרוּ את כל הילדים בחדר לפני שנצא.
4039	9	439	examples/lispor/imperative-04.mp3	lispor	Paal	imperative	4	אתן	סְפֹרְנָה עכשיו, בבקשה.
4040	9	440	examples/lispor/infinitive-01.mp3	lispor	Paal	infinitive	1		הוא התחיל לִסְפֹּר את הכוכבים בשמיים.
4041	9	441	examples/shamoa/past-01.mp3	shamoa	Paal	past	1	אני	שָׁמַעְתִּי שַׁתִּי לְשִׁיר חָדָשׁ בַּרָדִיו.
4042	9	442	examples/shamoa/past-02.mp3	shamoa	Paal	past	2	אתה	שָׁמַעְתָּ את הקול שלה בטלפון?
4043	9	443	examples/shamoa/past-03.mp3	shamoa	Paal	past	3	את	שָׁמַעְתְּ כבר את החדשות?
4044	9	444	examples/shamoa/past-04.mp3	shamoa	Paal	past	4	הוא	הילד שָׁמַע את הסיפור והתרגש מאוד.
4045	9	445	examples/shamoa/past-05.mp3	shamoa	Paal	past	5	היא	אִמָּא שָׁמְעָה אֶת הַשִּׁיר וְהִיא אָהֲבָה אוֹתוֹ.
4046	9	446	examples/shamoa/past-06.mp3	shamoa	Paal	past	6	אנחנו	שָׁמַעְנוּ את הציפורים בבוקר.
4047	9	447	examples/shamoa/past-07.mp3	shamoa	Paal	past	7	אתם	שְׁמַעְתֶּם את החדשות הבוקר?
4048	9	448	examples/shamoa/past-08.mp3	shamoa	Paal	past	8	אתן	שְׁמַעְתֶּן את הציפורים בבוקר?
4049	9	449	examples/shamoa/past-09.mp3	shamoa	Paal	past	9	הם	הם שָׁמְעוּ את השיר ומיד התחילו לרקוד.
4050	9	450	examples/shamoa/past-10.mp3	shamoa	Paal	past	10	הן	הֵם שָׁמְעוּ אֶת הַמּוּזִיקָה וְנִהֲנוּ מְאוֹד.
4051	10	1	examples/shamoa/present-01.mp3	shamoa	Paal	present	1	אני	אני שׁוֹמֵעַ את הציפורים בחצר.
4052	10	2	examples/shamoa/present-02.mp3	shamoa	Paal	present	2	אני	אני שׁוֹמַעַת את הציפורים בחצר.
4053	10	3	examples/shamoa/present-03.mp3	shamoa	Paal	present	3	אתה	אתה שומע את הציפורים בבוקר?
4054	10	4	examples/shamoa/present-04.mp3	shamoa	Paal	present	4	את	את שׁוֹמַעַת את הציפורים בבוקר?
4055	10	5	examples/shamoa/present-05.mp3	shamoa	Paal	present	5	הוא	הַיֶּלֶד שׁוֹמֵעַ לְמֻזִיקָה בַּחֲדָרוֹ.
4056	10	6	examples/shamoa/present-06.mp3	shamoa	Paal	present	6	היא	הִיא שׁוֹמַעַת מוּזִיקָה בָּרַדְיוֹ.
4057	10	7	examples/shamoa/present-07.mp3	shamoa	Paal	present	7	אנחנו	בַּבֹּקֶר אֲנַחְנוּ שׁוֹמְעִים אֶת צִפְצוּף הַצִּפּוֹרִים.
4058	10	8	examples/shamoa/present-08.mp3	shamoa	Paal	present	8	אנחנו	אנחנו שׁוֹמְעוֹת את הציפורים בבוקר.
4059	10	9	examples/shamoa/present-09.mp3	shamoa	Paal	present	9	אתם	אתם שׁוֹמְעִים את הציפורים מצייצות בבוקר?
4060	10	10	examples/shamoa/present-10.mp3	shamoa	Paal	present	10	אתן	הַנָּשִׁים שׁוֹמְעוֹת אֶת הַמּוּזִיקָה בְּרַדְיוֹ.
4061	10	11	examples/shamoa/present-11.mp3	shamoa	Paal	present	11	הם	כשהם באים לכנס, הם שומעים הרצאות מרתקות.
4062	10	12	examples/shamoa/present-12.mp3	shamoa	Paal	present	12	הן	הן שׁוֹמְעוֹת את המוזיקה ברקע.
4063	10	13	examples/shamoa/future-01.mp3	shamoa	Paal	future	1	אני	אֶשְׁמַע לְךָ בַּקְשׁוֹתָיו בְּקָשׁוֹת.
4064	10	14	examples/shamoa/future-02.mp3	shamoa	Paal	future	2	אתה	תִּשְׁמַע את השיר החדש של הלהקה האהובה עליך?
4065	10	15	examples/shamoa/future-03.mp3	shamoa	Paal	future	3	את	תִּשְׁמְעִי את הציפורים בבוקר ותתעוררי בשמחה.
4066	10	16	examples/shamoa/future-04.mp3	shamoa	Paal	future	4	הוא	הַיּוֹם, כָּל אֶחָד יִשְׁמַע אֶת הַהוֹדָעָה הַחֲשׁוּבָה הַזּוֹ.
4067	10	17	examples/shamoa/future-05.mp3	shamoa	Paal	future	5	היא	אם תִּשְׁמַע לקול ההיגיון, תבין את המצב טוב יותר.
4068	10	18	examples/shamoa/future-06.mp3	shamoa	Paal	future	6	אנחנו	נִשְׁמַע את הציפורים בבוקר כשנצא לטיול.
4069	10	19	examples/shamoa/future-07.mp3	shamoa	Paal	future	7	אתם	אם תִּשְׁמְעוּ לקול ההוראות, הכל יהיה בסדר.
4070	10	20	examples/shamoa/future-08.mp3	shamoa	Paal	future	8	אתן	אם תִּשְׁמְעוּ לקולו, תוכלו ללמוד הרבה.
4071	10	21	examples/shamoa/future-09.mp3	shamoa	Paal	future	9	הם	כשהם יבואו, אני בטוח שיִשְׁמְעוּ את הסיפור המלא.
4072	10	22	examples/shamoa/future-10.mp3	shamoa	Paal	future	10	הן	הֵם יִשְׁמְעוּ אֶת הַמּוּזִיקָה וְיִתְרַגְּשׁוּ.
4073	10	23	examples/shamoa/imperative-01.mp3	shamoa	Paal	imperative	1	אתה	שְׁמַע, אני צריך לעזור לך עם המטלות שלך.
4074	10	24	examples/shamoa/imperative-02.mp3	shamoa	Paal	imperative	2	את	שִׁמְעִי בבקשה את ההסבר הזה.
4075	10	25	examples/shamoa/imperative-03.mp3	shamoa	Paal	imperative	3	אתם	שִׁמְעוּ, אֲנִי צָרִיךְ לְדַבֵּר אִתְּכֶם.
4076	10	26	examples/shamoa/imperative-04.mp3	shamoa	Paal	imperative	4	אתן	שְׁמַעְנָה עכשיו, בבקשה.
4077	10	27	examples/shamoa/infinitive-01.mp3	shamoa	Paal	infinitive	1		אני אוהב לשמוע מוסיקה בבוקר.
4078	10	28	examples/limtzo/past-01.mp3	limtzo	Paal	past	1	אני	מָצָאתִי סֵפֶר יָשָׁן בַּמִּרְתָּף.
4079	10	29	examples/limtzo/past-02.mp3	limtzo	Paal	past	2	אתה	מָצָאתָ את המפתחות בסוף?
4080	10	30	examples/limtzo/past-03.mp3	limtzo	Paal	past	3	את	אֲנִי מָצָאת אֶת הַמַּפְתֵּחַ תַּחַת הַכַּר
4081	10	31	examples/limtzo/past-04.mp3	limtzo	Paal	past	4	הוא	הִוא מָצָא אֶת הַסֵּפֶר שֶׁהִוא חִפֵּשׂ בְּכָל הַבַּיִת.
4082	10	32	examples/limtzo/past-05.mp3	limtzo	Paal	past	5	היא	הִיא מָצְאָה אֶת הַמִפְתֵחוֹת בַּתִּיק.
4083	10	33	examples/limtzo/past-06.mp3	limtzo	Paal	past	6	אנחנו	מָצָאנוּ אוֹתוֹ בַּסּוֹף שֶׁל הַחֲצֵר.
4084	10	34	examples/limtzo/past-07.mp3	limtzo	Paal	past	7	אתם	האם מְצָאתֶם את המפתחות שהלכו לאיבוד?
4085	10	35	examples/limtzo/past-08.mp3	limtzo	Paal	past	8	אתן	אחרי שחיפשתן בכל מקום, סוף סוף מְצָאתֶן את המפתחות.
4086	10	36	examples/limtzo/past-09.mp3	limtzo	Paal	past	9	הם	הֵם מָצְאוּ אֶת הַכֶּלֶב הָאֲבוּד בַּפָּארק.
4087	10	37	examples/limtzo/past-10.mp3	limtzo	Paal	past	10	הן	הֵן מָצְאוּ אֶת הַמַפְתֵחַ בַּגִּינָה.
4088	10	38	examples/limtzo/present-01.mp3	limtzo	Paal	present	1	אני	אני מוצא את המפתחות שלי בתיק.
4089	10	39	examples/limtzo/present-02.mp3	limtzo	Paal	present	2	אני	אני מוצאת את המפתחות בתיק שלי.
4090	10	40	examples/limtzo/present-03.mp3	limtzo	Paal	present	3	אתה	אתה מוצא את המפתחות בכיס שלך?
4091	10	41	examples/limtzo/present-04.mp3	limtzo	Paal	present	4	את	אֲנִי מוֹצֵאת אֶת הַמַפְתֵחַ בַּכִּס.
4092	10	42	examples/limtzo/present-05.mp3	limtzo	Paal	present	5	הוא	הוא מוֹצֵא את המפתחות בכיסו.
4093	10	43	examples/limtzo/present-06.mp3	limtzo	Paal	present	6	היא	היא מוצאת את המפתחות בתיק שלה.
4094	10	44	examples/limtzo/present-07.mp3	limtzo	Paal	present	7	אנחנו	בדרך כלל, אנחנו מוצאים את הפתרונות הטובים ביותר בשיתוף פעולה.
4095	10	45	examples/limtzo/present-08.mp3	limtzo	Paal	present	8	אנחנו	אנחנו מוֹצְאוֹת את הדרך הביתה בקלות.
4096	10	46	examples/limtzo/present-09.mp3	limtzo	Paal	present	9	אתם	בדרך כלל, אתם מוצאים את הדרך הטובה ביותר לפתור את הבעיה.
4097	10	47	examples/limtzo/present-10.mp3	limtzo	Paal	present	10	אתן	אתן מוצאות את הדרך הטובה ביותר להגיע לשם.
4098	10	48	examples/limtzo/present-11.mp3	limtzo	Paal	present	11	הם	הם מוֹצְאִים את המפתח תחת הכרית.
4099	10	49	examples/limtzo/present-12.mp3	limtzo	Paal	present	12	הן	הן מוצאות את הדרך בחזרה הביתה בקלות.
4100	10	50	examples/limtzo/future-01.mp3	limtzo	Paal	future	1	אני	אֶמְצָא דֶּרֶךְ לְפַתְרוֹן הַבְּעִיָה הַזּוֹ.
4101	10	51	examples/limtzo/future-02.mp3	limtzo	Paal	future	2	אתה	אם תחפש בקפידה, תִּמְצָא את התשובה.
4102	10	52	examples/limtzo/future-03.mp3	limtzo	Paal	future	3	את	אם תִּמְצְאִי את הדרך, תוכלי להגיע לשם בקלות.
4103	10	53	examples/limtzo/future-04.mp3	limtzo	Paal	future	4	הוא	אולי הוא יִמְצָא את המפתחות בכיס המעיל שלו.
4104	10	54	examples/limtzo/future-05.mp3	limtzo	Paal	future	5	היא	אם תחפשי בקפידה, תמצאי את המפתח.
4105	10	55	examples/limtzo/future-06.mp3	limtzo	Paal	future	6	אנחנו	נִמְצָא בַּיַּעַר בְּעוֹד יוֹמַיִם.
4106	10	56	examples/limtzo/future-07.mp3	limtzo	Paal	future	7	אתם	אם תחפשו היטב, תִּמְצְאוּ את המפתחות מתחת לשטיח.
4107	10	57	examples/limtzo/future-08.mp3	limtzo	Paal	future	8	אתן	בבוקר תִּמְצֶאנָה את הדרך לבית הספר בקלות.
4108	10	58	examples/limtzo/future-09.mp3	limtzo	Paal	future	9	הם	הם יִמְצְאוּ את הדרך הביתה בסוף.
4109	10	59	examples/limtzo/future-10.mp3	limtzo	Paal	future	10	הן	אולי תִּמְצֶאנָה את המפתחות מתחת לכרית.
4110	10	60	examples/limtzo/imperative-01.mp3	limtzo	Paal	imperative	1	אתה	מְצָא אֶת הַמַפְתֵחוֹת בִּזְרִיזוּת!
4111	10	61	examples/limtzo/imperative-02.mp3	limtzo	Paal	imperative	2	את	מִצְאִי את הדרך הביתה.
4112	10	62	examples/limtzo/imperative-03.mp3	limtzo	Paal	imperative	3	אתם	מִצְאוּ את המפתחות במהירות!
4113	10	63	examples/limtzo/imperative-04.mp3	limtzo	Paal	imperative	4	אתן	מְצֶאנָה עכשיו, בבקשה.
4114	10	64	examples/limtzo/infinitive-01.mp3	limtzo	Paal	infinitive	1		אני חייב למצוא את המפתחות שלי לפני שנצא.
4115	10	65	examples/lashevet/past-01.mp3	lashevet	Paal	past	1	אני	אמש יָשַׁבְתִּי בגינה עם הספר האהוב עליי.
4116	10	66	examples/lashevet/past-02.mp3	lashevet	Paal	past	2	אתה	בְּאֵיזֶה כִּסֵּא יָשַׁבְתָּ אֶתְמוֹל בַּמֶּרְכָּז?
4117	10	67	examples/lashevet/past-03.mp3	lashevet	Paal	past	3	את	אחרי שיָשַׁבְתְּ בחוץ כל היום, בטח התעייפת.
4118	10	68	examples/lashevet/past-04.mp3	lashevet	Paal	past	4	הוא	הילד יָשַׁב על הספסל בגינה.
4119	10	69	examples/lashevet/past-05.mp3	lashevet	Paal	past	5	היא	הִיא יָשְׁבָה בַּפָּארק וְקָרְאָה סֵפֶר.
4120	10	70	examples/lashevet/past-06.mp3	lashevet	Paal	past	6	אנחנו	יָשַׁבְנוּ בגינה ושתינו תה.
4121	10	71	examples/lashevet/past-07.mp3	lashevet	Paal	past	7	אתם	אתמול בבוקר יְשַׁבְתֶּם בגינה ושתיתם קפה.
4122	10	72	examples/lashevet/past-08.mp3	lashevet	Paal	past	8	אתן	כְּשֶׁיְשַׁבְתֶּן בַּחוּץ, רָאִיתֶן אֶת הַשֶּׁמֶשׁ שׁוֹקַעַת.
4123	10	73	examples/lashevet/past-09.mp3	lashevet	Paal	past	9	הם	כשהם הגיעו לבית הקפה, הם יָשְׁבוּ בחוץ ליד השולחן.
4124	10	74	examples/lashevet/past-10.mp3	lashevet	Paal	past	10	הן	כָּל הַיְלָדִים יָשְׁבוּ בַּמַּעֲגָל וְשָׁמְעוּ סִפּוּר.
4125	10	75	examples/lashevet/present-01.mp3	lashevet	Paal	present	1	אני	אֲנִי יוֹשֵׁב בַּפָּארק וּמְתַעֲנֵג עַל הַשֶּׁמֶשׁ.
4126	10	76	examples/lashevet/present-02.mp3	lashevet	Paal	present	2	אני	הַיּוֹמָם בַּתִּי יוֹשֶׁבֶת בַּגָּן.
4127	10	77	examples/lashevet/present-03.mp3	lashevet	Paal	present	3	אתה	אתה יוֹשֵׁב על הספה וצופה בטלוויזיה.
4128	10	78	examples/lashevet/present-04.mp3	lashevet	Paal	present	4	את	הַיְּלָדָה יוֹשֶׁבֶת עַל הַדֶּשֶׁא וְקוֹרֵאת סֵפֶר.
4129	10	79	examples/lashevet/present-05.mp3	lashevet	Paal	present	5	הוא	היום יוֹשֵׁב בַּבַּיִת כִּי אֵין לוֹ עֲבוֹדָה.
4130	10	80	examples/lashevet/present-06.mp3	lashevet	Paal	present	6	היא	הַיָּלְדָה יוֹשֶׁבֶת בַּפִּינָה וּמְשַׂחֶקֶת בְּעֲצֵי בּוּנִים.
4131	10	81	examples/lashevet/present-07.mp3	lashevet	Paal	present	7	אנחנו	בזמן שיוֹשְׁבִים בחצר, אנחנו נהנים מהשמש.
4132	10	82	examples/lashevet/present-08.mp3	lashevet	Paal	present	8	אנחנו	אנחנו יוֹשְׁבוֹת בגינה ונהנות מהשמש.
4133	10	83	examples/lashevet/present-09.mp3	lashevet	Paal	present	9	אתם	כולם יוֹשְׁבִים בשקט ומקשיבים לשיעור.
4134	10	84	examples/lashevet/present-10.mp3	lashevet	Paal	present	10	אתן	הַנָּשִׁים יוֹשְׁבוֹת בַּפָּארק וּמְדַבְּרוֹת.
4135	10	85	examples/lashevet/present-11.mp3	lashevet	Paal	present	11	הם	כולם יוֹשְׁבִים בחדר ומקשיבים לשיעור.
4136	10	86	examples/lashevet/present-12.mp3	lashevet	Paal	present	12	הן	הנשים יוֹשְׁבוֹת בחצר ומדברות.
4137	10	87	examples/lashevet/future-01.mp3	lashevet	Paal	future	1	אני	בבוקר אֵשֵׁב בגינה ואתהנה מהשמש.
4138	10	88	examples/lashevet/future-02.mp3	lashevet	Paal	future	2	אתה	בבוקר תֵּשֵׁב בחצר ותקרא ספר.
4139	10	89	examples/lashevet/future-03.mp3	lashevet	Paal	future	3	את	תֵּשְׁבִי על הספה בחדר המגורים.
4140	10	90	examples/lashevet/future-04.mp3	lashevet	Paal	future	4	הוא	מחר בבוקר, אבא יֵשֵׁב במרפסת ויקרא עיתון.
4141	10	91	examples/lashevet/future-05.mp3	lashevet	Paal	future	5	היא	היא תֵּשֵׁב בחדר האורחים בבוקר.
4142	10	92	examples/lashevet/future-06.mp3	lashevet	Paal	future	6	אנחנו	אנחנו נֵשֵׁב על הספה ונצפה בטלוויזיה.
4143	10	93	examples/lashevet/future-07.mp3	lashevet	Paal	future	7	אתם	בבקשה, תֵּשְׁבוּ ליד השולחן לארוחת הערב.
4144	10	94	examples/lashevet/future-08.mp3	lashevet	Paal	future	8	אתן	ביום שישי הקרוב, תֵּשַׁבְנָה הנשים בכיכר העיר לשמוע את ההופעה.
4145	10	95	examples/lashevet/future-09.mp3	lashevet	Paal	future	9	הם	בשבוע הבא יֵשְׁבוּ בחצר בית הספר לחגוג את סיום השנה.
4146	10	96	examples/lashevet/future-10.mp3	lashevet	Paal	future	10	הן	בבוקר, הילדות תֵּשַׁבְנָה בחצר לשחק.
4147	10	97	examples/lashevet/imperative-01.mp3	lashevet	Paal	imperative	1	אתה	שֵׁב על הספה ונדבר.
4148	10	98	examples/lashevet/imperative-02.mp3	lashevet	Paal	imperative	2	את	שְׁבִי כאן וחכי לי.
4149	10	99	examples/lashevet/imperative-03.mp3	lashevet	Paal	imperative	3	אתם	שְׁבוּ כולכם בבקשה סביב השולחן.
4150	10	100	examples/lashevet/imperative-04.mp3	lashevet	Paal	imperative	4	אתן	שַׁבְנָה עכשיו, בבקשה.
4151	10	101	examples/lashevet/infinitive-01.mp3	lashevet	Paal	infinitive	1		הוא מעדיף לָשֶׁבֶת בחוץ וליהנות מהשמש.
4152	10	102	examples/laalot/past-01.mp3	laalot	Paal	past	1	אני	עָלִיתִי לְהַר הַכַּרְמֶל בַּבֹּקֶר.
4153	10	103	examples/laalot/past-02.mp3	laalot	Paal	past	2	אתה	כשעָלִיתָ על ההר, מה ראית?
4154	10	104	examples/laalot/past-03.mp3	laalot	Paal	past	3	את	עָלִית לְהַר הַכַּרְמֶל בְּשַׁבָּת שָׁמַיִם.
4155	10	105	examples/laalot/past-04.mp3	laalot	Paal	past	4	הוא	אתמול עָלָה ג'ון לפסגת ההר בבוקר.
4156	10	106	examples/laalot/past-05.mp3	laalot	Paal	past	5	היא	עָלְתָה הַהַר בְּבוֹקֶר מֻקְדָם.
4157	10	107	examples/laalot/past-06.mp3	laalot	Paal	past	6	אנחנו	בסוף הטיול עָלִינוּ על ההר והתפעלנו מהנוף המרהיב.
4158	10	108	examples/laalot/past-07.mp3	laalot	Paal	past	7	אתם	עֲלִיתֶם בְּהַר הַזֶּה בְּלִי לְהִסְתַכֵּל בַּנּוֹף.
4159	10	109	examples/laalot/past-08.mp3	laalot	Paal	past	8	אתן	עֲלִיתֶן אֶת הָהַר בַּיּוֹם הַחַם הַזֶּה.
4160	10	110	examples/laalot/past-09.mp3	laalot	Paal	past	9	הם	הילדים עָלוּ במהירות על ההר.
4161	10	111	examples/laalot/past-10.mp3	laalot	Paal	past	10	הן	הילדים עָלוּ על הגבעה בשביל לראות את השמש שוקעת.
4162	10	112	examples/laalot/present-01.mp3	laalot	Paal	present	1	אני	עולה על ההר כל בוקר לראות את הזריחה.
4163	10	113	examples/laalot/present-02.mp3	laalot	Paal	present	2	אני	אני עוֹלָה בהרים כל סוף שבוע.
4164	10	114	examples/laalot/present-03.mp3	laalot	Paal	present	3	אתה	אתה עולה על ההר בכל בוקר.
4165	10	115	examples/laalot/present-04.mp3	laalot	Paal	present	4	את	הילדה עוֹלָה במהירות על העץ.
4166	10	116	examples/laalot/present-05.mp3	laalot	Paal	present	5	הוא	הוא עוֹלֶה בהר כל בוקר.
4167	10	117	examples/laalot/present-06.mp3	laalot	Paal	present	6	היא	הִיא עוֹלָה לְהַר הַכַּרְמֶל כָּל בּוֹקֶר.
4168	10	118	examples/laalot/present-07.mp3	laalot	Paal	present	7	אנחנו	אנחנו עולים בהרים כבר שעתיים.
4169	10	119	examples/laalot/present-08.mp3	laalot	Paal	present	8	אנחנו	אנחנו עוֹלוֹת במדרגות כל בוקר לפני העבודה.
4170	10	120	examples/laalot/present-09.mp3	laalot	Paal	present	9	אתם	אתם עולים על ההר בכל בוקר.
4171	10	121	examples/laalot/present-10.mp3	laalot	Paal	present	10	אתן	אתן עוֹלוֹת בכל בוקר להתאמן בחדר הכושר.
4172	10	122	examples/laalot/present-11.mp3	laalot	Paal	present	11	הם	הם עוֹלִים בְּהַר הַכַּרְמֶל בַּבֹּקֶר.
4173	10	123	examples/laalot/present-12.mp3	laalot	Paal	present	12	הן	הילדות עולות במהירות על הגבעה.
4174	10	124	examples/laalot/future-01.mp3	laalot	Paal	future	1	אני	בשבוע הבא אֶעֱלֶה להר הכרמל לטייל עם משפחתי.
4175	10	125	examples/laalot/future-02.mp3	laalot	Paal	future	2	אתה	בבוקר, כשתעלה על ההר, תוכל לראות את הזריחה היפה ביותר.
4176	10	126	examples/laalot/future-03.mp3	laalot	Paal	future	3	את	תַּעֲלִי עם חברותייך להר בשבת.
4177	10	127	examples/laalot/future-04.mp3	laalot	Paal	future	4	הוא	הוא יעלה על ההר מחר בבוקר.
4178	10	128	examples/laalot/future-05.mp3	laalot	Paal	future	5	היא	ההר תעלה בבוקר כדי לראות את הזריחה.
4179	10	129	examples/laalot/future-06.mp3	laalot	Paal	future	6	אנחנו	מחר נַעֲלֶה על ההר.
4180	10	130	examples/laalot/future-07.mp3	laalot	Paal	future	7	אתם	תַּעֲלוּ אֶת הָהַר בְּבוֹקֶר מוֹכְרָם.
4181	10	131	examples/laalot/future-08.mp3	laalot	Paal	future	8	אתן	תַּעֲלֶינָה הַנָּשִׁים הַהַר בַּבֹּקֶר.
4182	10	132	examples/laalot/future-09.mp3	laalot	Paal	future	9	הם	בשבת הקרובה, הם יעלו להר המוריה לתפילה.
4183	10	133	examples/laalot/future-10.mp3	laalot	Paal	future	10	הן	הנה הילדות תַּעֲלֶינָה על העץ.
4184	10	134	examples/laalot/imperative-01.mp3	laalot	Paal	imperative	1	אתה	עֲלֵה על ההר ותראה את הנוף היפה.
4185	10	135	examples/laalot/imperative-02.mp3	laalot	Paal	imperative	2	את	עֲלִי על ההר ותראה את הנוף היפה.
4186	10	136	examples/laalot/imperative-03.mp3	laalot	Paal	imperative	3	אתם	עֲלוּ על ההר לראות את הנוף המרהיב.
4187	10	137	examples/laalot/imperative-04.mp3	laalot	Paal	imperative	4	אתן	עֲלֶינָה עכשיו, בבקשה.
4188	10	138	examples/laalot/infinitive-01.mp3	laalot	Paal	infinitive	1		אני חולם לַעֲלוֹת על ההר הגבוה ביותר בעולם.
4189	10	139	examples/laamod/past-01.mp3	laamod	Paal	past	1	אני	עָמַדְתִּי בתור לפחות שעה עד שהגיע תורי.
4190	10	140	examples/laamod/past-02.mp3	laamod	Paal	past	2	אתה	עָמַדְתָּ בַּתּוֹר לִקְנוֹת כָּרְטִיסִים לַהוֹפָעָה.
4191	10	141	examples/laamod/past-03.mp3	laamod	Paal	past	3	את	עָמַדְתְּ לִפְנֵי הַמַּרְאָה וְסִרַקְתְּ אֶת שְׂעָרֵךְ.
4192	10	142	examples/laamod/past-04.mp3	laamod	Paal	past	4	הוא	כשהגיעו לפסגה, הוא עָמַד וצפה בנוף המרהיב.
4193	10	143	examples/laamod/past-05.mp3	laamod	Paal	past	5	היא	הִיא עָמְדָה בְּפִתְחוֹ שֶׁל הַבַּיִת וְחִכְּתָה לוֹ.
4194	10	144	examples/laamod/past-06.mp3	laamod	Paal	past	6	אנחנו	עָמַדְנוּ בַּתּוֹר לְאַרְבַּע שָׁעוֹת.
4195	10	145	examples/laamod/past-07.mp3	laamod	Paal	past	7	אתם	עֲמַדְתֶּם בִּפְנֵי הַקָּשָׁה בְּאוֹמֶץ לֵב.
4196	10	146	examples/laamod/past-08.mp3	laamod	Paal	past	8	אתן	עֲמַדְתֶּן בַּתּוֹר לְשָׁעוֹת בִּלְתִּי פוֹסְקוֹת.
4197	10	147	examples/laamod/past-09.mp3	laamod	Paal	past	9	הם	בַּמִּלְחָמָה, חַיָּלִים עָמְדוּ בַּשַּׂדוֹת לְשָׁמְרוֹ.
4198	10	148	examples/laamod/past-10.mp3	laamod	Paal	past	10	הן	כָּל הַיְלָדִים עָמְדוּ בַּתּוֹר כדי לקבל את הַסּוּכָּרִיָּה.
4199	10	149	examples/laamod/present-01.mp3	laamod	Paal	present	1	אני	אני עומד ליד הדלת כדי לפתוח אותה.
4200	10	150	examples/laamod/present-02.mp3	laamod	Paal	present	2	אני	הִיא עוֹמֶדֶת בְּפִתְחוֹ שֶׁל הַבַּיִת.
4201	10	151	examples/laamod/present-03.mp3	laamod	Paal	present	3	אתה	אתה עומד מול המראה ומסתכל על עצמך.
4202	10	152	examples/laamod/present-04.mp3	laamod	Paal	present	4	את	הַיָּלְדָה עוֹמֶדֶת בִּפְנֵי הַשּׁוּפָּרִיָּה.
4203	10	153	examples/laamod/present-05.mp3	laamod	Paal	present	5	הוא	הילד עוֹמֵד ליד הדלת.
4204	10	154	examples/laamod/present-06.mp3	laamod	Paal	present	6	היא	היא עומדת בתור לקנות כרטיסים.
4205	10	155	examples/laamod/present-07.mp3	laamod	Paal	present	7	אנחנו	אנחנו עומדים בתור לקנות כרטיסים.
4206	10	156	examples/laamod/present-08.mp3	laamod	Paal	present	8	אנחנו	אנחנו עומדות בתור לקנות כרטיסים לקולנוע.
4207	10	157	examples/laamod/present-09.mp3	laamod	Paal	present	9	אתם	אתם עוֹמְדִים ליד הדלת כבר חמש דקות.
4208	10	158	examples/laamod/present-10.mp3	laamod	Paal	present	10	אתן	הנשים עומדות בתור לקנות כרטיסים.
4209	10	159	examples/laamod/present-11.mp3	laamod	Paal	present	11	הם	הם עוֹמְדִים בתור לקנות כרטיסים לקולנוע.
4210	10	160	examples/laamod/present-12.mp3	laamod	Paal	present	12	הן	הנשים עומדות בתור ליד הכניסה.
4211	10	161	examples/laamod/future-01.mp3	laamod	Paal	future	1	אני	אֶעֱמֹד מחר בתור לרופא.
4212	10	162	examples/laamod/future-02.mp3	laamod	Paal	future	2	אתה	אם תַּעֲמֹד בתור, תוכל לקבל את הכרטיס הראשון.
4213	10	163	examples/laamod/future-03.mp3	laamod	Paal	future	3	את	תַּעַמְדִי בבקשה מול הדלת ותשמרי שהחתול לא יברח.
4214	10	164	examples/laamod/future-04.mp3	laamod	Paal	future	4	הוא	הוּא יַעֲמֹד בְּפִנֵי הַשּׁוֹפֵט מָחָר.
4215	10	165	examples/laamod/future-05.mp3	laamod	Paal	future	5	היא	תַּעֲמֹד מול הדלת ותמתין עד שאני אחזור.
4216	10	166	examples/laamod/future-06.mp3	laamod	Paal	future	6	אנחנו	נַעֲמֹד בַּתּוֹר וְנַחֲכֶה לְתוֹרֵנוּ.
4217	10	167	examples/laamod/future-07.mp3	laamod	Paal	future	7	אתם	תַּעַמְדוּ בבקשה בשורה כדי שנוכל לספור אתכם.
4218	10	168	examples/laamod/future-08.mp3	laamod	Paal	future	8	אתן	בַּיּוֹם הַהוּא, תַּעֲמֹדְנָה כָּל הַנָּשִׁים בַּכִּכָּר וְתִשְׁמַעְנָה אֶת הַכְּרִיזָה.
4219	10	169	examples/laamod/future-09.mp3	laamod	Paal	future	9	הם	ביום הדין, כולם יעמדו לפני המלך.
4220	10	170	examples/laamod/future-10.mp3	laamod	Paal	future	10	הן	בַּיּוֹם הַהוּא, הַנָּשִׁים תַּעֲמֹדְנָה בַּכִּכָּר וְתַרְנִינָה.
4221	10	171	examples/laamod/imperative-01.mp3	laamod	Paal	imperative	1	אתה	עֲמֹד ליד הדלת וחכה לי.
4222	10	172	examples/laamod/imperative-02.mp3	laamod	Paal	imperative	2	את	עִמְדִי כאן וחכי לי רגע.
4223	10	173	examples/laamod/imperative-03.mp3	laamod	Paal	imperative	3	אתם	עִמְדוּ כולכם בשורה אחת.
4224	10	174	examples/laamod/imperative-04.mp3	laamod	Paal	imperative	4	אתן	עֲמֹדְנָה עכשיו, בבקשה.
4225	10	175	examples/laamod/infinitive-01.mp3	laamod	Paal	infinitive	1		אנחנו צריכים לַעֲמוֹד בתור לפני שניכנס לקולנוע.
4226	10	176	examples/la-asot/past-01.mp3	la’asot	Paal	past	1	אני	עָשִׂיתִי את כל המטלות שלי היום.
4227	10	177	examples/la-asot/past-02.mp3	la’asot	Paal	past	2	אתה	עָשִׂיתָ עֲבוֹדָה מְצוּיָנֶת הַיּוֹם.
4228	10	178	examples/la-asot/past-03.mp3	la’asot	Paal	past	3	את	מה עשית אתמול בערב?
4229	10	179	examples/la-asot/past-04.mp3	la’asot	Paal	past	4	הוא	הוא עָשָׂה את זה בשבילי.
4230	10	180	examples/la-asot/past-05.mp3	la’asot	Paal	past	5	היא	הִיא עָשְׂתָה אֶת כָּל הַמְּלָאכָה לְבַדָּה.
4231	10	181	examples/la-asot/past-06.mp3	la’asot	Paal	past	6	אנחנו	עָשִׂינוּ את כל המטלות בזמן.
4232	10	182	examples/la-asot/past-07.mp3	la’asot	Paal	past	7	אתם	אם עֲשִׂיתֶם את כל מה שאמרתי, אז הכל בסדר.
4233	10	183	examples/la-asot/past-08.mp3	la’asot	Paal	past	8	אתן	אַתֶּן עֲשִׂיתֶן מַעֲשִׂים טוֹבִים הַיּוֹם.
4234	10	184	examples/la-asot/past-09.mp3	la’asot	Paal	past	9	הם	הם עָשׂוּ את כל המטלות בזמן.
4235	10	185	examples/la-asot/past-10.mp3	la’asot	Paal	past	10	הן	הן עָשׂוּ את כל ההכנות לחג.
4236	10	186	examples/la-asot/present-01.mp3	la’asot	Paal	present	1	אני	אני עושה את זה מחר.
4237	10	187	examples/la-asot/present-02.mp3	la’asot	Paal	present	2	אני	אני עוֹשָׂה את המיטה בבוקר.
4238	10	188	examples/la-asot/present-03.mp3	la’asot	Paal	present	3	אתה	אתה עושה את זה בצורה מצוינת.
4239	10	189	examples/la-asot/present-04.mp3	la’asot	Paal	present	4	את	הַיּוֹם הִיא עוֹשָׂה עֲבוֹדָה מְיֻחֶדֶת.
4240	10	190	examples/la-asot/present-05.mp3	la’asot	Paal	present	5	הוא	הוא עוֹשֶׂה את זה בכל יום.
4241	10	191	examples/la-asot/present-06.mp3	la’asot	Paal	present	6	היא	הִיא עוֹשָׂה אֶת שְׁעוּרֵי הַבַּיִת בְּקַלוּת.
4242	10	192	examples/la-asot/present-07.mp3	la’asot	Paal	present	7	אנחנו	אנחנו עוֹשִׂים את זה בשביל המשפחה.
4243	10	193	examples/la-asot/present-08.mp3	la’asot	Paal	present	8	אנחנו	אנחנו עושות את כל המאמצים כדי לסיים את הפרויקט בזמן.
4244	10	194	examples/la-asot/present-09.mp3	la’asot	Paal	present	9	אתם	מה אתם עושים הערב?
4245	10	195	examples/la-asot/present-10.mp3	la’asot	Paal	present	10	אתן	הילדות עוֹשׂוֹת עכשיו שיעורי בית.
4246	10	196	examples/la-asot/present-11.mp3	la’asot	Paal	present	11	הם	הם עושים את זה כל הזמן.
4247	10	197	examples/la-asot/present-12.mp3	la’asot	Paal	present	12	הן	הנשים עוֹשׂוֹת עבודה נהדרת בפרויקט הזה.
4248	10	198	examples/la-asot/future-01.mp3	la’asot	Paal	future	1	אני	מחר אֶעֱשֶׂה את כל המטלות שלי.
4249	10	199	examples/la-asot/future-02.mp3	la’asot	Paal	future	2	אתה	מה תעשה מחר בערב?
4250	10	200	examples/la-asot/future-03.mp3	la’asot	Paal	future	3	את	תַּעֲשִׂי לי טובה ותביאי לי כוס מים, בבקשה?
4251	10	201	examples/la-asot/future-04.mp3	la’asot	Paal	future	4	הוא	הוא יַעֲשֶׂה את זה בקרוב.
4252	10	202	examples/la-asot/future-05.mp3	la’asot	Paal	future	5	היא	היא תעשה את זה בצורה מושלמת.
4253	10	203	examples/la-asot/future-06.mp3	la’asot	Paal	future	6	אנחנו	בואו נעשה את זה יחד.
4254	10	204	examples/la-asot/future-07.mp3	la’asot	Paal	future	7	אתם	אנא תַּעֲשׂוּ את המיטב כדי לעזור לו.
4255	10	205	examples/la-asot/future-08.mp3	la’asot	Paal	future	8	אתן	הַנָּשִׁים תַּעֲשֶׂינָה אֶת כָּל הַהֲכָנוֹת לֶחָג.
4256	10	206	examples/la-asot/future-09.mp3	la’asot	Paal	future	9	הם	הם יַעֲשׂוּ את זה בשבוע הבא.
4257	10	207	examples/la-asot/future-10.mp3	la’asot	Paal	future	10	הן	הַנָּשִׁים תַּעֲשֶׂינָה אֶת הַמִּטָּלוֹת בְּשַׁבָּת.
4258	10	208	examples/la-asot/imperative-01.mp3	la’asot	Paal	imperative	1	אתה	עֲשֵׂה את זה בבוקר.
4259	10	209	examples/la-asot/imperative-02.mp3	la’asot	Paal	imperative	2	את	עֲשִׂי לי טובה ותן לי את הספר הזה.
4260	10	210	examples/la-asot/imperative-03.mp3	la’asot	Paal	imperative	3	אתם	עֲשׂוּ את זה בבקשה.
4261	10	211	examples/la-asot/imperative-04.mp3	la’asot	Paal	imperative	4	אתן	עֲשֶׂינָה עכשיו, בבקשה.
4262	10	212	examples/la-asot/infinitive-01.mp3	la’asot	Paal	infinitive	1		חשוב לַעֲשׂוֹת משהו טוב בכל יום.
4263	10	213	examples/lipol/past-01.mp3	lipol	Paal	past	1	אני	בַּבּוֹקֶר כְּשֶׁקַּמְתִּי נָפַלְתִּי מִן הַמִּטָּה.
4264	10	214	examples/lipol/past-02.mp3	lipol	Paal	past	2	אתה	כשהנסעתי על האופניים, נָפַלְתָּ ושרטת את הברך.
4265	10	215	examples/lipol/past-03.mp3	lipol	Paal	past	3	את	נָפַלְתְּ מהעץ וכאב לך המותן.
4266	10	216	examples/lipol/past-04.mp3	lipol	Paal	past	4	הוא	הילד נָפַל מהאופניים שלו.
4267	10	217	examples/lipol/past-05.mp3	lipol	Paal	past	5	היא	נָפְלָה הָאֲדָמָה בְּאֶרֶץ יִשְׂרָאֵל.
4268	10	218	examples/lipol/past-06.mp3	lipol	Paal	past	6	אנחנו	נָפַלְנוּ לַאֲדָמָה כְּשֶׁנִּסִּינוּ לְטַפֵּס עַל הָהַר.
4269	10	219	examples/lipol/past-07.mp3	lipol	Paal	past	7	אתם	אתם נְפַלְתֶּם במהלך הטיול אתמול.
4270	10	220	examples/lipol/past-08.mp3	lipol	Paal	past	8	אתן	נְפַלְתֶּן בְּאוֹרֶךְ הַחֶבֶל וְנִזְקַקְתֶּן לְעֶזְרָה.
4271	10	221	examples/lipol/past-09.mp3	lipol	Paal	past	9	הם	בַּסּוּפָה, עֲצֵי הַחוֹרָשׁ נָפְלוּ.
4272	10	222	examples/lipol/past-10.mp3	lipol	Paal	past	10	הן	הָאֱלֹקים בַּשָּׁמַיִם, וְאַתָּה בָּאָרֶץ, כִּי נָפְלוּ כָּל-אֱלִילֶיךָ.
4273	10	223	examples/lipol/present-01.mp3	lipol	Paal	present	1	אני	אני נוֹפֵל בַּחֲלוֹם וְלא מַצְלִיחַ לְהִתְעוֹרֵר.
4274	10	224	examples/lipol/present-02.mp3	lipol	Paal	present	2	אני	היא נופלת מהעץ בכל פעם שאני מנסה לטפס.
4275	10	225	examples/lipol/present-03.mp3	lipol	Paal	present	3	אתה	אתה נופל מהעץ בכל פעם שאתה מנסה לטפס.
4276	10	226	examples/lipol/present-04.mp3	lipol	Paal	present	4	את	הִיא מַרְגִּישָׁה כְּאִלּוּ הָעוֹלָם נוֹפֶלֶת עָלֶיהָ.
4277	10	227	examples/lipol/present-05.mp3	lipol	Paal	present	5	הוא	הילד נוֹפֵל מהעץ.
4278	10	228	examples/lipol/present-06.mp3	lipol	Paal	present	6	היא	הִיא נוֹפֶלֶת מִן הָעֵץ בְּכָל פַּעַם.
4279	10	229	examples/lipol/present-07.mp3	lipol	Paal	present	7	אנחנו	כשאנחנו נוֹפְלִים, תמיד יש מי שיעזור לנו לקום.
4280	10	230	examples/lipol/present-08.mp3	lipol	Paal	present	8	אנחנו	כשאנחנו נוֹפְלוֹת, תמיד יש מישהו שמושיט לנו יד.
4281	10	231	examples/lipol/present-09.mp3	lipol	Paal	present	9	אתם	אתם נוֹפְלִים מהעץ בכל פעם שאתם מנסים לטפס עליו.
4282	10	232	examples/lipol/present-10.mp3	lipol	Paal	present	10	אתן	הדפים נופלות מהעץ בסתיו.
4283	10	233	examples/lipol/present-11.mp3	lipol	Paal	present	11	הם	הילדים נוֹפְלִים במהירות כדי לזכות בפרס.
4284	10	234	examples/lipol/present-12.mp3	lipol	Paal	present	12	הן	הנוֹפְלוֹת מהשמיים הם טיפות גשם.
4285	10	235	examples/lipol/future-01.mp3	lipol	Paal	future	1	אני	אֶפּוֹל מִן הָעֵץ כְּשֶׁאֱרִיד לִקְטֹף אֶת הַתַּפּוּחַ הַזֶּה.
4286	10	236	examples/lipol/future-02.mp3	lipol	Paal	future	2	אתה	אתה תִּפּוֹל אם לא תיזהר.
4287	10	237	examples/lipol/future-03.mp3	lipol	Paal	future	3	את	אם תִּפְּלִי, אני אהיה כאן כדי לעזור לך.
4288	10	238	examples/lipol/future-04.mp3	lipol	Paal	future	4	הוא	הילד יִפּוֹל מהעץ אם לא ייזהר.
4289	10	239	examples/lipol/future-05.mp3	lipol	Paal	future	5	היא	היא תִּפּוֹל מן הָעֵץ בַּקַּרוֹב.
4290	10	240	examples/lipol/future-06.mp3	lipol	Paal	future	6	אנחנו	אנחנו נִפּוֹל בשלג ונעשה מלאכים של שלג.
4291	10	241	examples/lipol/future-07.mp3	lipol	Paal	future	7	אתם	אני מקווה שתִּפְּלוּ ברשת הביטחון שלכם.
4292	10	242	examples/lipol/future-08.mp3	lipol	Paal	future	8	אתן	הִנֵּה תִּפֹּלְנָה הַשֶּׁמֶשׁ וְהַיָּרֵחַ בַּיּוֹם הַהוּא.
4293	10	243	examples/lipol/future-09.mp3	lipol	Paal	future	9	הם	יִפְּלוּ הַעֲלֵי הַסְּתָו בְּבֹקֶר.
4294	10	244	examples/lipol/future-10.mp3	lipol	Paal	future	10	הן	הלבנים תִּפֹּלְנָה מהקיר.
4295	10	245	examples/lipol/imperative-01.mp3	lipol	Paal	imperative	1	אתה	כשתרגיש שאתה עומד ליפול, פּוֹל בקפיצה.
4296	10	246	examples/lipol/imperative-02.mp3	lipol	Paal	imperative	2	את	פְּלִי, אל תתקרב לשוליים.
4297	10	247	examples/lipol/imperative-03.mp3	lipol	Paal	imperative	3	אתם	כשתראו את הדוב, פְּלוּ ארצה ותתחבאו!
4298	10	248	examples/lipol/imperative-04.mp3	lipol	Paal	imperative	4	אתן	פֹּלְנָה עכשיו, בבקשה.
4299	10	249	examples/lipol/infinitive-01.mp3	lipol	Paal	infinitive	1		לִפְעָמִים אֲנִי חוֹשֵׁשׁ לִפּוֹל בַּחֲשֵׁכָה.
4300	10	250	examples/lesaver/past-01.mp3	lesaver	Paal	past	1	אני	סָבַרְתִּי שֶׁהַיּוֹם יִהְיֶה חַם, אֲבָל טָעִיתִי.
4301	10	251	examples/lesaver/past-02.mp3	lesaver	Paal	past	2	הוא	הוא סָבַר שהוא יכול לעשות את זה לבד.
4302	10	252	examples/lesaver/present-01.mp3	lesaver	Paal	present	1	אני/אתה/הוא	אני סובר שהוא יגיע בזמן.
4303	10	253	examples/lesaver/future-01.mp3	lesaver	Paal	future	1	אני	אֶסְבֹּר שֶׁאֲנִי צוֹדֵק בְּעִנְיָן זֶה.
4304	10	254	examples/lesaver/imperative-01.mp3	lesaver	Paal	imperative	1	אתה	סְבֹר טוב, ואל תתקבל על דעתך בקלות.
4305	10	255	examples/lesaver/infinitive-01.mp3	lesaver	Paal	infinitive	1		חשוב לסבר בצורה ביקורתית כדי להגיע להחלטות מושכלות.
4306	10	256	examples/bivtoach/past-01.mp3	bivtoach	Paal	past	1	אני	בָּטַחְתִּי בוֹ וְהוּא אֱמֵת.
4307	10	257	examples/bivtoach/past-02.mp3	bivtoach	Paal	past	2	אתה	בָּטַחְתָּ בוֹ, וְהוּא אֲכֵן עָזַר לְךָ.
4308	10	258	examples/bivtoach/past-03.mp3	bivtoach	Paal	past	3	את	בָּטַחְתְּ בִּי וְאֵינִי מֵכְזֵב אוֹתָךְ.
4309	10	259	examples/bivtoach/past-04.mp3	bivtoach	Paal	past	4	הוא	בָּטַח בוֹ כִּי הוּא אִישׁ נֶאֱמָן.
4310	10	260	examples/bivtoach/past-05.mp3	bivtoach	Paal	past	5	היא	הִיא בָּטְחָה בוֹ שֶׁיַּצְלִיחַ בַּמִּשִּׂיחוֹת.
4311	10	261	examples/bivtoach/past-06.mp3	bivtoach	Paal	past	6	אנחנו	בָּטַחְנוּ בְּחָכְמָתְךָ וְהִתְאַכְּזַבְנוּ.
4312	10	262	examples/bivtoach/past-07.mp3	bivtoach	Paal	past	7	אתם	בְּטַחְתֶּם בּוֹ וְהוא אִכְזֵב אֶתְכֶם.
4313	10	263	examples/bivtoach/past-08.mp3	bivtoach	Paal	past	8	אתן	בְּטַחְתֶּן בְּיָדַיִם טוֹבוֹת כְּשֶׁבָּאתֶן לַמָּקוֹם הַזֶּה.
4314	10	264	examples/bivtoach/past-09.mp3	bivtoach	Paal	past	9	הם	הם בָּטְחוּ בי לחלוטין במהלך המשבר.
4315	10	265	examples/bivtoach/past-10.mp3	bivtoach	Paal	past	10	הן	הֵם בָּטְחוּ בְּהַבְטָחוֹתָיו וְלֹא הִתְאַכְזְבוּ.
4316	10	266	examples/bivtoach/present-01.mp3	bivtoach	Paal	present	1	אני	אֲנִי בּוֹטֵחַ בְּךָ לִגְמֹר אֶת הַפְּרוֹיֶקט בַּזְּמַן.
4317	10	267	examples/bivtoach/present-02.mp3	bivtoach	Paal	present	2	אני	אני בּוֹטַחַת בְּךָ מֵאוֹד.
4318	10	268	examples/bivtoach/present-03.mp3	bivtoach	Paal	present	3	אתה	אתה בוטח בי לחלוטין?
4319	10	269	examples/bivtoach/present-04.mp3	bivtoach	Paal	present	4	את	הִיא בּוֹטַחַת בּוֹ לְגַמְרֵי.
4320	10	270	examples/bivtoach/present-05.mp3	bivtoach	Paal	present	5	הוא	אני בּוֹטֵחַ בך לחלוטין.
4321	10	271	examples/bivtoach/present-06.mp3	bivtoach	Paal	present	6	היא	היא בּוֹטַחַת בּוֹ לְגַמְרֵי.
4322	10	272	examples/bivtoach/present-07.mp3	bivtoach	Paal	present	7	אנחנו	אנחנו בּוֹטְחִים ביכולותיו של המנהל החדש.
4323	10	273	examples/bivtoach/present-08.mp3	bivtoach	Paal	present	8	אנחנו	אנחנו בוטחות בך לחלוטין.
4324	10	274	examples/bivtoach/present-09.mp3	bivtoach	Paal	present	9	אתם	אתם בּוֹטְחִים בי לחלוטין, נכון?
4325	10	275	examples/bivtoach/present-10.mp3	bivtoach	Paal	present	10	אתן	הנשים בּוֹטְחוֹת ביכולותיהן להתמודד עם האתגרים.
4326	10	276	examples/bivtoach/present-11.mp3	bivtoach	Paal	present	11	הם	הם בּוֹטְחִים בּוֹ שֶׁיַּעֲשֶׂה אֶת הַדָּבָר הַנָּכוֹן.
4327	10	277	examples/bivtoach/present-12.mp3	bivtoach	Paal	present	12	הן	הנשים בּוֹטְחוֹת ביכולתן להתמודד עם האתגרים.
4328	10	278	examples/bivtoach/future-01.mp3	bivtoach	Paal	future	1	אני	אֶבְטַח בך לְהַצִיל אוֹתִי בְּשָׁעַת צָּרָה.
4329	10	279	examples/bivtoach/future-02.mp3	bivtoach	Paal	future	2	אתה	תִּבְטַח בַּיּוֹם שֶׁבּוֹ תִּזְדַּמֵּן לְךָ הַהַזְדַּמְנוּת הַזוֹ.
4330	10	280	examples/bivtoach/future-03.mp3	bivtoach	Paal	future	3	את	תִּבְטְחִי בְּיָדִי, כִּי אֲנִי אֶשְׁמֹר עָלַיִךְ.
4331	10	281	examples/bivtoach/future-04.mp3	bivtoach	Paal	future	4	הוא	הוּא יִבְטַח בָּהּ, וְיֵדַע שֶׁהִיא תִּהְיֶה שָׁם בִּשְׁבִילוֹ.
4332	10	282	examples/bivtoach/future-05.mp3	bivtoach	Paal	future	5	היא	את תִּבְטַחִי בי, אני אדאג לך.
4333	10	283	examples/bivtoach/future-06.mp3	bivtoach	Paal	future	6	אנחנו	נִבְטַח בּוֹ בְּכָל לִבֵּנוּ.
4334	10	284	examples/bivtoach/future-07.mp3	bivtoach	Paal	future	7	אתם	תִּבְטְחוּ בי, ואני אדאג לכל הפרטים.
4335	10	285	examples/bivtoach/future-08.mp3	bivtoach	Paal	future	8	אתן	הילדות תִּבְטַחְנָה ביכולותיהן ויבנו את עתידן.
4336	10	286	examples/bivtoach/future-09.mp3	bivtoach	Paal	future	9	הם	הם יִבְטְחוּ בוֹ כִּי הוּא אָדָם אֱמוּנָה.
4337	10	287	examples/bivtoach/future-10.mp3	bivtoach	Paal	future	10	הן	הן תִּבְטַחְנָה בו מחר.
4338	10	288	examples/bivtoach/imperative-01.mp3	bivtoach	Paal	imperative	1	אתה	בְּטַח בְּעַצְמְךָ, אַתָּה יְכוֹל לַעֲשׂוֹת אֶת זֶה.
4339	10	289	examples/bivtoach/imperative-02.mp3	bivtoach	Paal	imperative	2	את	בִּטְחִי בְּעַצְמֵךְ, אַתְּ יְכוֹלָה לַעֲשׂוֹת אֶת זֶה!
4340	10	290	examples/bivtoach/imperative-03.mp3	bivtoach	Paal	imperative	3	אתם	בִּטְחוּ בְּיִשְׂרָאֵל וּבְעַצְמְכֶם בִּשְׁעַת צָרָה.
4341	10	291	examples/bivtoach/imperative-04.mp3	bivtoach	Paal	imperative	4	אתן	בְּטַחְנָה עכשיו, בבקשה.
4342	10	292	examples/bivtoach/infinitive-01.mp3	bivtoach	Paal	infinitive	1		חשוב לִבְטוֹחַ בחברים הקרובים שלך.
4343	10	293	examples/ladun/past-01.mp3	ladun	Paal	past	1	אני	אני דַּנְתִּי בנושא הזה אתמול.
4344	10	294	examples/ladun/past-02.mp3	ladun	Paal	past	2	אתה	אתה דַּנְתָּ בנושא הזה אתמול.
4345	10	295	examples/ladun/past-03.mp3	ladun	Paal	past	3	את	את דַּנְתְּ בנושא הזה אתמול.
4346	10	296	examples/ladun/past-04.mp3	ladun	Paal	past	4	הוא	הוא דָּן בנושא הזה אתמול.
4347	10	297	examples/ladun/past-05.mp3	ladun	Paal	past	5	היא	היא דָּנָה בנושא הזה אתמול.
4348	10	298	examples/ladun/past-06.mp3	ladun	Paal	past	6	אנחנו	אנחנו דַּנְנוּ בנושא הזה אתמול.
4349	10	299	examples/ladun/past-07.mp3	ladun	Paal	past	7	אתם	אתם דַּנְתֶּם בנושא הזה אתמול.
4350	10	300	examples/ladun/past-08.mp3	ladun	Paal	past	8	אתן	אתן דַּנְתֶּן בנושא הזה אתמול.
4351	10	301	examples/ladun/past-09.mp3	ladun	Paal	past	9	הם	הם דָּנוּ בנושא הזה אתמול.
4352	10	302	examples/ladun/past-10.mp3	ladun	Paal	past	10	הן	הן דָּנוּ בנושא הזה אתמול.
4353	10	303	examples/ladun/present-01.mp3	ladun	Paal	present	1	אני	אני דָּן בנושא הזה עכשיו.
4354	10	304	examples/ladun/present-02.mp3	ladun	Paal	present	2	אני	אני דָּנָה בנושא הזה עכשיו.
4355	10	305	examples/ladun/present-03.mp3	ladun	Paal	present	3	אתה	אתה דָּן בנושא הזה עכשיו.
4356	10	306	examples/ladun/present-04.mp3	ladun	Paal	present	4	את	את דָּנָה בנושא הזה עכשיו.
4357	10	307	examples/ladun/present-05.mp3	ladun	Paal	present	5	הוא	הוא דָּן בנושא הזה עכשיו.
4358	10	308	examples/ladun/present-06.mp3	ladun	Paal	present	6	היא	היא דָּנָה בנושא הזה עכשיו.
4359	10	309	examples/ladun/present-07.mp3	ladun	Paal	present	7	אנחנו	אנחנו דָּנִים בנושא הזה עכשיו.
4360	10	310	examples/ladun/present-08.mp3	ladun	Paal	present	8	אנחנו	אנחנו דָּנוֹת בנושא הזה עכשיו.
4361	10	311	examples/ladun/present-09.mp3	ladun	Paal	present	9	אתם	אתם דָּנִים בנושא הזה עכשיו.
4362	10	312	examples/ladun/present-10.mp3	ladun	Paal	present	10	אתן	אתן דָּנוֹת בנושא הזה עכשיו.
4363	10	313	examples/ladun/present-11.mp3	ladun	Paal	present	11	הם	הם דָּנִים בנושא הזה עכשיו.
4364	10	314	examples/ladun/present-12.mp3	ladun	Paal	present	12	הן	הן דָּנוֹת בנושא הזה עכשיו.
4365	10	315	examples/ladun/future-01.mp3	ladun	Paal	future	1	אני	אני אָדוּן בנושא הזה מחר.
4366	10	316	examples/ladun/future-02.mp3	ladun	Paal	future	2	אתה	אתה תָּדוּן בנושא הזה מחר.
4367	10	317	examples/ladun/future-03.mp3	ladun	Paal	future	3	את	את תָּדוּנִי בנושא הזה מחר.
4368	10	318	examples/ladun/future-04.mp3	ladun	Paal	future	4	הוא	הוא יָדוּן בנושא הזה מחר.
4369	10	319	examples/ladun/future-05.mp3	ladun	Paal	future	5	היא	היא תָּדוּן בנושא הזה מחר.
4370	10	320	examples/ladun/future-06.mp3	ladun	Paal	future	6	אנחנו	אנחנו נָדוּן בנושא הזה מחר.
4371	10	321	examples/ladun/future-07.mp3	ladun	Paal	future	7	אתם	אתם תָּדוּנוּ בנושא הזה מחר.
4372	10	322	examples/ladun/future-08.mp3	ladun	Paal	future	8	אתן	אתן תָּדוּנוּ בנושא הזה מחר.
4373	10	323	examples/ladun/future-09.mp3	ladun	Paal	future	9	הם	הם יָדוּנוּ בנושא הזה מחר.
4374	10	324	examples/ladun/future-10.mp3	ladun	Paal	future	10	הן	הן יָדוּנוּ בנושא הזה מחר.
4375	10	325	examples/ladun/imperative-01.mp3	ladun	Paal	imperative	1	אתה	דּוּן בנושא הזה עכשיו, בבקשה.
4376	10	326	examples/ladun/imperative-02.mp3	ladun	Paal	imperative	2	את	דּוּנִי בנושא הזה עכשיו, בבקשה.
4377	10	327	examples/ladun/imperative-03.mp3	ladun	Paal	imperative	3	אתם	דּוּנוּ בנושא הזה עכשיו, בבקשה.
4378	10	328	examples/ladun/imperative-04.mp3	ladun	Paal	imperative	4	אתן	דּוּנוּ בנושא הזה עכשיו, בבקשה.
4379	10	329	examples/ladun/infinitive-01.mp3	ladun	Paal	infinitive	1		אני רוצה לָדוּן בנושא הזה.
4380	10	330	examples/lelamed/past-01.mp3	lelamed	Piel	past	1	אני	אני לִמַּדְתִּי עברית אתמול.
4381	10	331	examples/lelamed/past-02.mp3	lelamed	Piel	past	2	אתה	אתה לִמַּדְתָּ עברית אתמול.
4382	10	332	examples/lelamed/past-03.mp3	lelamed	Piel	past	3	את	את לִמַּדְתְּ עברית אתמול.
4383	10	333	examples/lelamed/past-04.mp3	lelamed	Piel	past	4	הוא	הוא לִמֵּד עברית אתמול.
4384	10	334	examples/lelamed/past-05.mp3	lelamed	Piel	past	5	היא	היא לִמְּדָה עברית אתמול.
4385	10	335	examples/lelamed/past-06.mp3	lelamed	Piel	past	6	אנחנו	אנחנו לִמַּדְנוּ עברית אתמול.
4386	10	336	examples/lelamed/past-07.mp3	lelamed	Piel	past	7	אתם	אתם לִמַּדְתֶּם עברית אתמול.
4387	10	337	examples/lelamed/past-08.mp3	lelamed	Piel	past	8	אתן	אתן לִמַּדְתֶּן עברית אתמול.
4388	10	338	examples/lelamed/past-09.mp3	lelamed	Piel	past	9	הם	הם לִמְּדוּ עברית אתמול.
4389	10	339	examples/lelamed/past-10.mp3	lelamed	Piel	past	10	הן	הן לִמְּדוּ עברית אתמול.
4390	10	340	examples/lelamed/present-01.mp3	lelamed	Piel	present	1	אני	אני מְלַמֵּד עברית עכשיו.
4391	10	341	examples/lelamed/present-02.mp3	lelamed	Piel	present	2	אני	אני מְלַמֶּדֶת עברית עכשיו.
4392	10	342	examples/lelamed/present-03.mp3	lelamed	Piel	present	3	אתה	אתה מְלַמֵּד עברית עכשיו.
4393	10	343	examples/lelamed/present-04.mp3	lelamed	Piel	present	4	את	את מְלַמֶּדֶת עברית עכשיו.
4394	10	344	examples/lelamed/present-05.mp3	lelamed	Piel	present	5	הוא	הוא מְלַמֵּד עברית עכשיו.
4395	10	345	examples/lelamed/present-06.mp3	lelamed	Piel	present	6	היא	היא מְלַמֶּדֶת עברית עכשיו.
4396	10	346	examples/lelamed/present-07.mp3	lelamed	Piel	present	7	אנחנו	אנחנו מְלַמְּדִים עברית עכשיו.
4397	10	347	examples/lelamed/present-08.mp3	lelamed	Piel	present	8	אנחנו	אנחנו מְלַמְּדוֹת עברית עכשיו.
4398	10	348	examples/lelamed/present-09.mp3	lelamed	Piel	present	9	אתם	אתם מְלַמְּדִים עברית עכשיו.
4399	10	349	examples/lelamed/present-10.mp3	lelamed	Piel	present	10	אתן	אתן מְלַמְּדוֹת עברית עכשיו.
4400	10	350	examples/lelamed/present-11.mp3	lelamed	Piel	present	11	הם	הם מְלַמְּדִים עברית עכשיו.
4401	10	351	examples/lelamed/present-12.mp3	lelamed	Piel	present	12	הן	הן מְלַמְּדוֹת עברית עכשיו.
4402	10	352	examples/lelamed/future-01.mp3	lelamed	Piel	future	1	אני	אני אֲלַמֵּד עברית מחר.
4403	10	353	examples/lelamed/future-02.mp3	lelamed	Piel	future	2	אתה	אתה תְּלַמֵּד עברית מחר.
4404	10	354	examples/lelamed/future-03.mp3	lelamed	Piel	future	3	את	את תְּלַמְּדִי עברית מחר.
4405	10	355	examples/lelamed/future-04.mp3	lelamed	Piel	future	4	הוא	הוא יְלַמֵּד עברית מחר.
4406	10	356	examples/lelamed/future-05.mp3	lelamed	Piel	future	5	היא	היא תְּלַמֵּד עברית מחר.
4407	10	357	examples/lelamed/future-06.mp3	lelamed	Piel	future	6	אנחנו	אנחנו נְלַמֵּד עברית מחר.
4408	10	358	examples/lelamed/future-07.mp3	lelamed	Piel	future	7	אתם	אתם תְּלַמְּדוּ עברית מחר.
4409	10	359	examples/lelamed/future-08.mp3	lelamed	Piel	future	8	אתן	אתן תְּלַמְּדוּ עברית מחר.
4410	10	360	examples/lelamed/future-09.mp3	lelamed	Piel	future	9	הם	הם יְלַמְּדוּ עברית מחר.
4411	10	361	examples/lelamed/future-10.mp3	lelamed	Piel	future	10	הן	הן יְלַמְּדוּ עברית מחר.
4412	10	362	examples/lelamed/imperative-01.mp3	lelamed	Piel	imperative	1	אתה	לַמֵּד עברית עכשיו, בבקשה.
4413	10	363	examples/lelamed/imperative-02.mp3	lelamed	Piel	imperative	2	את	לַמְּדִי עברית עכשיו, בבקשה.
4414	10	364	examples/lelamed/imperative-03.mp3	lelamed	Piel	imperative	3	אתם	לַמְּדוּ עברית עכשיו, בבקשה.
4415	10	365	examples/lelamed/imperative-04.mp3	lelamed	Piel	imperative	4	אתן	לַמְּדוּ עברית עכשיו, בבקשה.
4416	10	366	examples/lelamed/infinitive-01.mp3	lelamed	Piel	infinitive	1		אני רוצה לְלַמֵּד עברית.
4417	10	367	examples/nishma/past-01.mp3	nishma	Nifal	past	1	אני	אני נִשְׁמַעְתִּי היטב אתמול.
4418	10	368	examples/nishma/past-02.mp3	nishma	Nifal	past	2	אתה	אתה נִשְׁמַעְתָּ היטב אתמול.
4419	10	369	examples/nishma/past-03.mp3	nishma	Nifal	past	3	את	את נִשְׁמַעְתְּ היטב אתמול.
4420	10	370	examples/nishma/past-04.mp3	nishma	Nifal	past	4	הוא	הוא נִשְׁמַע היטב אתמול.
4421	10	371	examples/nishma/past-05.mp3	nishma	Nifal	past	5	היא	היא נִשְׁמְעָה היטב אתמול.
4422	10	372	examples/nishma/past-06.mp3	nishma	Nifal	past	6	אנחנו	אנחנו נִשְׁמַעְנוּ היטב אתמול.
4423	10	373	examples/nishma/past-07.mp3	nishma	Nifal	past	7	אתם	אתם נִשְׁמַעְתֶּם היטב אתמול.
4424	10	374	examples/nishma/past-08.mp3	nishma	Nifal	past	8	אתן	אתן נִשְׁמַעְתֶּן היטב אתמול.
4425	10	375	examples/nishma/past-09.mp3	nishma	Nifal	past	9	הם	הם נִשְׁמְעוּ היטב אתמול.
4426	10	376	examples/nishma/past-10.mp3	nishma	Nifal	past	10	הן	הן נִשְׁמְעוּ היטב אתמול.
4427	10	377	examples/nishma/present-01.mp3	nishma	Nifal	present	1	אני	אני נִשְׁמָע היטב עכשיו.
4428	10	378	examples/nishma/present-02.mp3	nishma	Nifal	present	2	אני	אני נִשְׁמַעַת היטב עכשיו.
4429	10	379	examples/nishma/present-03.mp3	nishma	Nifal	present	3	אתה	אתה נִשְׁמָע היטב עכשיו.
4430	10	380	examples/nishma/present-04.mp3	nishma	Nifal	present	4	את	את נִשְׁמַעַת היטב עכשיו.
4431	10	381	examples/nishma/present-05.mp3	nishma	Nifal	present	5	הוא	הוא נִשְׁמָע היטב עכשיו.
4432	10	382	examples/nishma/present-06.mp3	nishma	Nifal	present	6	היא	היא נִשְׁמַעַת היטב עכשיו.
4433	10	383	examples/nishma/present-07.mp3	nishma	Nifal	present	7	אנחנו	אנחנו נִשְׁמָעִים היטב עכשיו.
4434	10	384	examples/nishma/present-08.mp3	nishma	Nifal	present	8	אנחנו	אנחנו נִשְׁמָעוֹת היטב עכשיו.
4435	10	385	examples/nishma/present-09.mp3	nishma	Nifal	present	9	אתם	אתם נִשְׁמָעִים היטב עכשיו.
4436	10	386	examples/nishma/present-10.mp3	nishma	Nifal	present	10	אתן	אתן נִשְׁמָעוֹת היטב עכשיו.
4437	10	387	examples/nishma/present-11.mp3	nishma	Nifal	present	11	הם	הם נִשְׁמָעִים היטב עכשיו.
4438	10	388	examples/nishma/present-12.mp3	nishma	Nifal	present	12	הן	הן נִשְׁמָעוֹת היטב עכשיו.
4439	10	389	examples/nishma/future-01.mp3	nishma	Nifal	future	1	אני	אני אֶשָּׁמַע היטב מחר.
4440	10	390	examples/nishma/future-02.mp3	nishma	Nifal	future	2	אתה	אתה תִּשָּׁמַע היטב מחר.
4441	10	391	examples/nishma/future-03.mp3	nishma	Nifal	future	3	את	את תִּשָּׁמְעִי היטב מחר.
4442	10	392	examples/nishma/future-04.mp3	nishma	Nifal	future	4	הוא	הוא יִשָּׁמַע היטב מחר.
4443	10	393	examples/nishma/future-05.mp3	nishma	Nifal	future	5	היא	היא תִּשָּׁמַע היטב מחר.
4444	10	394	examples/nishma/future-06.mp3	nishma	Nifal	future	6	אנחנו	אנחנו נִשָּׁמַע היטב מחר.
4445	10	395	examples/nishma/future-07.mp3	nishma	Nifal	future	7	אתם	אתם תִּשָּׁמְעוּ היטב מחר.
4446	10	396	examples/nishma/future-08.mp3	nishma	Nifal	future	8	אתן	אתן תִּשָּׁמְעוּ היטב מחר.
4447	10	397	examples/nishma/future-09.mp3	nishma	Nifal	future	9	הם	הם יִשָּׁמְעוּ היטב מחר.
4448	10	398	examples/nishma/future-10.mp3	nishma	Nifal	future	10	הן	הן יִשָּׁמְעוּ היטב מחר.
4449	10	399	examples/nishma/imperative-01.mp3	nishma	Nifal	imperative	1	אתה	הִשָּׁמַע היטב עכשיו, בבקשה.
4450	10	400	examples/nishma/imperative-02.mp3	nishma	Nifal	imperative	2	את	הִשָּׁמְעִי היטב עכשיו, בבקשה.
4451	10	401	examples/nishma/imperative-03.mp3	nishma	Nifal	imperative	3	אתם	הִשָּׁמְעוּ היטב עכשיו, בבקשה.
4452	10	402	examples/nishma/imperative-04.mp3	nishma	Nifal	imperative	4	אתן	הִשָּׁמְעוּ היטב עכשיו, בבקשה.
4453	10	403	examples/nishma/infinitive-01.mp3	nishma	Nifal	infinitive	1		אני רוצה לְהִישָּׁמֵעַ היטב.
4454	10	404	examples/lehardim/past-01.mp3	lehardim	Hifil	past	1	אני	אני הִרְדַּמְתִּי את הילד אתמול.
4455	10	405	examples/lehardim/past-02.mp3	lehardim	Hifil	past	2	אתה	אתה הִרְדַּמְתָּ את הילד אתמול.
4456	10	406	examples/lehardim/past-03.mp3	lehardim	Hifil	past	3	את	את הִרְדַּמְתְּ את הילד אתמול.
4457	10	407	examples/lehardim/past-04.mp3	lehardim	Hifil	past	4	הוא	הוא הִרְדִּים את הילד אתמול.
4458	10	408	examples/lehardim/past-05.mp3	lehardim	Hifil	past	5	היא	היא הִרְדִּימָה את הילד אתמול.
4459	10	409	examples/lehardim/past-06.mp3	lehardim	Hifil	past	6	אנחנו	אנחנו הִרְדַּמְנוּ את הילד אתמול.
4460	10	410	examples/lehardim/past-07.mp3	lehardim	Hifil	past	7	אתם	אתם הִרְדַּמְתֶּם את הילד אתמול.
4461	10	411	examples/lehardim/past-08.mp3	lehardim	Hifil	past	8	אתן	אתן הִרְדַּמְתֶּן את הילד אתמול.
4462	10	412	examples/lehardim/past-09.mp3	lehardim	Hifil	past	9	הם	הם הִרְדִּימוּ את הילד אתמול.
4463	10	413	examples/lehardim/past-10.mp3	lehardim	Hifil	past	10	הן	הן הִרְדִּימוּ את הילד אתמול.
4464	10	414	examples/lehardim/present-01.mp3	lehardim	Hifil	present	1	אני	אני מַרְדִּים את הילד עכשיו.
4465	10	415	examples/lehardim/present-02.mp3	lehardim	Hifil	present	2	אני	אני מַרְדִּימָה את הילד עכשיו.
4466	10	416	examples/lehardim/present-03.mp3	lehardim	Hifil	present	3	אתה	אתה מַרְדִּים את הילד עכשיו.
4467	10	417	examples/lehardim/present-04.mp3	lehardim	Hifil	present	4	את	את מַרְדִּימָה את הילד עכשיו.
4468	10	418	examples/lehardim/present-05.mp3	lehardim	Hifil	present	5	הוא	הוא מַרְדִּים את הילד עכשיו.
4469	10	419	examples/lehardim/present-06.mp3	lehardim	Hifil	present	6	היא	היא מַרְדִּימָה את הילד עכשיו.
4470	10	420	examples/lehardim/present-07.mp3	lehardim	Hifil	present	7	אנחנו	אנחנו מַרְדִּימִים את הילד עכשיו.
4471	10	421	examples/lehardim/present-08.mp3	lehardim	Hifil	present	8	אנחנו	אנחנו מַרְדִּימוֹת את הילד עכשיו.
4472	10	422	examples/lehardim/present-09.mp3	lehardim	Hifil	present	9	אתם	אתם מַרְדִּימִים את הילד עכשיו.
4473	10	423	examples/lehardim/present-10.mp3	lehardim	Hifil	present	10	אתן	אתן מַרְדִּימוֹת את הילד עכשיו.
4474	10	424	examples/lehardim/present-11.mp3	lehardim	Hifil	present	11	הם	הם מַרְדִּימִים את הילד עכשיו.
4475	10	425	examples/lehardim/present-12.mp3	lehardim	Hifil	present	12	הן	הן מַרְדִּימוֹת את הילד עכשיו.
4476	10	426	examples/lehardim/future-01.mp3	lehardim	Hifil	future	1	אני	אני אַרְדִּים את הילד מחר.
4477	10	427	examples/lehardim/future-02.mp3	lehardim	Hifil	future	2	אתה	אתה תַּרְדִּים את הילד מחר.
4478	10	428	examples/lehardim/future-03.mp3	lehardim	Hifil	future	3	את	את תַּרְדִּימִי את הילד מחר.
4479	10	429	examples/lehardim/future-04.mp3	lehardim	Hifil	future	4	הוא	הוא יַרְדִּים את הילד מחר.
4480	10	430	examples/lehardim/future-05.mp3	lehardim	Hifil	future	5	היא	היא תַּרְדִּים את הילד מחר.
4481	10	431	examples/lehardim/future-06.mp3	lehardim	Hifil	future	6	אנחנו	אנחנו נַרְדִּים את הילד מחר.
4482	10	432	examples/lehardim/future-07.mp3	lehardim	Hifil	future	7	אתם	אתם תַּרְדִּימוּ את הילד מחר.
4483	10	433	examples/lehardim/future-08.mp3	lehardim	Hifil	future	8	אתן	אתן תַּרְדִּימוּ את הילד מחר.
4484	10	434	examples/lehardim/future-09.mp3	lehardim	Hifil	future	9	הם	הם יַרְדִּימוּ את הילד מחר.
4485	10	435	examples/lehardim/future-10.mp3	lehardim	Hifil	future	10	הן	הן יַרְדִּימוּ את הילד מחר.
4486	10	436	examples/lehardim/imperative-01.mp3	lehardim	Hifil	imperative	1	אתה	הַרְדֵּם את הילד עכשיו, בבקשה.
4487	10	437	examples/lehardim/imperative-02.mp3	lehardim	Hifil	imperative	2	את	הַרְדִּימִי את הילד עכשיו, בבקשה.
4488	10	438	examples/lehardim/imperative-03.mp3	lehardim	Hifil	imperative	3	אתם	הַרְדִּימוּ את הילד עכשיו, בבקשה.
4489	10	439	examples/lehardim/imperative-04.mp3	lehardim	Hifil	imperative	4	אתן	הַרְדִּימוּ את הילד עכשיו, בבקשה.
4490	10	440	examples/lehardim/infinitive-01.mp3	lehardim	Hifil	infinitive	1		אני רוצה לְהַרְדִּים את הילד.
4491	10	441	examples/leamen/past-01.mp3	leamen	Piel	past	1	אני	אני אִמַּנְתִּי את הקבוצה אתמול.
4492	10	442	examples/leamen/past-02.mp3	leamen	Piel	past	2	אתה	אתה אִמַּנְתָּ את הקבוצה אתמול.
4493	10	443	examples/leamen/past-03.mp3	leamen	Piel	past	3	את	את אִמַּנְתְּ את הקבוצה אתמול.
4494	10	444	examples/leamen/past-04.mp3	leamen	Piel	past	4	הוא	הוא אִמֵּן את הקבוצה אתמול.
4495	10	445	examples/leamen/past-05.mp3	leamen	Piel	past	5	היא	היא אִמְּנָה את הקבוצה אתמול.
4496	10	446	examples/leamen/past-06.mp3	leamen	Piel	past	6	אנחנו	אנחנו אִמַּנּוּ את הקבוצה אתמול.
4497	10	447	examples/leamen/past-07.mp3	leamen	Piel	past	7	אתם	אתם אִמַּנְתֶּם את הקבוצה אתמול.
4498	10	448	examples/leamen/past-08.mp3	leamen	Piel	past	8	אתן	אתן אִמַּנְתֶּן את הקבוצה אתמול.
4499	10	449	examples/leamen/past-09.mp3	leamen	Piel	past	9	הם	הם אִמְּנוּ את הקבוצה אתמול.
4500	10	450	examples/leamen/past-10.mp3	leamen	Piel	past	10	הן	הן אִמְּנוּ את הקבוצה אתמול.
4501	11	1	examples/leamen/present-01.mp3	leamen	Piel	present	1	אני	אני מְאַמֵּן את הקבוצה עכשיו.
4502	11	2	examples/leamen/present-02.mp3	leamen	Piel	present	2	אני	אני מְאַמֶּנֶת את הקבוצה עכשיו.
4503	11	3	examples/leamen/present-03.mp3	leamen	Piel	present	3	אתה	אתה מְאַמֵּן את הקבוצה עכשיו.
4504	11	4	examples/leamen/present-04.mp3	leamen	Piel	present	4	את	את מְאַמֶּנֶת את הקבוצה עכשיו.
4505	11	5	examples/leamen/present-05.mp3	leamen	Piel	present	5	הוא	הוא מְאַמֵּן את הקבוצה עכשיו.
4506	11	6	examples/leamen/present-06.mp3	leamen	Piel	present	6	היא	היא מְאַמֶּנֶת את הקבוצה עכשיו.
4507	11	7	examples/leamen/present-07.mp3	leamen	Piel	present	7	אנחנו	אנחנו מְאַמְּנִים את הקבוצה עכשיו.
4508	11	8	examples/leamen/present-08.mp3	leamen	Piel	present	8	אנחנו	אנחנו מְאַמְּנוֹת את הקבוצה עכשיו.
4509	11	9	examples/leamen/present-09.mp3	leamen	Piel	present	9	אתם	אתם מְאַמְּנִים את הקבוצה עכשיו.
4510	11	10	examples/leamen/present-10.mp3	leamen	Piel	present	10	אתן	אתן מְאַמְּנוֹת את הקבוצה עכשיו.
4511	11	11	examples/leamen/present-11.mp3	leamen	Piel	present	11	הם	הם מְאַמְּנִים את הקבוצה עכשיו.
4512	11	12	examples/leamen/present-12.mp3	leamen	Piel	present	12	הן	הן מְאַמְּנוֹת את הקבוצה עכשיו.
4513	11	13	examples/leamen/future-01.mp3	leamen	Piel	future	1	אני	אני אֲאַמֵּן את הקבוצה מחר.
4514	11	14	examples/leamen/future-02.mp3	leamen	Piel	future	2	אתה	אתה תְּאַמֵּן את הקבוצה מחר.
4515	11	15	examples/leamen/future-03.mp3	leamen	Piel	future	3	את	את תְּאַמְּנִי את הקבוצה מחר.
4516	11	16	examples/leamen/future-04.mp3	leamen	Piel	future	4	הוא	הוא יְאַמֵּן את הקבוצה מחר.
4517	11	17	examples/leamen/future-05.mp3	leamen	Piel	future	5	היא	היא תְּאַמֵּן את הקבוצה מחר.
4518	11	18	examples/leamen/future-06.mp3	leamen	Piel	future	6	אנחנו	אנחנו נְאַמֵּן את הקבוצה מחר.
4519	11	19	examples/leamen/future-07.mp3	leamen	Piel	future	7	אתם	אתם תְּאַמְּנוּ את הקבוצה מחר.
4520	11	20	examples/leamen/future-08.mp3	leamen	Piel	future	8	אתן	אתן תְּאַמְּנוּ את הקבוצה מחר.
4521	11	21	examples/leamen/future-09.mp3	leamen	Piel	future	9	הם	הם יְאַמְּנוּ את הקבוצה מחר.
4522	11	22	examples/leamen/future-10.mp3	leamen	Piel	future	10	הן	הן יְאַמְּנוּ את הקבוצה מחר.
4523	11	23	examples/leamen/imperative-01.mp3	leamen	Piel	imperative	1	אתה	אַמֵּן את הקבוצה עכשיו, בבקשה.
4524	11	24	examples/leamen/imperative-02.mp3	leamen	Piel	imperative	2	את	אַמְּנִי את הקבוצה עכשיו, בבקשה.
4525	11	25	examples/leamen/imperative-03.mp3	leamen	Piel	imperative	3	אתם	אַמְּנוּ את הקבוצה עכשיו, בבקשה.
4526	11	26	examples/leamen/imperative-04.mp3	leamen	Piel	imperative	4	אתן	אַמְּנוּ את הקבוצה עכשיו, בבקשה.
4527	11	27	examples/leamen/infinitive-01.mp3	leamen	Piel	infinitive	1		אני רוצה לְאַמֵּן את הקבוצה.
4528	11	28	examples/lehishaer/past-01.mp3	lehishaer	Nifal	past	1	אני	אני נִשְׁאַרְתִּי בבית אתמול.
4529	11	29	examples/lehishaer/past-02.mp3	lehishaer	Nifal	past	2	אתה	אתה נִשְׁאַרְתָּ בבית אתמול.
4530	11	30	examples/lehishaer/past-03.mp3	lehishaer	Nifal	past	3	את	את נִשְׁאַרְתְּ בבית אתמול.
4531	11	31	examples/lehishaer/past-04.mp3	lehishaer	Nifal	past	4	הוא	הוא נִשְׁאַר בבית אתמול.
4532	11	32	examples/lehishaer/past-05.mp3	lehishaer	Nifal	past	5	היא	היא נִשְׁאֲרָה בבית אתמול.
4533	11	33	examples/lehishaer/past-06.mp3	lehishaer	Nifal	past	6	אנחנו	אנחנו נִשְׁאַרְנוּ בבית אתמול.
4534	11	34	examples/lehishaer/past-07.mp3	lehishaer	Nifal	past	7	אתם	אתם נִשְׁאַרְתֶּם בבית אתמול.
4535	11	35	examples/lehishaer/past-08.mp3	lehishaer	Nifal	past	8	אתן	אתן נִשְׁאַרְתֶּן בבית אתמול.
4536	11	36	examples/lehishaer/past-09.mp3	lehishaer	Nifal	past	9	הם	הם נִשְׁאֲרוּ בבית אתמול.
4537	11	37	examples/lehishaer/past-10.mp3	lehishaer	Nifal	past	10	הן	הן נִשְׁאֲרוּ בבית אתמול.
4538	11	38	examples/lehishaer/present-01.mp3	lehishaer	Nifal	present	1	אני	אני נִשְׁאָר בבית עכשיו.
4539	11	39	examples/lehishaer/present-02.mp3	lehishaer	Nifal	present	2	אני	אני נִשְׁאֶרֶת בבית עכשיו.
4540	11	40	examples/lehishaer/present-03.mp3	lehishaer	Nifal	present	3	אתה	אתה נִשְׁאָר בבית עכשיו.
4541	11	41	examples/lehishaer/present-04.mp3	lehishaer	Nifal	present	4	את	את נִשְׁאֶרֶת בבית עכשיו.
4542	11	42	examples/lehishaer/present-05.mp3	lehishaer	Nifal	present	5	הוא	הוא נִשְׁאָר בבית עכשיו.
4543	11	43	examples/lehishaer/present-06.mp3	lehishaer	Nifal	present	6	היא	היא נִשְׁאֶרֶת בבית עכשיו.
4544	11	44	examples/lehishaer/present-07.mp3	lehishaer	Nifal	present	7	אנחנו	אנחנו נִשְׁאָרִים בבית עכשיו.
4545	11	45	examples/lehishaer/present-08.mp3	lehishaer	Nifal	present	8	אנחנו	אנחנו נִשְׁאָרוֹת בבית עכשיו.
4546	11	46	examples/lehishaer/present-09.mp3	lehishaer	Nifal	present	9	אתם	אתם נִשְׁאָרִים בבית עכשיו.
4547	11	47	examples/lehishaer/present-10.mp3	lehishaer	Nifal	present	10	אתן	אתן נִשְׁאָרוֹת בבית עכשיו.
4548	11	48	examples/lehishaer/present-11.mp3	lehishaer	Nifal	present	11	הם	הם נִשְׁאָרִים בבית עכשיו.
4549	11	49	examples/lehishaer/present-12.mp3	lehishaer	Nifal	present	12	הן	הן נִשְׁאָרוֹת בבית עכשיו.
4550	11	50	examples/lehishaer/future-01.mp3	lehishaer	Nifal	future	1	אני	אני אֶשָּׁאֵר בבית מחר.
4551	11	51	examples/lehishaer/future-02.mp3	lehishaer	Nifal	future	2	אתה	אתה תִּשָּׁאֵר בבית מחר.
4552	11	52	examples/lehishaer/future-03.mp3	lehishaer	Nifal	future	3	את	את תִּשָּׁאֲרִי בבית מחר.
4553	11	53	examples/lehishaer/future-04.mp3	lehishaer	Nifal	future	4	הוא	הוא יִשָּׁאֵר בבית מחר.
4554	11	54	examples/lehishaer/future-05.mp3	lehishaer	Nifal	future	5	היא	היא תִּשָּׁאֵר בבית מחר.
4555	11	55	examples/lehishaer/future-06.mp3	lehishaer	Nifal	future	6	אנחנו	אנחנו נִשָּׁאֵר בבית מחר.
4556	11	56	examples/lehishaer/future-07.mp3	lehishaer	Nifal	future	7	אתם	אתם תִּשָּׁאֲרוּ בבית מחר.
4557	11	57	examples/lehishaer/future-08.mp3	lehishaer	Nifal	future	8	אתן	אתן תִּשָּׁאֲרוּ בבית מחר.
4558	11	58	examples/lehishaer/future-09.mp3	lehishaer	Nifal	future	9	הם	הם יִשָּׁאֲרוּ בבית מחר.
4559	11	59	examples/lehishaer/future-10.mp3	lehishaer	Nifal	future	10	הן	הן יִשָּׁאֲרוּ בבית מחר.
4560	11	60	examples/lehishaer/imperative-01.mp3	lehishaer	Nifal	imperative	1	אתה	הִשָּׁאֵר בבית עכשיו, בבקשה.
4561	11	61	examples/lehishaer/imperative-02.mp3	lehishaer	Nifal	imperative	2	את	הִשָּׁאֲרִי בבית עכשיו, בבקשה.
4562	11	62	examples/lehishaer/imperative-03.mp3	lehishaer	Nifal	imperative	3	אתם	הִשָּׁאֲרוּ בבית עכשיו, בבקשה.
4563	11	63	examples/lehishaer/imperative-04.mp3	lehishaer	Nifal	imperative	4	אתן	הִשָּׁאֲרוּ בבית עכשיו, בבקשה.
4564	11	64	examples/lehishaer/infinitive-01.mp3	lehishaer	Nifal	infinitive	1		אני רוצה לְהִישָּׁאֵר בבית.
